,real_time,giWecRunContion,grCurrentVibrationY_PCH,grCurrentVibrationZ_PCH,grGenPowerForProcess,grGenSpeedForProcess,grWindSpeed
0,2017-11-15 09:09:04,2,0.0,-0.01,0.0,1079.7,3.57
1,2017-11-15 09:09:05,2,0.0,-0.03,0.0,1080.9,3.82
2,2017-11-15 09:09:06,2,0.0,0.01,0.0,1082.0,3.74
3,2017-11-15 09:09:07,2,0.0,0.0,0.0,1085.0,3.96
4,2017-11-15 09:09:08,2,0.0,-0.02,0.0,1086.6,3.87
5,2017-11-15 09:09:09,2,0.0,0.02,0.0,1087.6,3.81
6,2017-11-15 09:09:10,2,0.0,-0.02,0.0,1088.3,3.76
7,2017-11-15 09:09:11,2,0.0,0.02,0.0,1090.0,3.72
8,2017-11-15 09:09:12,2,0.0,0.01,0.0,1091.7,3.78
9,2017-11-15 09:09:13,2,0.0,-0.03,0.0,1093.3,3.78
10,2017-11-15 09:09:14,2,0.0,0.02,0.0,1094.5,3.81
11,2017-11-15 09:09:15,2,0.0,-0.03,0.0,1096.0,3.82
12,2017-11-15 09:09:16,2,0.0,0.02,0.0,1096.8,3.81
13,2017-11-15 09:09:17,2,0.0,0.0,0.0,1097.8,3.93
14,2017-11-15 09:09:18,2,0.0,0.0,0.0,1099.2,3.86
15,2017-11-15 09:09:19,2,0.0,-0.02,0.0,1101.1,3.82
16,2017-11-15 09:09:20,2,0.0,-0.01,0.0,1102.6,3.79
17,2017-11-15 09:09:21,2,0.0,-0.01,0.0,1103.1,3.83
18,2017-11-15 09:09:22,2,0.0,0.02,0.0,1103.4,3.94
19,2017-11-15 09:09:23,2,0.0,-0.01,0.0,1105.1,3.98
20,2017-11-15 09:09:24,2,0.0,-0.01,0.0,1106.8,3.98
21,2017-11-15 09:09:25,2,0.0,-0.01,0.0,1107.6,4.04
22,2017-11-15 09:09:26,2,0.0,-0.05,0.0,1108.6,4.02
23,2017-11-15 09:09:27,2,0.0,-0.02,0.0,1108.8,4.12
24,2017-11-15 09:09:28,2,0.0,-0.05,0.0,1110.1,3.97
25,2017-11-15 09:09:29,2,0.0,-0.02,0.0,1110.8,4.01
26,2017-11-15 09:09:30,2,0.0,0.0,0.0,1112.7,3.87
27,2017-11-15 09:09:31,2,0.0,0.0,0.0,1113.7,3.81
28,2017-11-15 09:09:32,2,0.0,0.01,0.0,1114.4,3.7
29,2017-11-15 09:09:33,2,0.0,0.02,0.0,1115.6,3.7
30,2017-11-15 09:09:34,2,0.0,-0.01,0.0,1116.1,3.53
31,2017-11-15 09:09:35,2,0.0,-0.02,0.0,1116.8,3.48
32,2017-11-15 09:09:36,2,0.0,0.01,0.0,1119.0,3.53
33,2017-11-15 09:09:37,2,0.0,-0.02,0.0,1120.3,3.53
34,2017-11-15 09:09:38,2,0.0,-0.02,0.0,1120.0,3.53
35,2017-11-15 09:09:39,2,0.0,-0.03,0.0,1120.7,3.52
36,2017-11-15 09:09:41,2,0.0,-0.03,0.0,1123.2,3.68
37,2017-11-15 09:09:42,2,0.0,0.0,0.0,1123.8,3.72
38,2017-11-15 09:09:43,2,0.0,0.02,0.0,1124.7,3.56
39,2017-11-15 09:09:44,2,0.0,-0.02,0.0,1125.5,3.38
40,2017-11-15 09:09:45,2,0.0,0.01,0.0,1125.1,3.65
41,2017-11-15 09:09:46,2,0.0,-0.11,0.0,1126.2,3.64
42,2017-11-15 09:09:47,2,0.0,-0.02,0.0,1127.6,3.53
43,2017-11-15 09:09:48,2,0.0,-0.05,0.0,1128.5,3.61
44,2017-11-15 09:09:49,2,0.0,-0.01,0.0,1129.2,3.68
45,2017-11-15 09:09:50,2,0.0,0.0,0.0,1129.2,3.76
46,2017-11-15 09:09:51,2,0.0,0.01,0.0,1130.1,3.76
47,2017-11-15 09:09:52,2,0.0,-0.03,0.0,1131.9,4.01
48,2017-11-15 09:09:53,2,0.0,0.0,0.0,1132.3,3.89
49,2017-11-15 09:09:54,2,0.0,0.01,0.0,1133.1,3.72
50,2017-11-15 09:09:55,2,0.0,-0.02,0.0,1133.3,3.45
51,2017-11-15 09:09:56,2,0.0,-0.03,0.0,1134.3,3.23
52,2017-11-15 09:09:57,2,0.0,0.02,0.0,1134.4,3.31
53,2017-11-15 09:09:58,2,0.0,-0.05,0.0,1135.8,3.2
54,2017-11-15 09:09:59,2,0.0,-0.02,0.0,1137.8,3.24
55,2017-11-15 09:10:00,2,0.0,-0.05,0.0,1137.4,3.45
56,2017-11-15 09:10:01,2,0.0,0.0,0.0,1137.3,3.34
57,2017-11-15 09:10:02,2,0.0,0.0,0.0,1137.8,3.48
58,2017-11-15 09:10:03,2,0.0,0.0,0.0,1140.1,3.87
59,2017-11-15 09:10:04,2,0.0,0.02,0.0,1140.1,3.85
60,2017-11-15 09:10:05,2,0.0,-0.03,0.0,1141.1,3.65
61,2017-11-15 09:10:06,2,0.0,0.0,0.0,1140.9,3.53
62,2017-11-15 09:10:07,2,0.0,0.02,0.0,1141.5,3.49
63,2017-11-15 09:10:08,2,0.0,0.01,0.0,1142.1,3.56
64,2017-11-15 09:10:09,2,0.0,-0.05,0.0,1143.4,3.53
65,2017-11-15 09:10:10,2,0.0,0.02,0.0,1144.0,3.63
66,2017-11-15 09:10:11,2,0.0,-0.07,0.0,1145.2,3.74
67,2017-11-15 09:10:12,2,0.0,-0.02,0.0,1144.6,3.81
68,2017-11-15 09:10:13,2,0.0,0.02,0.0,1145.2,3.81
69,2017-11-15 09:10:14,2,0.0,0.02,0.0,1146.2,3.96
70,2017-11-15 09:10:15,2,0.0,0.0,0.0,1147.1,4.07
71,2017-11-15 09:10:16,2,0.0,-0.06,0.0,1147.9,3.72
72,2017-11-15 09:10:17,2,0.0,0.03,0.0,1147.5,3.76
73,2017-11-15 09:10:18,2,0.0,-0.02,0.0,1148.2,3.57
74,2017-11-15 09:10:19,2,0.0,-0.01,0.0,1148.1,3.61
75,2017-11-15 09:10:20,2,0.0,0.0,0.0,1149.7,3.5
76,2017-11-15 09:10:21,2,0.0,0.01,0.0,1150.5,3.46
77,2017-11-15 09:10:22,2,0.0,-0.03,0.0,1150.5,3.45
78,2017-11-15 09:10:23,2,0.0,0.06,0.0,1149.5,3.52
79,2017-11-15 09:10:24,2,0.0,-0.01,0.0,1149.8,3.71
80,2017-11-15 09:10:26,2,0.0,0.05,0.0,1151.2,3.94
81,2017-11-15 09:10:27,2,0.0,-0.05,0.0,1151.1,3.93
82,2017-11-15 09:10:28,2,0.0,0.05,0.0,1150.3,3.7
83,2017-11-15 09:10:29,2,0.0,-0.01,0.0,1150.6,3.74
84,2017-11-15 09:10:30,2,0.0,-0.03,0.0,1150.6,3.76
85,2017-11-15 09:10:31,2,0.0,-0.02,0.0,1151.6,3.52
86,2017-11-15 09:10:32,2,0.0,-0.02,0.0,1151.4,3.52
87,2017-11-15 09:10:33,2,0.0,-0.05,0.0,1151.0,3.56
88,2017-11-15 09:10:34,2,0.0,0.06,0.0,1150.5,3.56
89,2017-11-15 09:10:35,2,0.0,0.01,0.0,1150.1,3.52
90,2017-11-15 09:10:36,2,0.0,-0.01,0.0,1150.7,3.6
91,2017-11-15 09:10:37,2,0.0,0.02,0.0,1151.1,3.57
92,2017-11-15 09:10:38,2,0.0,-0.09,0.0,1151.0,3.53
93,2017-11-15 09:10:39,2,0.0,-0.05,0.0,1149.6,3.46
94,2017-11-15 09:10:40,2,0.0,0.01,0.0,1149.3,3.39
95,2017-11-15 09:10:41,2,0.0,-0.06,0.0,1149.1,3.45
96,2017-11-15 09:10:42,2,0.0,0.02,0.0,1150.2,3.46
97,2017-11-15 09:10:43,2,0.0,-0.01,0.0,1149.7,3.34
98,2017-11-15 09:10:44,2,0.0,0.01,0.0,1148.9,3.17
99,2017-11-15 09:10:45,2,0.0,-0.03,0.0,1149.1,3.15
100,2017-11-15 09:10:46,2,0.0,-0.01,0.0,1148.4,3.15
101,2017-11-15 09:10:47,2,0.0,-0.01,0.0,1148.6,3.12
102,2017-11-15 09:10:48,2,0.0,-0.02,0.0,1149.0,3.08
103,2017-11-15 09:10:49,2,0.0,0.0,0.0,1148.9,3.05
104,2017-11-15 09:10:50,2,0.0,-0.02,0.0,1148.5,3.13
105,2017-11-15 09:10:51,2,0.0,-0.01,0.0,1147.9,3.08
106,2017-11-15 09:10:52,2,0.0,-0.06,0.0,1148.3,3.6
107,2017-11-15 09:10:53,2,0.0,-0.02,0.0,1148.7,3.54
108,2017-11-15 09:10:54,2,0.0,-0.05,0.0,1148.7,3.54
109,2017-11-15 09:10:55,2,0.0,-0.01,0.0,1148.1,3.32
110,2017-11-15 09:10:56,2,0.0,0.01,0.0,1147.8,3.34
111,2017-11-15 09:10:57,2,0.0,0.0,0.0,1147.7,3.38
112,2017-11-15 09:10:58,2,0.0,-0.01,0.0,1148.0,3.53
113,2017-11-15 09:10:59,2,0.0,0.0,0.0,1148.0,3.71
114,2017-11-15 09:11:00,2,0.0,-0.05,0.0,1148.3,3.79
115,2017-11-15 09:11:01,2,0.0,0.02,0.0,1147.7,3.65
116,2017-11-15 09:11:02,2,0.0,-0.02,0.0,1146.6,3.6
117,2017-11-15 09:11:03,2,0.0,0.0,0.0,1147.1,3.5
118,2017-11-15 09:11:04,2,0.0,-0.05,0.0,1148.3,3.54
119,2017-11-15 09:11:05,2,0.0,0.03,0.0,1147.9,3.48
120,2017-11-15 09:11:06,2,0.0,-0.03,0.0,1147.5,3.45
121,2017-11-15 09:11:08,2,0.0,-0.05,0.0,1146.8,3.41
122,2017-11-15 09:11:09,2,0.0,-0.05,0.0,1147.2,3.46
123,2017-11-15 09:11:10,2,0.0,-0.01,0.0,1148.1,3.39
124,2017-11-15 09:11:11,2,0.0,-0.03,0.0,1148.2,3.52
125,2017-11-15 09:11:12,2,0.0,0.03,0.0,1147.7,3.57
126,2017-11-15 09:11:13,2,0.0,0.01,0.0,1147.7,3.48
127,2017-11-15 09:11:14,2,0.0,0.01,0.0,1148.8,3.54
128,2017-11-15 09:11:15,2,0.0,0.01,0.0,1149.8,3.7
129,2017-11-15 09:11:16,2,0.0,-0.06,0.0,1150.1,3.54
130,2017-11-15 09:11:17,2,0.0,0.01,0.0,1150.3,3.23
131,2017-11-15 09:11:18,2,0.0,-0.05,0.0,1150.3,3.04
132,2017-11-15 09:11:19,2,0.0,-0.02,0.0,1150.4,2.9
133,2017-11-15 09:11:20,2,0.0,-0.01,0.0,1151.1,2.84
134,2017-11-15 09:11:21,2,0.0,0.03,0.0,1152.5,3.24
135,2017-11-15 09:11:22,2,0.0,0.02,0.0,1153.0,3.39
136,2017-11-15 09:11:23,2,0.0,-0.03,0.0,1152.7,3.37
137,2017-11-15 09:11:24,2,0.0,-0.03,0.0,1152.8,3.52
138,2017-11-15 09:11:25,2,0.0,-0.02,0.0,1153.6,3.65
139,2017-11-15 09:11:26,2,0.0,0.03,0.0,1154.1,3.83
140,2017-11-15 09:11:27,2,0.0,-0.05,0.0,1154.7,3.93
141,2017-11-15 09:11:28,2,0.0,0.0,0.0,1154.3,3.82
142,2017-11-15 09:11:29,2,0.0,0.01,0.0,1154.5,3.72
143,2017-11-15 09:11:30,2,0.0,0.03,0.0,1152.6,3.7
144,2017-11-15 09:11:31,2,0.0,0.0,0.0,1154.2,3.63
145,2017-11-15 09:11:32,2,0.0,0.05,0.0,1155.1,3.39
146,2017-11-15 09:11:33,2,0.0,0.0,0.0,1155.1,3.34
147,2017-11-15 09:11:34,2,0.0,0.05,0.0,1155.2,3.46
148,2017-11-15 09:11:35,2,0.0,-0.01,0.0,1154.5,3.53
149,2017-11-15 09:11:36,2,0.0,0.05,0.0,1155.3,3.81
150,2017-11-15 09:11:37,2,0.0,-0.03,0.0,1156.9,3.72
151,2017-11-15 09:11:38,2,0.0,0.03,0.0,1157.0,3.68
152,2017-11-15 09:11:39,2,0.0,-0.05,0.0,1157.4,3.65
153,2017-11-15 09:11:40,2,0.0,0.03,0.0,1157.5,3.49
154,2017-11-15 09:11:41,2,0.0,0.01,0.0,1157.5,3.63
155,2017-11-15 09:11:42,2,0.0,0.0,0.0,1157.6,3.63
156,2017-11-15 09:11:43,2,0.0,-0.03,0.0,1158.2,3.48
157,2017-11-15 09:11:44,2,0.0,0.02,0.0,1157.9,3.63
158,2017-11-15 09:11:45,2,0.0,0.05,0.0,1157.1,3.32
159,2017-11-15 09:11:46,2,0.0,0.03,0.0,1157.0,3.38
160,2017-11-15 09:11:47,2,0.0,-0.06,0.0,1157.4,3.38
161,2017-11-15 09:11:48,2,0.0,-0.02,0.0,1157.7,3.37
162,2017-11-15 09:11:49,2,0.0,0.02,0.0,1157.1,3.1
163,2017-11-15 09:11:50,2,0.0,-0.03,0.0,1156.4,3.04
164,2017-11-15 09:11:51,2,0.0,-0.05,0.0,1155.8,2.89
165,2017-11-15 09:11:52,2,0.0,0.02,0.0,1156.1,2.84
166,2017-11-15 09:11:53,2,0.0,0.02,0.0,1156.1,2.55
167,2017-11-15 09:11:54,2,0.0,-0.02,0.0,1156.2,2.58
168,2017-11-15 09:11:55,2,0.0,0.0,0.0,1155.8,2.44
169,2017-11-15 09:11:56,2,0.0,-0.06,0.0,1155.3,2.24
170,2017-11-15 09:11:57,2,0.0,0.02,0.0,1154.2,2.0
171,2017-11-15 09:11:58,2,0.0,-0.05,0.0,1154.1,2.0
172,2017-11-15 09:11:59,2,0.0,0.05,0.0,1155.0,1.92
173,2017-11-15 09:12:00,2,0.0,-0.02,0.0,1154.3,1.96
174,2017-11-15 09:12:01,2,0.0,-0.03,0.0,1154.1,1.95
175,2017-11-15 09:12:02,2,0.0,-0.05,0.0,1153.2,2.02
176,2017-11-15 09:12:03,2,0.0,0.01,0.0,1153.1,1.92
177,2017-11-15 09:12:04,2,0.0,-0.03,0.0,1153.1,1.95
178,2017-11-15 09:12:05,2,0.0,0.02,0.0,1153.2,2.02
179,2017-11-15 09:12:06,2,0.0,-0.01,0.0,1152.8,1.83
180,2017-11-15 09:12:07,2,0.0,-0.07,0.0,1151.8,1.8
181,2017-11-15 09:12:08,2,0.0,-0.02,0.0,1151.8,1.84
182,2017-11-15 09:12:09,2,0.0,-0.05,0.0,1151.0,1.8
183,2017-11-15 09:12:10,2,0.0,-0.07,0.0,1152.2,1.84
184,2017-11-15 09:12:11,2,0.0,-0.01,0.0,1152.0,1.78
185,2017-11-15 09:12:12,2,0.0,-0.01,0.0,1151.3,1.78
186,2017-11-15 09:12:13,2,0.0,0.02,0.0,1150.8,1.85
187,2017-11-15 09:12:14,2,0.0,-0.05,0.0,1152.1,2.11
188,2017-11-15 09:12:15,2,0.0,-0.02,0.0,1152.2,2.25
189,2017-11-15 09:12:16,2,0.0,0.01,0.0,1151.3,2.29
190,2017-11-15 09:12:17,2,0.0,-0.06,0.0,1152.0,2.09
191,2017-11-15 09:12:18,2,0.0,0.02,0.0,1149.9,2.05
192,2017-11-15 09:12:19,2,0.0,-0.06,0.0,1149.9,2.17
193,2017-11-15 09:12:20,2,0.0,-0.03,0.0,1149.5,2.14
194,2017-11-15 09:12:21,2,0.0,0.01,0.0,1150.1,2.29
195,2017-11-15 09:12:22,2,0.0,0.0,0.0,1149.7,2.5
196,2017-11-15 09:12:23,2,0.0,-0.02,0.0,1148.5,2.87
197,2017-11-15 09:12:24,2,0.0,-0.03,0.0,1148.5,2.75
198,2017-11-15 09:12:25,2,0.0,-0.01,0.0,1148.9,2.57
199,2017-11-15 09:12:26,2,0.0,-0.02,0.0,1148.8,2.66
200,2017-11-15 09:12:27,2,0.0,-0.03,0.0,1149.4,2.51
201,2017-11-15 09:12:28,2,0.0,-0.05,0.0,1149.8,2.65
202,2017-11-15 09:12:29,2,0.0,-0.01,0.0,1148.1,2.62
203,2017-11-15 09:12:30,2,0.0,0.01,0.0,1148.4,2.69
204,2017-11-15 09:12:31,2,0.0,-0.03,0.0,1148.8,2.55
205,2017-11-15 09:12:32,2,0.0,0.05,0.0,1150.0,2.75
206,2017-11-15 09:12:33,2,0.0,-0.08,0.0,1150.0,2.73
207,2017-11-15 09:12:35,2,0.0,0.01,0.0,1149.6,2.49
208,2017-11-15 09:12:36,2,0.0,-0.03,0.0,1149.5,2.42
209,2017-11-15 09:12:37,2,0.0,0.01,0.0,1150.1,2.4
210,2017-11-15 09:12:38,2,0.0,0.02,0.0,1150.3,2.58
211,2017-11-15 09:12:39,2,0.0,0.0,0.0,1150.5,2.54
212,2017-11-15 09:12:40,2,0.0,0.02,0.0,1149.7,2.32
213,2017-11-15 09:12:41,2,0.0,0.0,0.0,1150.0,2.49
214,2017-11-15 09:12:42,2,0.0,0.02,0.0,1149.3,2.61
215,2017-11-15 09:12:43,2,0.0,-0.03,0.0,1151.1,2.4
216,2017-11-15 09:12:44,2,0.0,-0.01,0.0,1151.0,2.44
217,2017-11-15 09:12:45,2,0.0,-0.01,0.0,1150.5,2.5
218,2017-11-15 09:12:46,2,0.0,0.0,0.0,1150.0,2.49
219,2017-11-15 09:12:47,2,0.0,0.0,0.0,1150.3,2.61
220,2017-11-15 09:12:48,2,0.0,-0.03,0.0,1151.4,2.64
221,2017-11-15 09:12:49,2,0.0,0.0,0.0,1150.7,2.58
222,2017-11-15 09:12:50,2,0.0,0.01,0.0,1151.3,2.55
223,2017-11-15 09:12:51,2,0.0,-0.07,0.0,1149.9,2.35
224,2017-11-15 09:12:52,2,0.0,0.05,0.0,1149.6,2.38
225,2017-11-15 09:12:53,2,0.0,-0.02,0.0,1149.8,2.53
226,2017-11-15 09:12:54,2,0.0,0.01,0.0,1151.1,2.72
227,2017-11-15 09:12:55,2,0.0,0.05,0.0,1150.5,2.83
228,2017-11-15 09:12:56,2,0.0,-0.05,0.0,1149.0,2.84
229,2017-11-15 09:12:57,2,0.0,0.02,0.0,1148.9,2.82
230,2017-11-15 09:12:58,2,0.0,0.02,0.0,1148.7,2.79
231,2017-11-15 09:12:59,2,0.0,-0.05,0.0,1149.1,2.51
232,2017-11-15 09:13:00,2,0.0,-0.05,0.0,1148.5,2.53
233,2017-11-15 09:13:01,2,0.0,0.03,0.0,1149.1,2.54
234,2017-11-15 09:13:02,2,0.0,-0.08,0.0,1148.0,2.61
235,2017-11-15 09:13:03,2,0.0,0.0,0.0,1147.6,2.9
236,2017-11-15 09:13:04,2,0.0,0.01,0.0,1148.4,2.87
237,2017-11-15 09:13:05,2,0.0,-0.03,0.0,1148.7,2.75
238,2017-11-15 09:13:06,2,0.0,0.05,0.0,1148.6,2.65
239,2017-11-15 09:13:07,2,0.0,0.01,0.0,1148.2,2.5
240,2017-11-15 09:13:08,2,0.0,0.03,0.0,1148.3,2.53
241,2017-11-15 09:13:09,2,0.0,0.0,0.0,1148.5,2.68
242,2017-11-15 09:13:10,2,0.0,0.0,0.0,1148.8,2.69
243,2017-11-15 09:13:11,2,0.0,-0.03,0.0,1149.0,2.57
244,2017-11-15 09:13:12,2,0.0,0.01,0.0,1150.1,2.4
245,2017-11-15 09:13:13,2,0.0,-0.06,0.0,1148.8,2.33
246,2017-11-15 09:13:15,2,0.0,0.02,0.0,1150.1,2.28
247,2017-11-15 09:13:16,2,0.0,-0.01,0.0,1150.6,2.18
248,2017-11-15 09:13:17,2,0.0,0.09,0.0,1150.7,2.06
249,2017-11-15 09:13:18,2,0.0,-0.05,0.0,1150.1,1.98
250,2017-11-15 09:13:19,2,0.0,-0.01,0.0,1150.2,2.39
251,2017-11-15 09:13:20,2,0.0,0.01,0.0,1150.3,2.42
252,2017-11-15 09:13:21,2,0.0,0.0,0.0,1150.6,2.53
253,2017-11-15 09:13:22,2,0.0,-0.03,0.0,1150.5,2.66
254,2017-11-15 09:13:23,2,0.0,-0.07,0.0,1151.0,2.42
255,2017-11-15 09:13:24,2,0.0,0.0,0.0,1149.7,2.39
256,2017-11-15 09:13:25,2,0.0,-0.01,0.0,1149.7,2.39
257,2017-11-15 09:13:26,2,0.0,-0.03,0.0,1149.6,2.33
258,2017-11-15 09:13:27,2,0.0,-0.01,0.0,1150.6,2.17
259,2017-11-15 09:13:28,2,0.0,-0.01,0.0,1150.4,2.25
260,2017-11-15 09:13:29,2,0.0,-0.01,0.0,1149.1,2.18
261,2017-11-15 09:13:30,2,0.0,0.02,0.0,1149.2,2.09
262,2017-11-15 09:13:31,2,0.0,-0.07,0.0,1149.6,2.14
263,2017-11-15 09:13:32,2,0.0,0.0,0.0,1149.8,2.36
264,2017-11-15 09:13:33,2,0.0,0.0,0.0,1149.6,2.5
265,2017-11-15 09:13:34,2,0.0,0.01,0.0,1150.0,2.4
266,2017-11-15 09:13:35,2,0.0,0.0,0.0,1148.9,2.39
267,2017-11-15 09:13:36,2,0.0,-0.03,0.0,1148.8,2.38
268,2017-11-15 09:13:37,2,0.0,-0.02,0.0,1149.5,2.5
269,2017-11-15 09:13:38,2,0.0,-0.02,0.0,1150.4,2.51
270,2017-11-15 09:13:39,2,0.0,-0.01,0.0,1150.1,2.58
271,2017-11-15 09:13:40,2,0.0,0.02,0.0,1149.1,2.5
272,2017-11-15 09:13:41,2,0.0,-0.03,0.0,1150.1,2.42
273,2017-11-15 09:13:42,2,0.0,0.01,0.0,1149.9,2.42
274,2017-11-15 09:13:43,2,0.0,-0.05,0.0,1150.9,2.35
275,2017-11-15 09:13:44,2,0.0,0.01,0.0,1150.8,2.18
276,2017-11-15 09:13:45,2,0.0,0.01,0.0,1150.3,2.13
277,2017-11-15 09:13:46,2,0.0,-0.02,0.0,1149.7,2.28
278,2017-11-15 09:13:47,2,0.0,-0.07,0.0,1149.6,2.2
279,2017-11-15 09:13:48,2,0.0,0.03,0.0,1150.0,2.13
280,2017-11-15 09:13:49,2,0.0,-0.03,-12.8,1150.2,2.09
281,2017-11-15 09:13:50,2,0.0,-0.01,-4.0,1149.1,2.05
282,2017-11-15 09:13:51,2,0.0,0.0,-1.9,1148.9,1.91
283,2017-11-15 09:13:52,2,0.0,0.05,-1.7,1148.9,1.92
284,2017-11-15 09:13:53,2,0.0,-0.01,-5.8,1147.6,2.13
285,2017-11-15 09:13:54,3,0.0,0.01,7.0,1148.4,2.06
286,2017-11-15 09:13:55,3,0.0,-0.02,54.2,1142.6,2.0
287,2017-11-15 09:13:56,3,0.0,0.03,66.7,1139.0,2.03
288,2017-11-15 09:13:57,3,0.0,-0.03,88.6,1133.1,2.07
289,2017-11-15 09:13:58,3,0.0,0.01,105.9,1126.8,2.09
290,2017-11-15 09:13:59,3,0.0,-0.06,140.5,1113.0,2.25
291,2017-11-15 09:14:00,3,0.0,-0.05,155.0,1102.8,2.32
292,2017-11-15 09:14:01,3,0.0,0.02,166.9,1091.7,2.44
293,2017-11-15 09:14:02,3,0.0,-0.03,183.7,1078.9,2.62
294,2017-11-15 09:14:03,3,0.0,-0.05,176.6,1065.5,2.91
295,2017-11-15 09:14:04,3,0.0,-0.02,140.2,1041.8,3.13
296,2017-11-15 09:14:05,3,0.0,-0.02,124.4,1032.5,3.17
297,2017-11-15 09:14:06,3,0.0,0.02,108.9,1025.1,3.21
298,2017-11-15 09:14:07,3,0.0,-0.02,95.3,1018.5,3.02
299,2017-11-15 09:14:08,3,0.0,0.05,73.2,1006.9,3.48
300,2017-11-15 09:14:09,3,0.0,0.0,64.0,1003.3,3.64
301,2017-11-15 09:14:10,3,0.0,0.0,55.5,1000.9,3.3
302,2017-11-15 09:14:11,3,0.0,-0.01,52.8,998.2,3.3
303,2017-11-15 09:14:12,3,0.0,-0.01,42.6,995.9,3.15
304,2017-11-15 09:14:13,3,0.0,-0.03,37.6,994.9,3.04
305,2017-11-15 09:14:14,3,0.0,0.02,35.8,994.4,3.05
306,2017-11-15 09:14:15,3,0.0,-0.02,31.9,993.3,3.13
307,2017-11-15 09:14:16,3,0.0,0.0,29.5,992.9,2.98
308,2017-11-15 09:14:17,3,0.0,0.01,28.5,993.3,2.83
309,2017-11-15 09:14:18,3,0.0,0.0,29.1,994.5,2.82
310,2017-11-15 09:14:19,3,0.0,-0.01,31.6,994.1,2.73
311,2017-11-15 09:14:20,3,0.0,-0.01,29.7,994.5,2.77
312,2017-11-15 09:14:21,3,0.0,-0.01,25.8,993.8,2.84
313,2017-11-15 09:14:22,3,0.0,0.0,25.0,994.4,2.62
314,2017-11-15 09:14:23,3,0.0,-0.02,26.5,994.8,2.55
315,2017-11-15 09:14:24,3,0.0,0.0,25.6,995.0,2.49
316,2017-11-15 09:14:25,3,0.0,0.0,27.3,996.4,2.68
317,2017-11-15 09:14:26,3,0.0,-0.05,27.5,996.4,2.73
318,2017-11-15 09:14:27,3,0.0,0.0,30.6,996.4,2.79
319,2017-11-15 09:14:28,3,0.0,0.0,29.2,996.4,2.68
320,2017-11-15 09:14:29,3,0.0,-0.02,25.8,996.6,2.8
321,2017-11-15 09:14:30,3,0.0,-0.01,28.0,997.2,2.68
322,2017-11-15 09:14:31,3,0.0,-0.07,26.8,998.2,2.66
323,2017-11-15 09:14:32,3,0.0,-0.01,27.4,998.3,2.66
324,2017-11-15 09:14:33,3,0.0,-0.02,29.1,998.6,2.61
325,2017-11-15 09:14:34,3,0.0,-0.01,29.4,996.8,2.53
326,2017-11-15 09:14:35,3,0.0,-0.02,26.7,997.7,2.8
327,2017-11-15 09:14:36,3,0.0,-0.03,26.7,998.2,2.84
328,2017-11-15 09:14:38,3,0.0,0.0,27.5,998.5,2.35
329,2017-11-15 09:14:39,3,0.0,0.01,31.3,999.3,2.29
330,2017-11-15 09:14:40,3,0.0,-0.02,26.2,998.3,2.24
331,2017-11-15 09:14:41,3,0.0,-0.01,29.0,998.1,2.62
332,2017-11-15 09:14:42,3,0.0,-0.05,28.2,998.1,2.89
333,2017-11-15 09:14:43,3,0.0,0.02,25.2,999.0,2.99
334,2017-11-15 09:14:44,3,0.0,-0.02,30.1,998.9,2.98
335,2017-11-15 09:14:45,3,0.0,-0.02,24.8,998.3,2.73
336,2017-11-15 09:14:46,3,0.0,0.02,29.3,998.5,2.64
337,2017-11-15 09:14:47,3,0.0,0.0,28.2,998.0,2.87
338,2017-11-15 09:14:48,3,0.0,0.0,25.7,997.6,2.82
339,2017-11-15 09:14:49,3,0.0,0.01,25.6,997.5,2.75
340,2017-11-15 09:14:50,3,0.0,0.0,25.4,998.8,2.84
341,2017-11-15 09:14:51,3,0.0,0.02,27.8,999.1,2.64
342,2017-11-15 09:14:52,3,0.0,0.02,27.8,999.0,2.82
343,2017-11-15 09:14:53,3,0.0,-0.02,30.3,998.1,2.8
344,2017-11-15 09:14:54,3,0.0,0.02,24.7,998.6,2.86
345,2017-11-15 09:14:55,3,0.0,0.0,25.3,998.6,2.83
346,2017-11-15 09:14:56,3,0.0,-0.01,28.8,999.5,2.97
347,2017-11-15 09:14:57,3,0.0,-0.05,31.0,999.6,3.04
348,2017-11-15 09:14:58,3,0.0,-0.01,26.7,999.6,3.01
349,2017-11-15 09:14:59,3,0.0,-0.02,25.7,998.2,2.66
350,2017-11-15 09:15:00,3,0.0,0.0,27.6,998.1,2.65
351,2017-11-15 09:15:01,3,0.0,-0.03,24.7,997.7,2.62
352,2017-11-15 09:15:02,3,0.0,0.0,27.0,998.6,2.64
353,2017-11-15 09:15:03,3,0.0,-0.01,25.8,998.9,2.62
354,2017-11-15 09:15:04,3,0.0,0.01,29.1,998.6,2.54
355,2017-11-15 09:15:05,3,0.0,-0.01,26.0,997.9,2.72
356,2017-11-15 09:15:06,3,0.0,-0.05,27.2,997.4,2.61
357,2017-11-15 09:15:07,3,0.0,-0.01,27.8,997.1,2.79
358,2017-11-15 09:15:08,3,0.0,-0.03,25.6,998.0,2.86
359,2017-11-15 09:15:09,3,0.0,0.0,27.1,998.0,2.97
360,2017-11-15 09:15:10,3,0.0,0.01,24.7,997.8,2.87
361,2017-11-15 09:15:11,3,0.0,-0.02,28.0,997.3,2.68
362,2017-11-15 09:15:12,3,0.0,-0.08,24.4,996.6,2.8
363,2017-11-15 09:15:13,3,0.0,0.01,26.6,996.7,2.99
364,2017-11-15 09:15:14,3,0.0,-0.01,24.6,996.6,2.89
365,2017-11-15 09:15:15,3,0.0,-0.03,22.7,997.4,2.68
366,2017-11-15 09:15:16,3,0.0,-0.01,26.1,997.7,2.69
367,2017-11-15 09:15:17,3,0.0,0.0,26.1,997.8,2.5
368,2017-11-15 09:15:18,3,0.0,-0.03,26.3,996.9,2.66
369,2017-11-15 09:15:19,3,0.0,-0.02,25.8,996.9,2.8
370,2017-11-15 09:15:20,3,0.0,0.05,23.5,996.5,2.86
371,2017-11-15 09:15:21,3,0.0,0.0,23.7,998.7,2.69
372,2017-11-15 09:15:22,3,0.0,0.01,27.3,997.7,2.72
373,2017-11-15 09:15:24,3,0.0,0.0,23.6,997.6,2.61
374,2017-11-15 09:15:25,3,0.0,-0.05,28.2,997.1,2.87
375,2017-11-15 09:15:26,3,0.0,0.03,24.8,997.3,2.94
376,2017-11-15 09:15:27,3,0.0,0.01,27.4,998.0,3.05
377,2017-11-15 09:15:28,3,0.0,-0.03,23.5,998.0,3.08
378,2017-11-15 09:15:29,3,0.0,-0.02,26.5,997.3,3.06
379,2017-11-15 09:15:30,3,0.0,0.02,26.3,997.4,3.01
380,2017-11-15 09:15:31,3,0.0,-0.01,26.8,997.2,3.06
381,2017-11-15 09:15:32,3,0.0,-0.05,26.3,996.5,3.04
382,2017-11-15 09:15:33,3,0.0,-0.03,23.2,996.0,3.06
383,2017-11-15 09:15:34,3,0.0,0.01,22.7,997.0,3.06
384,2017-11-15 09:15:35,3,0.0,0.0,23.3,997.5,2.94
385,2017-11-15 09:15:36,3,0.0,0.01,25.7,997.3,2.73
386,2017-11-15 09:15:37,3,0.0,-0.06,24.8,996.7,2.77
387,2017-11-15 09:15:38,3,0.0,0.0,24.9,996.3,2.94
388,2017-11-15 09:15:39,3,0.0,-0.05,25.1,996.9,2.75
389,2017-11-15 09:15:40,3,0.0,-0.02,25.2,997.2,2.53
390,2017-11-15 09:15:41,3,0.0,-0.03,23.1,997.3,2.53
391,2017-11-15 09:15:42,3,0.0,0.01,25.9,997.3,2.4
392,2017-11-15 09:15:43,3,0.0,-0.02,24.2,996.1,2.29
393,2017-11-15 09:15:44,3,0.0,-0.06,22.4,996.3,2.28
394,2017-11-15 09:15:45,3,0.0,0.02,21.1,996.5,2.2
395,2017-11-15 09:15:46,3,0.0,0.01,22.9,997.0,2.66
396,2017-11-15 09:15:47,3,0.0,0.0,24.7,997.4,2.84
397,2017-11-15 09:15:48,3,0.0,-0.06,25.0,996.6,2.8
398,2017-11-15 09:15:49,3,0.0,0.06,25.8,996.1,2.54
399,2017-11-15 09:15:50,3,0.0,-0.05,23.0,996.0,2.51
400,2017-11-15 09:15:51,3,0.0,0.01,22.0,995.4,2.39
401,2017-11-15 09:15:52,3,0.0,0.01,21.8,995.6,2.44
402,2017-11-15 09:15:53,3,0.0,-0.02,25.1,996.4,2.5
403,2017-11-15 09:15:54,3,0.0,-0.03,25.1,996.6,2.53
404,2017-11-15 09:15:55,3,0.0,-0.02,21.8,995.5,2.42
405,2017-11-15 09:15:56,3,0.0,-0.05,20.2,994.8,2.28
406,2017-11-15 09:15:57,3,0.0,0.01,20.9,994.5,2.33
407,2017-11-15 09:15:58,3,0.0,0.02,20.8,995.0,2.51
408,2017-11-15 09:15:59,3,0.0,0.03,21.6,995.2,2.32
409,2017-11-15 09:16:00,3,0.0,0.01,20.2,995.4,2.28
410,2017-11-15 09:16:01,3,0.0,-0.02,20.6,995.2,2.29
411,2017-11-15 09:16:02,3,0.0,0.01,20.4,995.1,2.24
412,2017-11-15 09:16:03,3,0.0,-0.01,21.7,994.2,2.51
413,2017-11-15 09:16:04,3,0.0,0.0,23.8,993.6,2.58
414,2017-11-15 09:16:05,3,0.0,0.02,20.8,994.3,2.61
415,2017-11-15 09:16:06,3,0.0,0.03,22.2,995.4,2.65
416,2017-11-15 09:16:07,3,0.0,0.01,20.9,994.4,2.61
417,2017-11-15 09:16:08,3,0.0,0.0,21.1,994.1,2.62
418,2017-11-15 09:16:09,3,0.0,-0.02,18.5,993.5,2.57
419,2017-11-15 09:16:10,3,0.0,0.01,20.1,993.7,2.75
420,2017-11-15 09:16:11,3,0.0,0.0,22.4,994.0,2.8
421,2017-11-15 09:16:12,3,0.0,0.02,20.8,995.0,2.77
422,2017-11-15 09:16:13,3,0.0,0.01,20.6,994.9,2.72
423,2017-11-15 09:16:14,3,0.0,0.02,21.5,994.9,2.68
424,2017-11-15 09:16:15,3,0.0,-0.01,21.1,994.8,2.53
425,2017-11-15 09:16:16,3,0.0,0.03,19.6,994.9,2.32
426,2017-11-15 09:16:17,3,0.0,0.06,19.2,994.9,2.31
427,2017-11-15 09:16:18,3,0.0,-0.01,20.3,995.9,2.14
428,2017-11-15 09:16:19,3,0.0,0.02,21.4,996.5,2.18
429,2017-11-15 09:16:20,3,0.0,-0.02,26.5,996.6,2.32
430,2017-11-15 09:16:21,3,0.0,-0.02,22.8,996.0,2.44
431,2017-11-15 09:16:22,3,0.0,0.0,22.7,996.5,2.4
432,2017-11-15 09:16:23,3,0.0,0.01,22.1,996.4,2.38
433,2017-11-15 09:16:24,3,0.0,-0.01,24.6,997.8,2.35
434,2017-11-15 09:16:25,3,0.0,-0.02,25.1,997.8,2.38
435,2017-11-15 09:16:26,3,0.0,0.01,26.9,998.0,2.53
436,2017-11-15 09:16:27,3,0.0,-0.01,25.6,997.4,2.58
437,2017-11-15 09:16:28,3,0.0,-0.01,22.9,996.8,2.73
438,2017-11-15 09:16:29,3,0.0,0.01,26.5,997.1,2.73
439,2017-11-15 09:16:30,3,0.0,0.01,21.9,997.3,2.62
440,2017-11-15 09:16:31,3,0.0,0.06,27.8,997.9,2.66
441,2017-11-15 09:16:32,3,0.0,-0.01,26.1,997.5,2.72
442,2017-11-15 09:16:33,3,0.0,0.01,23.7,997.7,2.75
443,2017-11-15 09:16:34,3,0.0,0.01,26.1,996.5,2.79
444,2017-11-15 09:16:35,3,0.0,0.01,23.6,996.7,2.87
445,2017-11-15 09:16:36,3,0.0,-0.03,21.8,996.2,2.82
446,2017-11-15 09:16:37,3,0.0,0.01,22.5,996.6,2.73
447,2017-11-15 09:16:38,3,0.0,-0.06,23.4,997.4,2.87
448,2017-11-15 09:16:39,3,0.0,0.02,25.5,997.8,3.02
449,2017-11-15 09:16:40,3,0.0,-0.02,26.5,997.2,2.98
450,2017-11-15 09:16:41,3,0.0,-0.01,24.7,996.4,2.72
451,2017-11-15 09:16:42,3,0.0,-0.02,25.0,996.8,2.55
452,2017-11-15 09:16:43,3,0.0,0.02,26.8,997.4,2.38
453,2017-11-15 09:16:44,3,0.0,-0.02,22.0,997.9,2.54
454,2017-11-15 09:16:45,3,0.0,-0.03,26.8,997.2,2.66
455,2017-11-15 09:16:46,3,0.0,0.01,23.2,997.1,2.82
456,2017-11-15 09:16:48,3,0.0,0.01,23.6,996.7,2.4
457,2017-11-15 09:16:50,3,0.0,-0.01,21.3,997.0,2.82
458,2017-11-15 09:16:51,3,0.0,-0.06,26.1,997.4,2.98
459,2017-11-15 09:16:52,3,0.0,0.03,23.6,997.3,2.69
460,2017-11-15 09:16:53,3,0.0,0.0,27.8,997.0,2.62
461,2017-11-15 09:16:54,3,0.0,-0.02,25.5,997.0,2.99
462,2017-11-15 09:16:55,3,0.0,0.01,22.5,996.8,3.17
463,2017-11-15 09:16:56,3,0.0,-0.02,27.0,997.7,3.32
464,2017-11-15 09:16:57,3,0.0,-0.06,23.9,998.2,2.99
465,2017-11-15 09:16:58,3,0.0,-0.05,26.9,997.8,2.68
466,2017-11-15 09:16:59,3,0.0,-0.01,23.7,996.7,2.13
467,2017-11-15 09:17:00,3,0.0,-0.01,27.7,996.5,2.14
468,2017-11-15 09:17:01,3,0.0,-0.01,23.5,996.7,2.38
469,2017-11-15 09:17:02,3,0.0,0.0,23.2,996.4,2.65
470,2017-11-15 09:17:03,3,0.0,-0.02,26.4,997.5,2.73
471,2017-11-15 09:17:04,3,0.0,0.0,24.1,997.3,2.72
472,2017-11-15 09:17:05,3,0.0,0.05,24.0,997.2,2.64
473,2017-11-15 09:17:06,3,0.0,0.0,24.6,995.8,2.53
474,2017-11-15 09:17:07,3,0.0,-0.01,26.2,996.1,2.51
475,2017-11-15 09:17:08,3,0.0,-0.01,22.8,996.1,2.73
476,2017-11-15 09:17:09,3,0.0,-0.02,22.5,997.3,2.75
477,2017-11-15 09:17:10,3,0.0,-0.03,25.5,996.7,2.58
478,2017-11-15 09:17:11,3,0.0,-0.01,26.5,996.6,2.65
479,2017-11-15 09:17:12,3,0.0,-0.01,24.7,996.2,2.53
480,2017-11-15 09:17:13,3,0.0,0.0,20.9,996.3,2.51
481,2017-11-15 09:17:14,3,0.0,-0.02,23.7,996.0,2.87
482,2017-11-15 09:17:15,3,0.0,-0.01,24.4,996.9,2.98
483,2017-11-15 09:17:16,3,0.0,0.0,24.7,996.9,3.01
484,2017-11-15 09:17:17,3,0.0,-0.02,22.1,996.9,3.06
485,2017-11-15 09:17:18,3,0.0,-0.03,25.6,996.4,3.04
486,2017-11-15 09:17:19,3,0.0,-0.02,24.4,995.9,3.13
487,2017-11-15 09:17:20,3,0.0,-0.05,22.8,995.7,3.08
488,2017-11-15 09:17:21,3,0.0,-0.02,21.1,995.7,2.97
489,2017-11-15 09:17:22,3,0.0,-0.01,24.7,996.8,3.05
490,2017-11-15 09:17:23,3,0.0,-0.02,26.5,996.5,3.15
491,2017-11-15 09:17:24,3,0.0,0.0,24.6,996.0,3.16
492,2017-11-15 09:17:25,3,0.0,0.01,22.1,995.5,3.23
493,2017-11-15 09:17:26,3,0.0,-0.03,21.2,995.3,3.17
494,2017-11-15 09:17:27,3,0.0,0.01,20.4,995.7,3.28
495,2017-11-15 09:17:28,3,0.0,0.0,22.0,996.7,3.06
496,2017-11-15 09:17:29,3,0.0,-0.05,25.0,996.9,2.87
497,2017-11-15 09:17:30,3,0.0,-0.05,22.8,997.1,2.69
498,2017-11-15 09:17:31,3,0.0,-0.02,27.0,996.9,2.68
499,2017-11-15 09:17:32,3,0.0,0.01,24.6,997.2,2.75
500,2017-11-15 09:17:33,3,0.0,-0.03,24.1,997.9,2.86
501,2017-11-15 09:17:34,3,0.0,0.02,26.2,999.2,3.02
502,2017-11-15 09:17:35,3,0.0,0.02,25.5,1000.0,3.06
503,2017-11-15 09:17:36,3,0.0,0.01,29.2,1000.5,3.16
504,2017-11-15 09:17:37,3,0.0,-0.01,29.7,999.9,2.9
505,2017-11-15 09:17:38,3,0.0,0.02,27.4,999.7,3.1
506,2017-11-15 09:17:39,3,0.0,0.01,29.2,1000.4,3.06
507,2017-11-15 09:17:40,3,0.0,-0.01,31.2,1001.0,2.94
508,2017-11-15 09:17:41,3,0.0,-0.02,32.5,1000.9,2.77
509,2017-11-15 09:17:42,3,0.0,-0.01,32.7,1000.9,2.66
510,2017-11-15 09:17:43,3,0.0,0.0,31.4,1000.7,2.54
511,2017-11-15 09:17:44,3,0.0,-0.03,27.3,999.8,2.54
512,2017-11-15 09:17:45,3,0.0,0.0,29.7,999.4,2.68
513,2017-11-15 09:17:46,3,0.0,0.03,29.1,1000.5,2.73
514,2017-11-15 09:17:47,3,0.0,-0.01,28.8,1000.5,2.72
515,2017-11-15 09:17:48,3,0.0,-0.01,28.0,999.7,2.77
516,2017-11-15 09:17:49,3,0.0,-0.02,28.8,1000.3,2.83
517,2017-11-15 09:17:50,3,0.0,0.01,29.3,999.3,2.69
518,2017-11-15 09:17:51,3,0.0,0.01,26.5,998.9,2.8
519,2017-11-15 09:17:52,3,0.0,0.0,28.7,998.5,2.82
520,2017-11-15 09:17:53,3,0.0,0.0,26.3,999.8,2.69
521,2017-11-15 09:17:54,3,0.0,0.0,29.4,999.6,2.72
522,2017-11-15 09:17:55,3,0.0,-0.05,29.0,998.7,2.61
523,2017-11-15 09:17:56,3,0.0,0.01,26.3,997.8,2.73
524,2017-11-15 09:17:57,3,0.0,-0.01,25.3,997.8,2.54
525,2017-11-15 09:17:58,3,0.0,0.0,23.5,997.2,2.54
526,2017-11-15 09:17:59,3,0.0,0.01,26.5,997.5,2.64
527,2017-11-15 09:18:00,3,0.0,-0.02,23.9,997.6,2.55
528,2017-11-15 09:18:01,3,0.0,0.0,27.5,997.5,2.61
529,2017-11-15 09:18:02,3,0.0,-0.02,22.9,997.2,2.64
530,2017-11-15 09:18:03,3,0.0,-0.02,24.6,996.4,2.5
531,2017-11-15 09:18:04,3,0.0,0.06,26.1,996.0,2.66
532,2017-11-15 09:18:05,3,0.0,-0.02,22.6,997.0,2.77
533,2017-11-15 09:18:06,3,0.0,-0.01,26.6,997.2,2.68
534,2017-11-15 09:18:07,3,0.0,-0.02,24.8,997.6,2.73
535,2017-11-15 09:18:08,3,0.0,-0.07,23.1,997.4,2.62
536,2017-11-15 09:18:09,3,0.0,0.02,25.2,996.4,2.44
537,2017-11-15 09:18:10,3,0.0,-0.01,22.0,996.0,2.39
538,2017-11-15 09:18:12,3,0.0,0.02,21.6,996.7,2.24
539,2017-11-15 09:18:13,3,0.0,-0.02,24.7,996.7,2.14
540,2017-11-15 09:18:14,3,0.0,0.01,22.6,996.1,2.11
541,2017-11-15 09:18:15,3,0.0,0.0,22.1,995.8,2.2
542,2017-11-15 09:18:16,3,0.0,-0.03,20.2,995.7,2.36
543,2017-11-15 09:18:17,3,0.0,-0.01,20.0,995.0,2.29
544,2017-11-15 09:18:18,3,0.0,0.02,21.9,995.9,2.16
545,2017-11-15 09:18:19,3,0.0,-0.01,23.0,995.9,2.09
546,2017-11-15 09:18:20,3,0.0,0.0,25.0,996.3,2.09
547,2017-11-15 09:18:21,3,0.0,-0.05,25.0,995.6,2.21
548,2017-11-15 09:18:22,3,0.0,-0.01,23.1,994.5,2.16
549,2017-11-15 09:18:23,3,0.0,0.01,23.0,995.0,2.02
550,2017-11-15 09:18:24,3,0.0,-0.02,24.1,995.0,2.05
551,2017-11-15 09:18:25,3,0.0,-0.01,24.2,995.2,2.14
552,2017-11-15 09:18:26,3,0.0,-0.02,22.5,995.7,2.36
553,2017-11-15 09:18:27,3,0.0,-0.02,22.5,995.0,2.4
554,2017-11-15 09:18:28,3,0.0,-0.05,20.0,994.2,2.53
555,2017-11-15 09:18:29,3,0.0,-0.02,18.3,993.9,2.57
556,2017-11-15 09:18:30,3,0.0,0.02,18.0,993.7,2.65
557,2017-11-15 09:18:31,3,0.0,-0.01,20.0,993.8,2.61
558,2017-11-15 09:18:32,3,0.0,0.03,21.0,993.8,2.33
559,2017-11-15 09:18:33,3,0.0,-0.02,17.6,993.5,2.29
560,2017-11-15 09:18:34,3,0.0,-0.05,19.1,993.3,2.36
561,2017-11-15 09:18:35,3,0.0,0.0,19.8,992.5,2.35
562,2017-11-15 09:18:36,3,0.0,0.0,20.4,991.9,2.33
563,2017-11-15 09:18:37,3,0.0,-0.02,17.7,992.1,2.38
564,2017-11-15 09:18:38,3,0.0,0.0,17.5,992.9,2.49
565,2017-11-15 09:18:39,3,0.0,-0.01,19.9,992.8,2.39
566,2017-11-15 09:18:40,3,0.0,0.0,16.8,992.1,2.2
567,2017-11-15 09:18:41,3,0.0,0.01,15.6,990.8,2.24
568,2017-11-15 09:18:42,3,0.0,-0.02,14.3,991.2,2.28
569,2017-11-15 09:18:43,3,0.0,-0.02,16.9,990.9,2.42
570,2017-11-15 09:18:44,3,0.0,0.02,15.0,991.3,2.66
571,2017-11-15 09:18:45,3,0.0,-0.01,17.1,990.9,2.72
572,2017-11-15 09:18:46,3,0.0,0.02,14.6,991.1,2.64
573,2017-11-15 09:18:47,3,0.0,-0.03,15.5,990.2,2.55
574,2017-11-15 09:18:48,3,0.0,-0.03,15.4,989.5,2.44
575,2017-11-15 09:18:49,3,0.0,-0.01,15.4,989.4,2.62
576,2017-11-15 09:18:50,3,0.0,0.0,13.4,990.2,2.73
577,2017-11-15 09:18:51,3,0.0,-0.01,13.4,990.1,2.57
578,2017-11-15 09:18:52,3,0.0,-0.01,13.8,989.8,2.64
579,2017-11-15 09:18:53,3,0.0,-0.01,16.2,988.4,2.49
580,2017-11-15 09:18:54,3,0.0,0.02,14.6,988.6,2.35
581,2017-11-15 09:18:55,3,0.0,-0.01,11.7,988.7,2.25
582,2017-11-15 09:18:56,3,0.0,-0.02,11.8,988.4,2.33
583,2017-11-15 09:18:58,3,0.0,0.0,13.1,988.6,2.55
584,2017-11-15 09:18:59,3,0.0,0.02,11.2,988.1,2.51
585,2017-11-15 09:19:00,3,0.0,-0.05,9.9,987.3,2.57
586,2017-11-15 09:19:01,3,0.0,-0.01,13.4,987.2,2.36
587,2017-11-15 09:19:02,3,0.0,-0.03,11.7,987.3,2.5
588,2017-11-15 09:19:04,3,0.0,-0.01,8.4,988.1,2.32
589,2017-11-15 09:19:05,3,0.0,0.0,10.1,987.8,2.33
590,2017-11-15 09:19:06,3,0.0,-0.03,12.1,987.1,2.28
591,2017-11-15 09:19:07,3,0.0,0.02,10.0,987.0,2.49
592,2017-11-15 09:19:08,3,0.0,0.0,8.6,987.7,2.35
593,2017-11-15 09:19:09,3,0.0,-0.02,10.5,987.8,2.28
594,2017-11-15 09:19:10,3,0.0,-0.02,13.5,988.3,2.66
595,2017-11-15 09:19:11,3,0.0,-0.01,14.6,988.4,2.57
596,2017-11-15 09:19:12,3,0.0,-0.01,14.3,988.1,2.53
597,2017-11-15 09:19:13,3,0.0,-0.02,11.4,987.5,2.36
598,2017-11-15 09:19:14,3,0.0,-0.02,10.9,987.0,2.39
599,2017-11-15 09:19:15,3,0.0,-0.01,13.1,987.7,2.39
600,2017-11-15 09:19:16,3,0.0,-0.01,12.8,988.1,2.38
601,2017-11-15 09:19:17,3,0.0,0.02,10.5,987.8,2.31
602,2017-11-15 09:19:18,3,0.0,-0.01,11.0,986.9,2.29
603,2017-11-15 09:19:19,3,0.0,-0.01,10.9,986.1,2.39
604,2017-11-15 09:19:20,3,0.0,0.03,7.9,986.1,2.28
605,2017-11-15 09:19:21,3,0.0,-0.07,11.8,986.3,2.24
606,2017-11-15 09:19:22,3,0.0,-0.03,7.8,986.6,2.28
607,2017-11-15 09:19:23,3,0.0,-0.02,9.8,986.5,2.28
608,2017-11-15 09:19:24,3,0.0,-0.05,6.9,986.2,2.09
609,2017-11-15 09:19:25,3,0.0,-0.01,11.6,985.4,2.07
610,2017-11-15 09:19:26,2,0.0,0.02,0.1,985.3,2.09
611,2017-11-15 09:19:27,2,0.0,-0.01,0.0,988.2,1.85
612,2017-11-15 09:19:28,2,0.0,0.01,0.0,991.0,1.87
613,2017-11-15 09:19:29,2,0.0,0.02,0.0,993.4,1.89
614,2017-11-15 09:19:30,2,0.0,-0.02,0.0,995.2,1.7
615,2017-11-15 09:19:31,2,0.0,-0.01,0.0,998.0,2.02
616,2017-11-15 09:19:32,2,0.0,-0.05,0.0,999.1,2.0
617,2017-11-15 09:19:33,2,0.0,0.0,0.0,1001.0,1.92
618,2017-11-15 09:19:34,2,0.0,-0.02,0.0,1004.0,1.91
619,2017-11-15 09:19:35,2,0.0,-0.05,0.0,1006.7,1.78
620,2017-11-15 09:19:36,2,0.0,-0.01,0.0,1009.6,1.65
621,2017-11-15 09:19:37,2,0.0,-0.03,0.0,1011.3,1.73
622,2017-11-15 09:19:38,2,0.0,-0.01,0.0,1012.4,1.73
623,2017-11-15 09:19:39,2,0.0,-0.02,0.0,1014.4,1.69
624,2017-11-15 09:19:40,2,0.0,0.01,0.0,1017.9,1.81
625,2017-11-15 09:19:41,2,0.0,0.0,0.0,1020.1,1.83
626,2017-11-15 09:19:42,2,0.0,0.0,0.0,1021.7,1.8
627,2017-11-15 09:19:43,2,0.0,-0.03,0.0,1023.7,1.78
628,2017-11-15 09:19:44,2,0.0,0.07,0.0,1024.3,1.8
629,2017-11-15 09:19:45,2,0.0,-0.02,0.0,1027.5,2.06
630,2017-11-15 09:19:46,2,0.0,-0.01,0.0,1028.2,2.16
631,2017-11-15 09:19:47,2,0.0,0.01,0.0,1033.1,1.91
632,2017-11-15 09:19:49,2,0.0,-0.02,0.0,1035.5,2.02
633,2017-11-15 09:19:50,2,0.0,-0.01,0.0,1036.6,2.0
634,2017-11-15 09:19:51,2,0.0,0.01,0.0,1040.0,1.84
635,2017-11-15 09:19:52,2,0.0,-0.03,0.0,1041.5,1.7
636,2017-11-15 09:19:53,2,0.0,-0.07,0.0,1043.6,1.81
637,2017-11-15 09:19:54,2,0.0,-0.02,0.0,1045.0,1.84
638,2017-11-15 09:19:55,2,0.0,-0.01,0.0,1047.2,1.88
639,2017-11-15 09:19:56,2,0.0,-0.02,0.0,1049.7,1.91
640,2017-11-15 09:19:57,2,0.0,-0.01,0.0,1051.2,1.92
641,2017-11-15 09:19:58,2,0.0,0.02,0.0,1053.0,2.11
642,2017-11-15 09:19:59,2,0.0,-0.06,0.0,1055.2,2.06
643,2017-11-15 09:20:00,2,0.0,-0.02,0.0,1058.7,2.25
644,2017-11-15 09:20:01,2,0.0,-0.02,0.0,1060.0,2.28
645,2017-11-15 09:20:02,2,0.0,0.01,0.0,1061.2,2.18
646,2017-11-15 09:20:03,2,0.0,-0.05,0.0,1062.7,2.18
647,2017-11-15 09:20:04,2,0.0,-0.02,0.0,1065.6,2.03
648,2017-11-15 09:20:05,2,0.0,-0.02,0.0,1067.2,2.07
649,2017-11-15 09:20:06,2,0.0,0.01,0.0,1069.3,2.35
650,2017-11-15 09:20:07,2,0.0,-0.05,0.0,1070.9,2.5
651,2017-11-15 09:20:08,2,0.0,-0.01,0.0,1073.0,2.65
652,2017-11-15 09:20:09,2,0.0,-0.05,0.0,1074.3,2.53
653,2017-11-15 09:20:10,2,0.0,0.02,0.0,1076.1,2.35
654,2017-11-15 09:20:11,2,0.0,-0.05,0.0,1078.1,2.24
655,2017-11-15 09:20:12,2,0.0,-0.05,0.0,1081.5,2.07
656,2017-11-15 09:20:13,2,0.0,0.02,0.0,1083.0,1.87
657,2017-11-15 09:20:14,2,0.0,-0.01,0.0,1084.1,1.78
658,2017-11-15 09:20:15,2,0.0,-0.07,0.0,1085.3,1.89
659,2017-11-15 09:20:16,2,0.0,-0.01,0.0,1089.6,1.81
660,2017-11-15 09:20:17,2,0.0,-0.01,0.0,1091.3,1.73
661,2017-11-15 09:20:18,2,0.0,0.0,0.0,1093.2,1.88
662,2017-11-15 09:20:19,2,0.0,0.01,0.0,1094.5,1.92
663,2017-11-15 09:20:20,2,0.0,-0.03,0.0,1095.3,1.91
664,2017-11-15 09:20:21,2,0.0,0.03,0.0,1098.7,1.92
665,2017-11-15 09:20:22,2,0.0,-0.01,0.0,1101.5,2.07
666,2017-11-15 09:20:23,2,0.0,0.03,0.0,1103.0,1.96
667,2017-11-15 09:20:24,2,0.0,0.01,0.0,1104.5,2.14
668,2017-11-15 09:20:25,2,0.0,0.01,0.0,1106.8,1.91
669,2017-11-15 09:20:26,2,0.0,0.0,0.0,1108.5,2.03
670,2017-11-15 09:20:27,2,0.0,-0.01,0.0,1109.6,2.07
671,2017-11-15 09:20:28,2,0.0,-0.03,0.0,1113.2,2.17
672,2017-11-15 09:20:30,2,0.0,-0.06,0.0,1116.6,2.06
673,2017-11-15 09:20:30,2,0.0,-0.06,0.0,1116.6,2.06
674,2017-11-15 09:20:32,2,0.0,-0.05,0.0,1119.3,2.0
675,2017-11-15 09:20:33,2,0.0,0.0,0.0,1122.6,1.83
676,2017-11-15 09:20:34,2,0.0,-0.02,0.0,1123.9,1.85
677,2017-11-15 09:20:35,2,0.0,0.01,0.0,1125.5,1.84
678,2017-11-15 09:20:36,2,0.0,-0.07,0.0,1127.0,1.84
679,2017-11-15 09:20:37,2,0.0,-0.03,0.0,1130.3,1.76
680,2017-11-15 09:20:38,2,0.0,0.02,0.0,1131.4,1.85
681,2017-11-15 09:20:39,2,0.0,-0.03,0.0,1133.5,1.67
682,2017-11-15 09:20:40,2,0.0,-0.07,0.0,1134.2,1.65
683,2017-11-15 09:20:41,2,0.0,-0.07,0.0,1137.6,1.84
684,2017-11-15 09:20:42,2,0.0,-0.02,0.0,1138.7,2.02
685,2017-11-15 09:20:43,2,0.0,-0.01,0.0,1140.4,1.92
686,2017-11-15 09:20:44,2,0.0,0.01,0.0,1141.1,1.91
687,2017-11-15 09:20:45,2,0.0,0.02,0.0,1144.6,1.84
688,2017-11-15 09:20:46,2,0.0,-0.05,0.0,1146.0,1.8
689,2017-11-15 09:20:47,2,0.0,-0.01,0.0,1146.5,1.76
690,2017-11-15 09:20:48,2,0.0,0.01,0.0,1147.3,2.0
691,2017-11-15 09:20:49,2,0.0,0.07,0.0,1150.3,2.0
692,2017-11-15 09:20:50,2,0.0,-0.08,0.0,1152.3,2.02
693,2017-11-15 09:20:51,2,0.0,0.0,0.0,1152.9,1.92
694,2017-11-15 09:20:52,2,0.0,-0.07,0.0,1154.2,1.95
695,2017-11-15 09:20:53,2,0.0,-0.02,0.0,1154.4,1.83
696,2017-11-15 09:20:54,2,0.0,-0.06,0.0,1155.6,1.89
697,2017-11-15 09:20:55,2,0.0,-0.01,0.0,1156.6,2.09
698,2017-11-15 09:20:56,2,0.0,-0.01,0.0,1158.0,2.09
699,2017-11-15 09:20:57,2,0.0,-0.03,0.0,1158.7,2.0
700,2017-11-15 09:20:58,2,0.0,0.01,0.0,1158.6,1.8
701,2017-11-15 09:20:59,2,0.0,-0.06,0.0,1159.2,1.84
702,2017-11-15 09:21:00,2,0.0,0.02,0.0,1159.0,1.85
703,2017-11-15 09:21:01,2,0.0,-0.05,0.0,1160.0,1.84
704,2017-11-15 09:21:02,2,0.0,-0.01,0.0,1160.1,1.87
705,2017-11-15 09:21:03,2,0.0,-0.07,0.0,1160.2,1.78
706,2017-11-15 09:21:04,2,0.0,0.03,0.0,1159.2,1.66
707,2017-11-15 09:21:05,2,0.0,-0.02,0.0,1158.8,1.58
708,2017-11-15 09:21:06,2,0.0,0.0,0.0,1158.8,1.4
709,2017-11-15 09:21:07,2,0.0,-0.06,0.0,1158.9,1.41
710,2017-11-15 09:21:08,2,0.0,0.01,0.0,1158.5,1.48
711,2017-11-15 09:21:09,2,0.0,-0.02,0.0,1157.3,1.52
712,2017-11-15 09:21:10,2,0.0,0.0,0.0,1157.2,1.55
713,2017-11-15 09:21:11,2,0.0,0.0,0.0,1155.5,1.59
714,2017-11-15 09:21:12,2,0.0,-0.05,0.0,1156.4,1.58
715,2017-11-15 09:21:13,2,0.0,0.01,0.0,1155.8,1.43
716,2017-11-15 09:21:14,2,0.0,-0.07,0.0,1155.2,1.4
717,2017-11-15 09:21:15,2,0.0,0.07,0.0,1153.8,1.54
718,2017-11-15 09:21:16,2,0.0,-0.03,0.0,1153.9,1.72
719,2017-11-15 09:21:18,2,0.0,0.05,0.0,1152.1,1.72
720,2017-11-15 09:21:19,2,0.0,0.01,0.0,1152.9,1.81
721,2017-11-15 09:21:20,2,0.0,0.01,0.0,1152.3,1.8
722,2017-11-15 09:21:21,2,0.0,0.0,0.0,1150.8,1.84
723,2017-11-15 09:21:22,2,0.0,-0.05,0.0,1150.6,1.95
724,2017-11-15 09:21:23,2,0.0,0.02,0.0,1151.4,2.21
725,2017-11-15 09:21:24,2,0.0,-0.01,0.0,1150.6,2.18
726,2017-11-15 09:21:25,2,0.0,0.0,0.0,1150.3,1.89
727,2017-11-15 09:21:26,2,0.0,0.01,0.0,1150.3,1.8
728,2017-11-15 09:21:27,2,0.0,-0.03,0.0,1149.4,1.72
729,2017-11-15 09:21:28,2,0.0,-0.01,0.0,1149.9,1.5
730,2017-11-15 09:21:29,2,0.0,-0.05,0.0,1150.5,1.55
731,2017-11-15 09:21:30,2,0.0,0.0,0.0,1150.8,1.67
732,2017-11-15 09:21:31,2,0.0,-0.03,0.0,1149.8,1.83
733,2017-11-15 09:21:32,2,0.0,0.05,0.0,1150.6,1.7
734,2017-11-15 09:21:33,2,0.0,-0.06,0.0,1150.1,1.65
735,2017-11-15 09:21:34,2,0.0,-0.03,0.0,1150.8,1.91
736,2017-11-15 09:21:35,2,0.0,0.06,0.0,1151.4,2.11
737,2017-11-15 09:21:36,2,0.0,-0.03,0.0,1152.0,2.2
738,2017-11-15 09:21:37,2,0.0,0.03,0.0,1150.7,2.17
739,2017-11-15 09:21:38,2,0.0,0.05,0.0,1151.1,2.13
740,2017-11-15 09:21:39,2,0.0,-0.05,0.0,1151.9,2.13
741,2017-11-15 09:21:40,2,0.0,0.02,0.0,1152.0,2.07
742,2017-11-15 09:21:41,2,0.0,-0.02,0.0,1152.4,2.09
743,2017-11-15 09:21:42,2,0.0,-0.05,0.0,1151.5,2.06
744,2017-11-15 09:21:43,2,0.0,0.02,0.0,1152.1,2.06
745,2017-11-15 09:21:44,2,0.0,-0.05,0.0,1151.5,2.11
746,2017-11-15 09:21:45,2,0.0,0.01,0.0,1152.2,2.11
747,2017-11-15 09:21:46,2,0.0,-0.02,0.0,1151.7,2.13
748,2017-11-15 09:21:47,2,0.0,0.02,0.0,1151.2,2.33
749,2017-11-15 09:21:48,2,0.0,-0.03,0.0,1151.3,2.42
750,2017-11-15 09:21:49,2,0.0,-0.06,0.0,1150.2,2.44
751,2017-11-15 09:21:50,2,0.0,0.02,0.0,1150.3,2.4
752,2017-11-15 09:21:51,2,0.0,0.06,0.0,1150.6,2.21
753,2017-11-15 09:21:52,2,0.0,-0.03,0.0,1150.8,2.28
754,2017-11-15 09:21:53,2,0.0,0.03,0.0,1149.1,2.5
755,2017-11-15 09:21:54,2,0.0,-0.03,0.0,1149.8,2.4
756,2017-11-15 09:21:55,2,0.0,-0.02,0.0,1149.0,2.61
757,2017-11-15 09:21:56,2,0.0,-0.05,0.0,1149.6,2.57
758,2017-11-15 09:21:57,2,0.0,-0.01,0.0,1149.8,2.33
759,2017-11-15 09:21:58,2,0.0,0.0,0.0,1150.2,2.11
760,2017-11-15 09:21:59,2,0.0,-0.05,0.0,1149.2,2.0
761,2017-11-15 09:22:00,2,0.0,0.01,0.0,1149.3,1.81
762,2017-11-15 09:22:01,2,0.0,0.01,0.0,1150.7,1.87
763,2017-11-15 09:22:02,2,0.0,-0.01,0.0,1150.6,2.02
764,2017-11-15 09:22:04,2,0.0,0.01,0.0,1150.3,2.24
765,2017-11-15 09:22:05,2,0.0,-0.03,0.0,1151.0,2.14
766,2017-11-15 09:22:06,2,0.0,0.03,0.0,1150.7,2.24
767,2017-11-15 09:22:07,2,0.0,-0.01,0.0,1152.2,2.38
768,2017-11-15 09:22:08,2,0.0,0.05,0.0,1151.6,2.36
769,2017-11-15 09:22:09,2,0.0,-0.01,0.0,1152.0,2.51
770,2017-11-15 09:22:10,2,0.0,0.01,0.0,1151.9,2.51
771,2017-11-15 09:22:11,2,0.0,-0.03,0.0,1151.8,2.68
772,2017-11-15 09:22:12,2,0.0,0.0,0.0,1151.6,2.79
773,2017-11-15 09:22:13,2,0.0,0.07,0.0,1152.3,2.79
774,2017-11-15 09:22:14,2,0.0,-0.05,0.0,1152.9,2.66
775,2017-11-15 09:22:15,2,0.0,0.01,0.0,1151.4,2.58
776,2017-11-15 09:22:16,2,0.0,-0.05,0.0,1151.3,2.58
777,2017-11-15 09:22:17,2,0.0,-0.03,0.0,1151.1,2.91
778,2017-11-15 09:22:18,2,0.0,-0.03,0.0,1151.4,2.84
779,2017-11-15 09:22:19,2,0.0,-0.05,0.0,1150.9,2.91
780,2017-11-15 09:22:20,2,0.0,0.0,0.0,1151.4,2.62
781,2017-11-15 09:22:21,2,0.0,-0.03,0.0,1150.2,2.66
782,2017-11-15 09:22:22,2,0.0,0.0,0.0,1149.6,2.53
783,2017-11-15 09:22:23,2,0.0,-0.03,0.0,1149.8,2.69
784,2017-11-15 09:22:24,2,0.0,-0.03,0.0,1149.8,2.69
785,2017-11-15 09:22:25,2,0.0,-0.05,0.0,1149.7,2.75
786,2017-11-15 09:22:26,2,0.0,0.0,0.0,1148.8,2.55
787,2017-11-15 09:22:27,2,0.0,0.0,0.0,1149.4,2.55
788,2017-11-15 09:22:28,2,0.0,0.01,0.0,1148.8,2.49
789,2017-11-15 09:22:29,2,0.0,0.03,0.0,1150.2,2.35
790,2017-11-15 09:22:30,2,0.0,0.02,0.0,1150.1,2.13
791,2017-11-15 09:22:31,2,0.0,-0.06,0.0,1149.7,2.33
792,2017-11-15 09:22:32,2,0.0,0.03,0.0,1149.6,2.5
793,2017-11-15 09:22:33,2,0.0,-0.03,0.0,1149.8,2.49
794,2017-11-15 09:22:34,2,0.0,-0.03,0.0,1150.8,2.55
795,2017-11-15 09:22:35,2,0.0,-0.03,0.0,1150.4,2.61
796,2017-11-15 09:22:36,2,0.0,-0.06,0.0,1151.0,2.54
797,2017-11-15 09:22:37,2,0.0,0.03,0.0,1150.5,2.4
798,2017-11-15 09:22:38,2,0.0,-0.02,0.0,1150.3,2.35
799,2017-11-15 09:22:39,2,0.0,-0.01,0.0,1149.9,2.4
800,2017-11-15 09:22:40,2,0.0,0.02,0.0,1151.7,2.33
801,2017-11-15 09:22:41,2,0.0,-0.03,0.0,1151.0,2.49
802,2017-11-15 09:22:43,2,0.0,0.0,0.0,1151.4,2.31
803,2017-11-15 09:22:44,2,0.0,-0.06,0.0,1150.6,2.18
804,2017-11-15 09:22:45,2,0.0,0.03,0.0,1151.1,2.32
805,2017-11-15 09:22:46,2,0.0,-0.03,0.0,1151.3,2.54
806,2017-11-15 09:22:47,2,0.0,-0.01,0.0,1151.8,2.44
807,2017-11-15 09:22:48,2,0.0,0.01,0.0,1150.2,2.51
808,2017-11-15 09:22:49,2,0.0,-0.02,0.0,1150.7,2.51
809,2017-11-15 09:22:50,2,0.0,0.05,0.0,1150.1,2.53
810,2017-11-15 09:22:51,2,0.0,-0.01,0.0,1150.8,2.21
811,2017-11-15 09:22:52,2,0.0,0.0,0.0,1150.8,2.18
812,2017-11-15 09:22:53,2,0.0,-0.02,0.0,1150.8,2.24
813,2017-11-15 09:22:54,2,0.0,-0.01,0.0,1149.4,2.35
814,2017-11-15 09:22:55,2,0.0,0.01,0.0,1149.5,2.44
815,2017-11-15 09:22:56,2,0.0,-0.03,0.0,1150.8,2.68
816,2017-11-15 09:22:57,2,0.0,-0.03,0.0,1150.0,2.69
817,2017-11-15 09:22:58,2,0.0,-0.02,0.0,1150.6,2.68
818,2017-11-15 09:22:59,2,0.0,-0.06,0.0,1149.6,2.39
819,2017-11-15 09:23:00,2,0.0,0.0,0.0,1149.7,2.24
820,2017-11-15 09:23:01,2,0.0,-0.03,0.0,1149.2,2.38
821,2017-11-15 09:23:02,2,0.0,0.01,0.0,1150.3,2.36
822,2017-11-15 09:23:03,2,0.0,0.02,0.0,1150.0,2.31
823,2017-11-15 09:23:04,2,0.0,-0.03,0.0,1149.0,2.32
824,2017-11-15 09:23:05,2,0.0,0.01,0.0,1149.2,2.42
825,2017-11-15 09:23:06,2,0.0,-0.03,0.0,1148.5,2.38
826,2017-11-15 09:23:07,2,0.0,0.0,0.0,1149.4,2.42
827,2017-11-15 09:23:08,2,0.0,-0.02,0.0,1149.4,2.51
828,2017-11-15 09:23:09,2,0.0,-0.03,0.0,1149.0,2.55
829,2017-11-15 09:23:10,2,0.0,-0.02,0.0,1148.2,2.49
830,2017-11-15 09:23:11,2,0.0,-0.01,0.0,1148.3,2.57
831,2017-11-15 09:23:12,2,0.0,0.0,0.0,1147.8,2.61
832,2017-11-15 09:23:13,2,0.0,-0.01,-6.5,1148.5,2.54
833,2017-11-15 09:23:14,2,0.0,0.02,-3.8,1149.1,2.39
834,2017-11-15 09:23:15,2,0.0,-0.05,-1.9,1149.0,2.36
835,2017-11-15 09:23:16,2,0.0,0.06,-1.6,1148.1,2.18
836,2017-11-15 09:23:17,2,0.0,0.01,-5.2,1147.7,1.89
837,2017-11-15 09:23:18,3,0.0,-0.02,27.4,1146.3,1.76
838,2017-11-15 09:23:19,3,0.0,0.0,47.9,1142.3,1.67
839,2017-11-15 09:23:20,3,0.0,0.02,69.4,1140.0,1.47
840,2017-11-15 09:23:21,3,0.0,0.0,104.6,1131.5,1.81
841,2017-11-15 09:23:22,3,0.0,-0.03,119.4,1125.1,2.05
842,2017-11-15 09:23:23,3,0.0,-0.05,137.3,1118.0,2.25
843,2017-11-15 09:23:24,3,0.0,-0.03,154.3,1111.7,2.5
844,2017-11-15 09:23:25,3,0.0,-0.08,183.0,1091.4,2.64
845,2017-11-15 09:23:26,3,0.0,0.0,182.6,1078.8,2.73
846,2017-11-15 09:23:27,3,0.0,0.01,174.0,1067.4,2.75
847,2017-11-15 09:23:28,3,0.0,0.0,166.6,1057.0,2.69
848,2017-11-15 09:23:29,3,0.0,0.0,145.9,1046.1,2.69
849,2017-11-15 09:23:30,3,0.0,-0.02,117.1,1030.8,2.9
850,2017-11-15 09:23:31,3,0.0,0.02,106.6,1025.9,3.08
851,2017-11-15 09:23:32,3,0.0,-0.03,91.6,1020.4,2.89
852,2017-11-15 09:23:33,3,0.0,-0.01,84.8,1014.9,2.83
853,2017-11-15 09:23:34,3,0.0,0.02,70.4,1009.2,3.08
854,2017-11-15 09:23:35,3,0.0,-0.03,65.0,1007.8,3.21
855,2017-11-15 09:23:36,3,0.0,-0.02,57.4,1006.3,3.49
856,2017-11-15 09:23:37,3,0.0,-0.01,54.3,1004.6,3.45
857,2017-11-15 09:23:38,3,0.0,-0.02,47.5,1003.9,3.04
858,2017-11-15 09:23:39,3,0.0,-0.02,47.2,1002.9,2.83
859,2017-11-15 09:23:40,3,0.0,-0.01,43.9,1002.1,3.01
860,2017-11-15 09:23:41,3,0.0,0.0,44.4,1001.4,3.23
861,2017-11-15 09:23:42,3,0.0,0.0,42.9,1002.8,3.49
862,2017-11-15 09:23:43,3,0.0,-0.03,41.9,1002.8,3.24
863,2017-11-15 09:23:44,3,0.0,-0.01,39.3,1002.8,3.04
864,2017-11-15 09:23:45,3,0.0,-0.01,41.9,1002.4,2.83
865,2017-11-15 09:23:46,3,0.0,-0.02,41.4,1002.2,2.69
866,2017-11-15 09:23:47,3,0.0,-0.05,39.8,1001.9,3.02
867,2017-11-15 09:23:48,3,0.0,-0.01,37.8,1002.6,3.12
868,2017-11-15 09:23:49,3,0.0,0.0,35.2,1003.1,3.16
869,2017-11-15 09:23:50,3,0.0,-0.03,39.9,1003.5,3.08
870,2017-11-15 09:23:51,3,0.0,0.02,35.9,1002.9,3.01
871,2017-11-15 09:23:52,3,0.0,-0.02,37.6,1002.9,2.8
872,2017-11-15 09:23:53,3,0.0,0.01,37.1,1002.6,2.89
873,2017-11-15 09:23:54,3,0.0,-0.01,38.8,1003.1,2.73
874,2017-11-15 09:23:55,3,0.0,0.02,36.6,1003.0,3.1
875,2017-11-15 09:23:56,3,0.0,0.0,37.6,1003.5,3.06
876,2017-11-15 09:23:57,3,0.0,-0.03,35.6,1003.3,3.06
877,2017-11-15 09:23:58,3,0.0,-0.01,34.6,1002.6,3.16
878,2017-11-15 09:23:59,3,0.0,0.03,35.7,1001.6,3.35
879,2017-11-15 09:24:00,3,0.0,-0.02,35.6,1002.3,3.15
880,2017-11-15 09:24:01,3,0.0,0.0,35.7,1002.8,3.01
881,2017-11-15 09:24:02,3,0.0,-0.01,33.5,1002.5,3.02
882,2017-11-15 09:24:03,3,0.0,0.01,32.5,1002.4,2.87
883,2017-11-15 09:24:04,3,0.0,0.01,29.6,1001.5,2.57
884,2017-11-15 09:24:05,3,0.0,-0.02,30.8,1001.1,2.58
885,2017-11-15 09:24:06,3,0.0,0.05,29.5,1000.7,2.57
886,2017-11-15 09:24:07,3,0.0,0.0,31.3,1001.2,2.66
887,2017-11-15 09:24:08,3,0.0,0.02,31.0,1001.6,3.12
888,2017-11-15 09:24:09,3,0.0,0.01,30.9,1001.6,3.28
889,2017-11-15 09:24:10,3,0.0,-0.02,31.2,1001.3,3.08
890,2017-11-15 09:24:11,3,0.0,-0.05,32.1,1000.7,3.05
891,2017-11-15 09:24:12,3,0.0,-0.01,31.9,1000.6,3.06
892,2017-11-15 09:24:13,3,0.0,-0.01,32.0,1001.0,2.86
893,2017-11-15 09:24:14,3,0.0,0.01,34.4,1001.7,2.75
894,2017-11-15 09:24:15,3,0.0,0.02,32.8,1001.3,2.58
895,2017-11-15 09:24:16,3,0.0,0.02,32.3,1001.1,2.75
896,2017-11-15 09:24:17,3,0.0,0.0,34.1,1000.5,2.62
897,2017-11-15 09:24:18,3,0.0,0.0,33.6,1000.8,2.58
898,2017-11-15 09:24:19,3,0.0,-0.03,32.6,1000.0,2.75
899,2017-11-15 09:24:20,3,0.0,0.0,29.6,1001.1,2.79
900,2017-11-15 09:24:21,3,0.0,0.0,31.0,1001.6,2.75
901,2017-11-15 09:24:22,3,0.0,-0.01,30.4,1001.1,2.9
902,2017-11-15 09:24:23,3,0.0,-0.01,30.4,1001.1,2.9
903,2017-11-15 09:24:24,3,0.0,-0.03,28.6,1000.4,2.75
904,2017-11-15 09:24:25,3,0.0,-0.01,30.9,1000.3,2.54
905,2017-11-15 09:24:26,3,0.0,-0.03,30.7,1000.6,2.72
