,real_time,giWecRunContion,grGenPowerForProcess,grGenSpeedForProcess,grNacelleFanRunningHours,grTemp1GearOil_1sec,grTempGearBearDE_1sec,grTempGearBearNDE_1sec,grTempGearOilHeaterSystem_1sec,grTempNacelle_1sec,grWindSpeed
0,2017-11-17 09:36:00,3,604.7,1703.3,0.0,70.82,75.4,79.52,-1.0,0.6,9.24
1,2017-11-17 09:36:01,3,603.3,1703.4,0.0,70.8,75.4,79.5,-1.0,0.6,10.7
2,2017-11-17 09:36:02,3,602.4,1704.5,0.0,70.82,75.4,79.57,-1.0,0.6,9.12
3,2017-11-17 09:36:03,3,602.9,1706.8,0.0,70.8,75.4,79.52,-1.0,0.6,8.53
4,2017-11-17 09:36:04,3,605.5,1712.2,0.0,70.8,75.4,79.5,-1.0,0.6,10.06
5,2017-11-17 09:36:05,3,602.5,1713.9,0.0,70.8,75.4,79.5,-1.0,0.6,9.81
6,2017-11-17 09:36:06,3,587.0,1711.4,0.0,70.8,75.4,79.5,-1.0,0.6,10.08
7,2017-11-17 09:36:07,3,555.1,1700.9,0.0,70.8,75.4,79.5,-1.0,0.6,10.95
8,2017-11-17 09:36:08,3,497.2,1643.6,0.0,70.8,75.4,79.52,-1.0,0.6,9.17
9,2017-11-17 09:36:09,3,476.6,1615.7,0.0,70.8,75.4,79.51,-1.0,0.6,9.99
10,2017-11-17 09:36:10,3,466.3,1593.6,0.0,70.8,75.4,79.55,-1.0,0.6,9.75
11,2017-11-17 09:36:11,3,462.2,1572.3,0.0,70.8,75.4,79.55,-1.0,0.6,10.06
12,2017-11-17 09:36:12,3,470.4,1550.7,0.0,70.8,75.4,79.5,-1.0,0.6,11.47
13,2017-11-17 09:36:13,3,473.8,1559.9,0.0,70.8,75.4,79.5,-1.0,0.6,11.61
14,2017-11-17 09:36:14,3,474.1,1567.2,0.0,70.8,75.4,79.5,-1.0,0.6,10.93
15,2017-11-17 09:36:15,3,475.8,1574.1,0.0,70.8,75.4,79.5,-1.0,0.6,10.12
16,2017-11-17 09:36:16,3,472.8,1583.6,0.0,70.8,75.4,79.5,-1.0,0.6,12.13
17,2017-11-17 09:36:17,3,471.5,1580.4,0.0,70.8,75.4,79.5,-1.0,0.6,11.65
18,2017-11-17 09:36:18,3,469.8,1575.0,0.0,70.8,75.4,79.5,-1.0,0.6,10.03
19,2017-11-17 09:36:20,3,473.7,1582.7,0.0,70.8,75.4,79.5,-1.0,0.6,9.81
20,2017-11-17 09:36:21,3,488.1,1579.4,0.0,70.8,75.4,79.5,-1.0,0.6,10.99
21,2017-11-17 09:36:22,3,516.9,1593.8,0.0,70.8,75.4,79.5,-1.0,0.6,11.22
22,2017-11-17 09:36:23,3,525.1,1621.2,0.0,70.8,75.4,79.5,-1.0,0.6,12.34
23,2017-11-17 09:36:24,3,523.4,1643.0,0.0,70.8,75.4,79.5,-1.0,0.6,12.14
24,2017-11-17 09:36:25,3,516.2,1653.7,0.0,70.8,75.4,79.5,-1.0,0.6,11.87
25,2017-11-17 09:36:26,3,513.2,1635.1,0.0,70.8,75.4,79.5,-1.0,0.6,10.19
26,2017-11-17 09:36:27,3,513.0,1632.2,0.0,70.8,75.4,79.5,-1.0,0.6,10.7
27,2017-11-17 09:36:28,3,513.7,1626.0,0.0,70.8,75.4,79.5,-1.0,0.6,10.89
28,2017-11-17 09:36:29,3,518.9,1628.1,0.0,70.8,75.37,79.5,-1.0,0.6,11.02
29,2017-11-17 09:36:30,3,514.7,1628.5,0.0,70.8,75.4,79.5,-1.0,0.6,10.34
30,2017-11-17 09:36:31,3,515.7,1624.3,0.0,70.8,75.37,79.5,-1.0,0.6,10.8
31,2017-11-17 09:36:32,3,520.2,1626.3,0.0,70.8,75.35,79.5,-1.0,0.6,9.55
32,2017-11-17 09:36:33,3,515.1,1627.3,0.0,70.8,75.37,79.5,-1.0,0.6,9.79
33,2017-11-17 09:36:34,3,514.4,1625.9,0.0,70.8,75.37,79.5,-1.0,0.6,9.59
34,2017-11-17 09:36:35,3,517.7,1626.1,0.0,70.77,75.33,79.5,-1.0,0.6,10.19
35,2017-11-17 09:36:36,3,509.3,1629.4,0.0,70.7,75.33,79.5,-1.0,0.6,8.87
36,2017-11-17 09:36:37,3,497.1,1622.5,0.0,70.72,75.32,79.5,-1.0,0.6,10.11
37,2017-11-17 09:36:38,3,496.9,1612.4,0.0,70.72,75.3,79.5,-1.0,0.6,9.0
38,2017-11-17 09:36:39,3,500.1,1600.2,0.0,70.7,75.3,79.5,-1.0,0.6,9.97
39,2017-11-17 09:36:40,3,499.6,1596.0,0.0,70.7,75.3,79.5,-1.0,0.6,10.76
40,2017-11-17 09:36:41,3,496.8,1593.5,0.0,70.7,75.3,79.5,-1.0,0.6,9.56
41,2017-11-17 09:36:42,3,500.0,1594.1,0.0,70.7,75.3,79.5,-1.0,0.6,9.81
42,2017-11-17 09:36:43,3,498.2,1594.9,0.0,70.7,75.3,79.5,-1.0,0.6,9.23
43,2017-11-17 09:36:44,3,500.4,1602.7,0.0,70.67,75.3,79.5,-1.0,0.6,11.29
44,2017-11-17 09:36:45,3,503.3,1608.1,0.0,70.68,75.3,79.5,-1.0,0.6,10.71
45,2017-11-17 09:36:46,3,495.6,1605.1,0.0,70.65,75.3,79.5,-1.0,0.6,10.43
46,2017-11-17 09:36:47,3,500.6,1604.7,0.0,70.65,75.3,79.5,-1.0,0.6,11.7
47,2017-11-17 09:36:48,3,500.7,1613.5,0.0,70.6,75.3,79.5,-1.0,0.6,10.12
48,2017-11-17 09:36:49,3,498.5,1611.8,0.0,70.6,75.3,79.5,-1.0,0.6,10.04
49,2017-11-17 09:36:50,3,502.8,1612.9,0.0,70.6,75.3,79.5,-1.0,0.6,10.19
50,2017-11-17 09:36:51,3,503.1,1617.1,0.0,70.6,75.3,79.5,-1.0,0.6,10.04
51,2017-11-17 09:36:52,3,477.7,1607.4,0.0,70.6,75.3,79.5,-1.0,0.6,11.29
52,2017-11-17 09:36:53,3,476.4,1591.0,0.0,70.6,75.3,79.5,-1.0,0.6,11.51
53,2017-11-17 09:36:54,3,482.3,1588.3,0.0,70.6,75.3,79.5,-1.0,0.6,10.5
54,2017-11-17 09:36:55,3,480.5,1586.4,0.0,70.6,75.3,79.5,-1.0,0.6,10.6
55,2017-11-17 09:36:56,3,485.6,1593.8,0.0,70.6,75.3,79.47,-1.0,0.6,11.72
56,2017-11-17 09:36:57,3,482.2,1592.6,0.0,70.6,75.3,79.45,-1.0,0.6,10.19
57,2017-11-17 09:36:58,3,480.9,1593.8,0.0,70.6,75.3,79.42,-1.0,0.6,12.17
58,2017-11-17 09:36:59,3,481.4,1593.4,0.0,70.6,75.3,79.4,-1.0,0.6,12.5
59,2017-11-17 09:37:00,3,481.1,1596.7,0.0,70.6,75.3,79.4,-1.0,0.6,12.94
60,2017-11-17 09:37:01,3,481.5,1595.2,0.0,70.6,75.3,79.4,-1.0,0.6,11.91
61,2017-11-17 09:37:02,3,476.3,1593.9,0.0,70.6,75.3,79.4,-1.0,0.6,11.39
62,2017-11-17 09:37:03,3,478.9,1593.2,0.0,70.6,75.3,79.4,-1.0,0.6,11.03
63,2017-11-17 09:37:04,3,477.5,1589.2,0.0,70.6,75.3,79.4,-1.0,0.6,11.36
64,2017-11-17 09:37:05,3,481.1,1583.1,0.0,70.6,75.3,79.4,-1.0,0.6,12.31
65,2017-11-17 09:37:06,3,480.7,1583.1,0.0,70.6,75.3,79.36,-1.0,0.6,11.68
66,2017-11-17 09:37:07,3,493.2,1581.9,0.0,70.57,75.3,79.32,-1.0,0.6,10.6
67,2017-11-17 09:37:08,3,519.0,1591.9,0.0,70.57,75.3,79.36,-1.0,0.6,11.33
68,2017-11-17 09:37:09,3,557.8,1646.6,0.0,70.5,75.28,79.3,-1.0,0.6,10.37
69,2017-11-17 09:37:10,3,550.1,1664.5,0.0,70.5,75.22,79.3,-1.0,0.6,9.95
70,2017-11-17 09:37:11,3,542.2,1662.9,0.0,70.5,75.22,79.3,-1.0,0.6,10.62
71,2017-11-17 09:37:12,3,541.3,1655.9,0.0,70.5,75.2,79.3,-1.0,0.6,10.96
72,2017-11-17 09:37:13,3,544.0,1647.0,0.0,70.5,75.2,79.3,-1.0,0.6,10.98
73,2017-11-17 09:37:14,3,548.5,1652.4,0.0,70.5,75.2,79.3,-1.0,0.6,8.64
74,2017-11-17 09:37:15,3,549.2,1663.0,0.0,70.5,75.2,79.3,-1.0,0.6,10.08
75,2017-11-17 09:37:16,3,547.6,1668.9,0.0,70.5,75.2,79.3,-1.0,0.6,12.9
76,2017-11-17 09:37:17,3,549.3,1670.0,0.0,70.5,75.17,79.3,-1.0,0.6,9.77
77,2017-11-17 09:37:18,3,544.4,1671.9,0.0,70.5,75.19,79.3,-1.0,0.6,9.79
78,2017-11-17 09:37:19,3,546.6,1671.1,0.0,70.5,75.11,79.3,-1.0,0.6,9.67
79,2017-11-17 09:37:20,3,548.2,1670.1,0.0,70.5,75.12,79.3,-1.0,0.6,11.15
80,2017-11-17 09:37:21,3,544.6,1671.0,0.0,70.5,75.1,79.3,-1.0,0.6,10.85
81,2017-11-17 09:37:22,3,522.3,1666.6,0.0,70.5,75.1,79.3,-1.0,0.6,11.94
82,2017-11-17 09:37:23,3,517.2,1653.0,0.0,70.5,75.1,79.3,-1.0,0.6,11.15
83,2017-11-17 09:37:24,3,514.6,1635.1,0.0,70.5,75.1,79.3,-1.0,0.6,9.86
84,2017-11-17 09:37:25,3,514.5,1620.9,0.0,70.5,75.1,79.3,-1.0,0.6,10.52
85,2017-11-17 09:37:26,3,520.3,1614.1,0.0,70.47,75.1,79.3,-1.0,0.6,12.1
86,2017-11-17 09:37:27,3,519.6,1615.9,0.0,70.47,75.1,79.27,-1.0,0.6,11.91
87,2017-11-17 09:37:28,3,519.0,1613.0,0.0,70.43,75.1,79.26,-1.0,0.6,11.65
88,2017-11-17 09:37:29,3,518.2,1611.0,0.0,70.42,75.1,79.22,-1.0,0.6,9.81
89,2017-11-17 09:37:30,3,520.0,1617.6,0.0,70.4,75.1,79.2,-1.0,0.6,10.76
90,2017-11-17 09:37:31,3,520.5,1621.9,0.0,70.4,75.1,79.2,-1.0,0.6,11.17
91,2017-11-17 09:37:32,3,519.3,1620.0,0.0,70.4,75.1,79.2,-1.0,0.6,11.33
92,2017-11-17 09:37:33,3,519.9,1624.6,0.0,70.4,75.1,79.2,-1.0,0.6,10.6
93,2017-11-17 09:37:34,3,517.8,1627.8,0.0,70.4,75.1,79.2,-1.0,0.6,11.0
94,2017-11-17 09:37:35,3,521.0,1631.8,0.0,70.4,75.1,79.2,-1.0,0.6,9.79
95,2017-11-17 09:37:36,3,522.4,1634.3,0.0,70.4,75.1,79.2,-1.0,0.6,10.54
96,2017-11-17 09:37:37,3,519.7,1632.6,0.0,70.4,75.07,79.2,-1.0,0.6,11.21
97,2017-11-17 09:37:38,3,556.7,1654.1,0.0,70.4,75.05,79.1,-1.0,0.6,10.96
98,2017-11-17 09:37:39,3,554.5,1668.4,0.0,70.4,75.05,79.1,-1.0,0.6,10.89
99,2017-11-17 09:37:40,3,552.1,1673.3,0.0,70.4,75.0,79.1,-1.0,0.6,10.62
100,2017-11-17 09:37:41,3,548.7,1670.6,0.0,70.4,75.0,79.1,-1.0,0.6,10.29
101,2017-11-17 09:37:43,3,549.2,1664.9,0.0,70.3,75.0,79.1,-1.0,0.6,11.06
102,2017-11-17 09:37:44,3,554.6,1665.3,0.0,70.3,75.0,79.1,-1.0,0.6,11.61
103,2017-11-17 09:37:46,3,554.0,1667.0,0.0,70.3,75.0,79.1,-1.0,0.6,12.21
104,2017-11-17 09:37:47,3,549.6,1658.8,0.0,70.3,75.0,79.1,-1.0,0.6,12.23
105,2017-11-17 09:37:48,3,550.7,1658.6,0.0,70.3,75.0,79.1,-1.0,0.6,11.88
106,2017-11-17 09:37:49,3,551.5,1658.8,0.0,70.3,75.0,79.1,-1.0,0.6,11.84
107,2017-11-17 09:37:50,3,548.7,1654.1,0.0,70.3,75.0,79.1,-1.0,0.6,10.85
108,2017-11-17 09:37:51,3,552.4,1650.1,0.0,70.3,75.0,79.1,-1.0,0.6,10.6
109,2017-11-17 09:37:52,3,538.8,1656.0,0.0,70.3,75.0,79.1,-1.0,0.6,10.12
110,2017-11-17 09:37:53,3,507.0,1647.2,0.0,70.3,75.0,79.1,-1.0,0.6,10.56
111,2017-11-17 09:37:54,3,496.1,1628.0,0.0,70.3,75.0,79.1,-1.0,0.6,9.67
112,2017-11-17 09:37:55,3,499.2,1610.7,0.0,70.3,75.0,79.1,-1.0,0.6,9.3
113,2017-11-17 09:37:56,3,503.6,1595.6,0.0,70.3,74.99,79.1,-1.0,0.6,11.13
114,2017-11-17 09:37:57,3,504.4,1603.1,0.0,70.3,74.95,79.1,-1.0,0.6,9.89
115,2017-11-17 09:37:58,3,505.3,1607.8,0.0,70.3,74.95,79.1,-1.0,0.6,9.99
116,2017-11-17 09:37:59,3,501.5,1609.9,0.0,70.3,74.9,79.1,-1.0,0.6,10.52
117,2017-11-17 09:38:00,3,504.2,1605.6,0.0,70.3,74.9,79.1,-1.0,0.6,11.47
118,2017-11-17 09:38:01,3,505.1,1607.2,0.0,70.3,74.9,79.1,-1.0,0.6,12.23
119,2017-11-17 09:38:02,3,501.2,1607.2,0.0,70.3,74.9,79.1,-1.0,0.6,11.04
120,2017-11-17 09:38:03,3,502.7,1604.7,0.0,70.3,74.9,79.1,-1.0,0.6,11.72
121,2017-11-17 09:38:04,3,504.9,1611.9,0.0,70.3,74.9,79.1,-1.0,0.6,9.83
122,2017-11-17 09:38:05,3,501.2,1613.0,0.0,70.3,74.9,79.05,-1.0,0.6,9.08
123,2017-11-17 09:38:06,3,506.1,1614.2,0.0,70.3,74.9,79.0,-1.0,0.6,9.66
124,2017-11-17 09:38:07,3,501.1,1612.7,0.0,70.3,74.9,79.0,-1.0,0.6,11.53
125,2017-11-17 09:38:08,3,543.5,1627.1,0.0,70.27,74.9,79.0,-1.0,0.6,11.68
126,2017-11-17 09:38:09,3,578.7,1650.3,0.0,70.25,74.86,79.0,-1.0,0.6,11.73
127,2017-11-17 09:38:10,3,602.3,1686.9,0.0,70.2,74.82,79.0,-1.0,0.6,11.74
128,2017-11-17 09:38:11,3,604.9,1721.6,0.0,70.24,74.82,79.0,-1.0,0.6,12.23
129,2017-11-17 09:38:12,3,591.2,1729.3,0.0,70.2,74.8,79.0,-1.0,0.6,12.34
130,2017-11-17 09:38:13,3,590.5,1718.1,0.0,70.2,74.8,79.0,-1.0,0.6,11.39
131,2017-11-17 09:38:14,3,595.2,1712.8,0.0,70.2,74.8,79.0,-1.0,0.6,12.32
132,2017-11-17 09:38:15,3,597.0,1709.0,0.0,70.2,74.8,79.0,-1.0,0.6,12.65
133,2017-11-17 09:38:16,3,598.8,1717.9,0.0,70.2,74.8,79.0,-1.0,0.6,11.48
134,2017-11-17 09:38:17,3,596.5,1716.3,0.0,70.2,74.8,79.0,-1.0,0.6,9.05
135,2017-11-17 09:38:18,3,593.5,1710.9,0.0,70.2,74.8,79.0,-1.0,0.6,10.88
136,2017-11-17 09:38:19,3,594.9,1710.5,0.0,70.2,74.8,79.0,-1.0,0.6,11.04
137,2017-11-17 09:38:20,3,597.1,1708.2,0.0,70.2,74.8,79.0,-1.0,0.6,11.0
138,2017-11-17 09:38:21,3,595.3,1708.2,0.0,70.17,74.8,79.0,-1.0,0.6,10.44
139,2017-11-17 09:38:22,3,598.5,1703.4,0.0,70.2,74.8,79.0,-1.0,0.6,12.16
140,2017-11-17 09:38:23,3,607.9,1704.4,0.0,70.18,74.8,79.0,-1.0,0.6,11.54
141,2017-11-17 09:38:24,3,606.7,1706.6,0.0,70.16,74.8,79.0,-1.0,0.6,10.5
142,2017-11-17 09:38:25,3,607.7,1710.3,0.0,70.17,74.8,79.0,-1.0,0.6,11.68
143,2017-11-17 09:38:26,3,602.1,1709.9,0.0,70.15,74.8,79.0,-1.0,0.6,11.17
144,2017-11-17 09:38:28,3,605.1,1706.0,0.0,70.14,74.8,79.0,-1.0,0.6,10.51
145,2017-11-17 09:38:29,3,603.6,1700.7,0.0,70.12,74.8,79.0,-1.0,0.6,10.52
146,2017-11-17 09:38:30,3,604.5,1699.0,0.0,70.13,74.7,79.0,-1.0,0.6,8.98
147,2017-11-17 09:38:31,3,604.9,1699.7,0.0,70.15,74.7,79.0,-1.0,0.6,10.11
148,2017-11-17 09:38:32,3,599.7,1698.5,0.0,70.1,74.7,79.0,-1.0,0.6,10.12
149,2017-11-17 09:38:33,3,603.6,1699.3,0.0,70.17,74.7,79.0,-1.0,0.6,10.11
150,2017-11-17 09:38:34,3,604.7,1698.7,0.0,70.16,74.7,79.0,-1.0,0.6,11.84
151,2017-11-17 09:38:35,3,607.2,1701.6,0.0,70.17,74.7,79.0,-1.0,0.6,10.95
152,2017-11-17 09:38:36,3,603.7,1701.3,0.0,70.13,74.7,79.0,-1.0,0.6,10.95
153,2017-11-17 09:38:37,3,601.2,1702.5,0.0,70.13,74.7,78.97,-1.0,0.6,9.67
154,2017-11-17 09:38:38,3,601.2,1705.2,0.0,70.13,74.7,78.99,-1.0,0.6,8.86
155,2017-11-17 09:38:39,3,543.7,1690.7,0.0,70.15,74.7,78.97,-1.0,0.6,11.17
156,2017-11-17 09:38:40,3,536.3,1659.6,0.0,70.13,74.7,78.95,-1.0,0.6,11.18
157,2017-11-17 09:38:41,3,540.2,1634.8,0.0,70.15,74.7,78.96,-1.0,0.6,12.38
158,2017-11-17 09:38:42,3,542.4,1626.9,0.0,70.15,74.7,78.9,-1.0,0.6,10.33
159,2017-11-17 09:38:43,3,546.7,1636.0,0.0,70.1,74.67,78.9,-1.0,0.6,9.13
160,2017-11-17 09:38:44,3,548.1,1641.3,0.0,70.14,74.65,78.9,-1.0,0.6,9.07
161,2017-11-17 09:38:45,3,549.7,1648.1,0.0,70.15,74.62,78.9,-1.0,0.6,8.04
162,2017-11-17 09:38:46,3,546.8,1645.8,0.0,70.14,74.6,78.9,-1.0,0.6,8.43
163,2017-11-17 09:38:47,3,550.1,1652.0,0.0,70.1,74.6,78.9,-1.0,0.6,9.75
164,2017-11-17 09:38:48,3,549.3,1656.9,0.0,70.1,74.6,78.9,-1.0,0.6,10.82
165,2017-11-17 09:38:49,3,546.5,1660.0,0.0,70.15,74.6,78.9,-1.0,0.6,10.98
166,2017-11-17 09:38:50,3,549.8,1663.4,0.0,70.1,74.6,78.9,-1.0,0.6,11.92
167,2017-11-17 09:38:51,3,548.1,1661.5,0.0,70.1,74.6,78.9,-1.0,0.6,11.76
168,2017-11-17 09:38:52,3,542.3,1655.5,0.0,70.1,74.6,78.9,-1.0,0.6,12.25
169,2017-11-17 09:38:53,3,552.4,1652.1,0.0,70.1,74.6,78.9,-1.0,0.6,11.68
170,2017-11-17 09:38:54,3,564.5,1659.2,0.0,70.1,74.6,78.9,-1.0,0.6,11.76
171,2017-11-17 09:38:55,3,562.3,1672.8,0.0,70.1,74.6,78.9,-1.0,0.6,12.35
172,2017-11-17 09:38:56,3,565.8,1676.9,0.0,70.1,74.6,78.9,-1.0,0.6,12.17
173,2017-11-17 09:38:57,3,563.8,1675.2,0.0,70.1,74.6,78.9,-1.0,0.6,12.8
174,2017-11-17 09:38:58,3,565.0,1676.7,0.0,70.1,74.6,78.9,-1.0,0.6,12.03
175,2017-11-17 09:38:59,3,562.0,1679.2,0.0,70.1,74.6,78.9,-1.0,0.6,11.24
176,2017-11-17 09:39:00,3,567.5,1683.9,0.0,70.1,74.6,78.9,-1.0,0.6,9.66
177,2017-11-17 09:39:01,3,564.0,1681.9,0.0,70.1,74.6,78.9,-1.0,0.6,10.71
178,2017-11-17 09:39:02,3,564.7,1680.9,0.0,70.1,74.6,78.9,-1.0,0.6,11.92
179,2017-11-17 09:39:03,3,564.7,1680.9,0.0,70.1,74.6,78.9,-1.0,0.6,11.87
180,2017-11-17 09:39:04,3,561.1,1676.8,0.0,70.1,74.6,78.9,-1.0,0.6,11.15
181,2017-11-17 09:39:05,3,565.3,1678.2,0.0,70.1,74.6,78.9,-1.0,0.6,11.39
182,2017-11-17 09:39:06,3,566.4,1677.6,0.0,70.1,74.6,78.9,-1.0,0.6,11.42
183,2017-11-17 09:39:07,3,561.9,1677.9,0.0,70.1,74.6,78.9,-1.0,0.6,9.67
184,2017-11-17 09:39:08,3,577.7,1675.3,0.0,70.1,74.6,78.9,-1.0,0.6,10.12
185,2017-11-17 09:39:09,3,605.5,1684.7,0.0,70.1,74.6,78.9,-1.0,0.6,10.92
186,2017-11-17 09:39:10,3,612.1,1703.0,0.0,70.1,74.57,78.9,-1.0,0.6,10.52
187,2017-11-17 09:39:11,3,612.5,1716.5,0.0,70.1,74.56,78.9,-1.0,0.6,10.76
188,2017-11-17 09:39:12,3,610.7,1723.7,0.0,70.1,74.5,78.87,-1.0,0.6,8.6
189,2017-11-17 09:39:13,3,606.2,1715.5,0.0,70.1,74.52,78.87,-1.0,0.6,9.85
190,2017-11-17 09:39:14,3,608.0,1708.3,0.0,70.1,74.52,78.85,-1.0,0.6,9.53
191,2017-11-17 09:39:15,3,612.6,1711.8,0.0,70.1,74.51,78.82,-1.0,0.6,8.56
192,2017-11-17 09:39:16,3,612.6,1719.0,0.0,70.1,74.5,78.88,-1.0,0.6,8.41
193,2017-11-17 09:39:17,3,611.5,1720.8,0.0,70.1,74.5,78.86,-1.0,0.6,8.75
194,2017-11-17 09:39:18,3,609.1,1717.2,0.0,70.1,74.5,78.8,-1.0,0.6,9.46
195,2017-11-17 09:39:19,3,610.7,1712.4,0.0,70.1,74.5,78.82,-1.0,0.6,9.5
196,2017-11-17 09:39:20,3,610.8,1717.3,0.0,70.1,74.5,78.84,-1.0,0.6,10.52
197,2017-11-17 09:39:21,3,608.9,1719.3,0.0,70.1,74.5,78.8,-1.0,0.6,9.77
198,2017-11-17 09:39:22,3,610.3,1721.5,0.0,70.1,74.5,78.82,-1.0,0.6,9.89
199,2017-11-17 09:39:23,3,609.3,1723.2,0.0,70.1,74.5,78.8,-1.0,0.6,9.61
200,2017-11-17 09:39:24,3,600.5,1722.9,0.0,70.1,74.5,78.8,-1.0,0.6,9.89
201,2017-11-17 09:39:25,3,538.1,1686.2,0.0,70.1,74.5,78.8,-1.0,0.6,9.66
202,2017-11-17 09:39:26,3,509.7,1654.0,0.0,70.1,74.5,78.8,-1.0,0.6,9.26
203,2017-11-17 09:39:27,3,487.2,1631.5,0.0,70.1,74.5,78.8,-1.0,0.6,9.56
204,2017-11-17 09:39:28,3,464.6,1612.4,0.0,70.1,74.5,78.8,-1.0,0.6,11.29
205,2017-11-17 09:39:29,3,417.5,1578.7,0.0,70.1,74.5,78.8,-1.0,0.6,10.37
206,2017-11-17 09:39:30,3,419.8,1567.8,0.0,70.1,74.5,78.8,-1.0,0.6,9.67
207,2017-11-17 09:39:31,3,420.3,1556.9,0.0,70.1,74.5,78.8,-1.0,0.6,9.85
208,2017-11-17 09:39:32,3,418.1,1552.7,0.0,70.1,74.5,78.8,-1.0,0.6,9.89
209,2017-11-17 09:39:33,3,420.2,1549.3,0.0,70.1,74.5,78.8,-1.0,0.6,10.19
210,2017-11-17 09:39:34,3,421.2,1544.8,0.0,70.1,74.5,78.8,-1.0,0.6,10.48
211,2017-11-17 09:39:35,3,423.1,1542.1,0.0,70.1,74.5,78.8,-1.0,0.6,11.17
212,2017-11-17 09:39:36,3,423.9,1542.2,0.0,70.1,74.5,78.8,-1.0,0.6,10.17
213,2017-11-17 09:39:37,3,419.7,1531.4,0.0,70.1,74.5,78.8,-1.0,0.6,9.53
214,2017-11-17 09:39:38,3,420.9,1528.0,0.0,70.1,74.5,78.8,-1.0,0.6,9.61
215,2017-11-17 09:39:39,3,429.2,1531.3,0.0,70.1,74.5,78.8,-1.0,0.6,10.23
216,2017-11-17 09:39:40,3,448.6,1541.4,0.0,70.1,74.49,78.8,-1.0,0.6,9.79
217,2017-11-17 09:39:41,3,522.6,1603.7,0.0,70.1,74.45,78.8,-1.0,0.6,9.46
218,2017-11-17 09:39:42,3,524.3,1641.7,0.0,70.1,74.4,78.8,-1.0,0.6,9.72
219,2017-11-17 09:39:43,3,518.9,1654.9,0.0,70.1,74.46,78.8,-1.0,0.6,12.42
220,2017-11-17 09:39:44,3,514.1,1651.0,0.0,70.1,74.43,78.8,-1.0,0.6,11.55
221,2017-11-17 09:39:45,3,509.3,1629.8,0.0,70.1,74.4,78.8,-1.0,0.6,12.17
222,2017-11-17 09:39:46,3,511.1,1627.3,0.0,70.1,74.4,78.8,-1.0,0.6,10.45
223,2017-11-17 09:39:47,3,513.9,1628.5,0.0,70.1,74.4,78.8,-1.0,0.6,10.74
224,2017-11-17 09:39:48,3,515.7,1632.9,0.0,70.1,74.4,78.8,-1.0,0.6,11.88
225,2017-11-17 09:39:49,3,512.1,1631.9,0.0,70.1,74.4,78.8,-1.0,0.6,12.2
226,2017-11-17 09:39:50,3,517.1,1630.9,0.0,70.1,74.4,78.8,-1.0,0.6,11.06
227,2017-11-17 09:39:51,3,514.3,1633.0,0.0,70.1,74.4,78.8,-1.0,0.6,11.59
228,2017-11-17 09:39:52,3,513.4,1636.4,0.0,70.1,74.4,78.8,-1.0,0.6,10.78
229,2017-11-17 09:39:53,3,512.1,1636.6,0.0,70.1,74.4,78.8,-1.0,0.6,12.56
230,2017-11-17 09:39:54,3,538.5,1635.3,0.0,70.1,74.4,78.8,-1.0,0.6,11.0
231,2017-11-17 09:39:55,3,570.5,1651.4,0.0,70.1,74.4,78.8,-1.0,0.6,11.85
232,2017-11-17 09:39:56,3,596.4,1680.7,0.0,70.1,74.4,78.8,-1.0,0.6,13.2
233,2017-11-17 09:39:58,3,601.2,1730.1,0.0,70.05,74.4,78.8,-1.0,0.6,12.43
234,2017-11-17 09:39:59,3,597.3,1717.2,0.0,70.0,74.4,78.8,-1.0,0.6,11.36
235,2017-11-17 09:40:00,3,595.0,1703.9,0.0,70.0,74.4,78.8,-1.0,0.6,11.55
236,2017-11-17 09:40:01,3,597.7,1702.0,0.0,70.0,74.4,78.8,-1.0,0.6,11.42
237,2017-11-17 09:40:02,3,602.1,1713.3,0.0,70.0,74.4,78.8,-1.0,0.6,11.1
238,2017-11-17 09:40:03,3,601.9,1716.7,0.0,70.0,74.4,78.8,-1.0,0.6,11.77
239,2017-11-17 09:40:04,3,597.3,1712.3,0.0,70.0,74.4,78.8,-1.0,0.6,10.7
240,2017-11-17 09:40:05,3,598.0,1707.1,0.0,70.0,74.4,78.8,-1.0,0.6,10.89
241,2017-11-17 09:40:06,3,594.4,1707.9,0.0,70.0,74.4,78.8,-1.0,0.6,12.14
242,2017-11-17 09:40:07,3,597.1,1701.1,0.0,70.0,74.32,78.8,-1.0,0.6,12.2
243,2017-11-17 09:40:08,3,600.1,1704.4,0.0,70.0,74.31,78.8,-1.0,0.6,12.65
244,2017-11-17 09:40:09,3,601.0,1706.1,0.0,70.0,74.37,78.8,-1.0,0.6,11.74
245,2017-11-17 09:40:10,3,615.5,1714.6,0.0,70.0,74.35,78.8,-1.0,0.6,12.07
246,2017-11-17 09:40:11,3,610.9,1724.7,0.0,70.0,74.3,78.8,-1.0,0.6,12.35
247,2017-11-17 09:40:12,3,610.7,1723.3,0.0,70.0,74.32,78.78,-1.0,0.6,11.0
248,2017-11-17 09:40:13,3,613.8,1720.8,0.0,70.0,74.32,78.77,-1.0,0.6,10.52
249,2017-11-17 09:40:14,3,614.0,1721.9,0.0,70.0,74.3,78.77,-1.0,0.6,11.77
250,2017-11-17 09:40:15,3,612.7,1719.2,0.0,70.0,74.3,78.76,-1.0,0.6,10.62
251,2017-11-17 09:40:16,3,615.3,1716.6,0.0,70.0,74.3,78.74,-1.0,0.6,11.02
252,2017-11-17 09:40:17,3,608.7,1710.7,0.0,70.0,74.3,78.72,-1.0,0.6,11.07
253,2017-11-17 09:40:18,3,612.6,1707.4,0.0,70.0,74.3,78.7,-1.0,0.6,10.98
254,2017-11-17 09:40:19,3,615.7,1710.1,0.0,70.0,74.3,78.72,-1.0,0.6,11.04
255,2017-11-17 09:40:20,3,610.3,1716.3,0.0,70.0,74.3,78.7,-1.0,0.6,11.1
256,2017-11-17 09:40:21,3,610.9,1716.6,0.0,70.0,74.3,78.7,-1.0,0.6,10.3
257,2017-11-17 09:40:22,3,615.0,1718.0,0.0,70.0,74.3,78.7,-1.0,0.6,11.37
258,2017-11-17 09:40:23,3,610.4,1718.3,0.0,70.0,74.3,78.7,-1.0,0.6,11.43
259,2017-11-17 09:40:24,3,612.2,1717.8,0.0,70.0,74.3,78.7,-1.0,0.6,13.05
260,2017-11-17 09:40:25,3,618.7,1724.8,0.0,70.0,74.3,78.7,-1.0,0.6,12.32
261,2017-11-17 09:40:26,3,614.6,1724.5,0.0,70.0,74.3,78.7,-1.0,0.6,11.55
262,2017-11-17 09:40:27,3,614.2,1725.1,0.0,70.0,74.3,78.7,-1.0,0.6,11.13
263,2017-11-17 09:40:28,3,614.4,1723.0,0.0,70.0,74.3,78.7,-1.0,0.6,12.23
264,2017-11-17 09:40:29,3,610.2,1722.0,0.0,70.0,74.3,78.7,-1.0,0.6,11.13
265,2017-11-17 09:40:30,3,613.9,1719.1,0.0,70.0,74.3,78.7,-1.0,0.6,10.8
266,2017-11-17 09:40:31,3,613.4,1718.8,0.0,70.0,74.3,78.7,-1.0,0.6,10.17
267,2017-11-17 09:40:32,3,615.0,1722.6,0.0,70.0,74.3,78.7,-1.0,0.6,12.02
268,2017-11-17 09:40:34,3,613.5,1729.8,0.0,70.0,74.3,78.7,-1.0,0.6,11.24
269,2017-11-17 09:40:35,3,610.1,1727.3,0.0,70.0,74.3,78.7,-1.0,0.6,10.58
270,2017-11-17 09:40:36,3,616.9,1727.6,0.0,70.0,74.3,78.7,-1.0,0.6,10.8
271,2017-11-17 09:40:37,3,612.6,1730.2,0.0,70.0,74.3,78.7,-1.0,0.6,11.69
272,2017-11-17 09:40:38,3,615.5,1727.1,0.0,70.0,74.3,78.7,-1.0,0.6,11.42
273,2017-11-17 09:40:39,3,618.2,1726.8,0.0,70.0,74.3,78.69,-1.0,0.6,10.62
274,2017-11-17 09:40:40,3,617.0,1730.6,0.0,70.0,74.3,78.66,-1.0,0.6,11.51
275,2017-11-17 09:40:41,3,614.2,1728.1,0.0,70.0,74.3,78.63,-1.0,0.6,10.44
276,2017-11-17 09:40:42,3,619.9,1725.3,0.0,70.0,74.3,78.68,-1.0,0.6,10.71
277,2017-11-17 09:40:43,3,614.6,1725.0,0.0,70.02,74.3,78.7,-1.0,0.6,11.87
278,2017-11-17 09:40:44,3,613.8,1718.6,0.0,70.02,74.3,78.67,-1.0,0.6,10.82
279,2017-11-17 09:40:45,3,617.6,1716.7,0.0,70.0,74.3,78.63,-1.0,0.6,11.03
280,2017-11-17 09:40:46,3,618.3,1718.8,0.0,70.02,74.3,78.67,-1.0,0.6,11.99
281,2017-11-17 09:40:47,3,613.7,1720.9,0.0,70.05,74.3,78.62,-1.0,0.6,12.39
282,2017-11-17 09:40:48,3,614.9,1719.4,0.0,70.02,74.3,78.6,-1.0,0.6,11.29
283,2017-11-17 09:40:49,3,621.5,1720.6,0.0,70.05,74.3,78.62,-1.0,0.6,11.36
284,2017-11-17 09:40:50,3,617.2,1717.9,0.0,70.1,74.3,78.6,-1.0,0.6,11.15
285,2017-11-17 09:40:51,3,619.8,1720.6,0.0,70.1,74.27,78.64,-1.0,0.6,11.98
286,2017-11-17 09:40:52,3,621.8,1720.7,0.0,70.1,74.3,78.61,-1.0,0.6,11.84
287,2017-11-17 09:40:53,3,614.7,1719.9,0.0,70.1,74.29,78.6,-1.0,0.6,11.95
288,2017-11-17 09:40:54,3,616.6,1719.8,0.0,70.1,74.21,78.6,-1.0,0.6,12.05
289,2017-11-17 09:40:55,3,612.9,1721.8,0.0,70.1,74.25,78.62,-1.0,0.6,10.84
290,2017-11-17 09:40:56,3,615.3,1717.2,0.0,70.1,74.25,78.6,-1.0,0.6,10.04
291,2017-11-17 09:40:57,3,615.5,1719.6,0.0,70.07,74.22,78.62,-1.0,0.6,9.97
292,2017-11-17 09:40:58,3,615.1,1722.3,0.0,70.1,74.21,78.6,-1.0,0.6,11.44
293,2017-11-17 09:40:59,3,618.1,1719.9,0.0,70.1,74.2,78.6,-1.0,0.6,10.84
294,2017-11-17 09:41:00,3,617.4,1719.7,0.0,70.1,74.22,78.6,-1.0,0.6,9.39
295,2017-11-17 09:41:01,3,617.7,1724.3,0.0,70.1,74.2,78.6,-1.0,0.6,11.43
296,2017-11-17 09:41:02,3,612.1,1724.7,0.0,70.1,74.2,78.6,-1.0,0.6,11.17
297,2017-11-17 09:41:03,3,613.4,1726.2,0.0,70.1,74.2,78.6,-1.0,0.6,10.23
298,2017-11-17 09:41:04,3,616.8,1729.0,0.0,70.1,74.2,78.6,-1.0,0.6,10.45
299,2017-11-17 09:41:05,3,616.6,1730.3,0.0,70.1,74.2,78.6,-1.0,0.6,10.17
300,2017-11-17 09:41:06,3,616.5,1731.7,0.0,70.1,74.2,78.6,-1.0,0.6,11.39
301,2017-11-17 09:41:07,3,615.9,1730.3,0.0,70.1,74.2,78.6,-1.0,0.6,10.07
302,2017-11-17 09:41:08,3,617.0,1729.4,0.0,70.1,74.2,78.6,-1.0,0.6,11.29
303,2017-11-17 09:41:09,3,617.9,1728.3,0.0,70.1,74.2,78.6,-1.0,0.6,11.68
304,2017-11-17 09:41:10,3,620.6,1725.9,0.0,70.1,74.2,78.6,-1.0,0.6,11.59
305,2017-11-17 09:41:11,3,625.3,1727.6,0.0,70.1,74.2,78.6,-1.0,0.6,11.44
306,2017-11-17 09:41:12,3,621.9,1729.8,0.0,70.1,74.2,78.6,-1.0,0.6,11.44
307,2017-11-17 09:41:13,3,625.7,1731.2,0.0,70.1,74.2,78.6,-1.0,0.6,10.74
308,2017-11-17 09:41:14,3,622.2,1727.5,0.0,70.1,74.2,78.6,-1.0,0.6,9.26
309,2017-11-17 09:41:15,3,624.1,1728.0,0.0,70.1,74.2,78.6,-1.0,0.6,9.89
310,2017-11-17 09:41:16,3,618.1,1729.0,0.0,70.1,74.2,78.6,-1.0,0.6,11.25
311,2017-11-17 09:41:17,3,629.3,1730.1,0.0,70.1,74.2,78.6,-1.0,0.6,10.78
312,2017-11-17 09:41:18,3,623.5,1730.3,0.0,70.1,74.2,78.6,-1.0,0.6,12.28
313,2017-11-17 09:41:19,3,623.9,1726.5,0.0,70.1,74.2,78.6,-1.0,0.6,11.14
314,2017-11-17 09:41:20,3,627.0,1731.1,0.0,70.1,74.2,78.6,-1.0,0.6,12.35
315,2017-11-17 09:41:21,3,620.2,1728.3,0.0,70.1,74.2,78.6,-1.0,0.6,11.17
316,2017-11-17 09:41:22,3,622.0,1725.4,0.0,70.1,74.2,78.6,-1.0,0.6,10.22
317,2017-11-17 09:41:23,3,622.4,1724.9,0.0,70.1,74.2,78.6,-1.0,0.6,10.22
318,2017-11-17 09:41:24,3,622.8,1729.5,0.0,70.1,74.2,78.6,-1.0,0.6,10.48
319,2017-11-17 09:41:25,3,621.6,1728.9,0.0,70.1,74.2,78.6,-1.0,0.6,11.25
320,2017-11-17 09:41:26,3,620.5,1729.3,0.0,70.1,74.2,78.6,-1.0,0.6,11.24
321,2017-11-17 09:41:27,3,619.9,1732.9,0.0,70.1,74.17,78.6,-1.0,0.6,11.8
322,2017-11-17 09:41:28,3,615.9,1728.4,0.0,70.1,74.2,78.6,-1.0,0.6,10.3
323,2017-11-17 09:41:29,3,621.1,1726.1,0.0,70.1,74.17,78.6,-1.0,0.6,9.96
324,2017-11-17 09:41:30,3,617.4,1725.6,0.0,70.1,74.16,78.6,-1.0,0.6,11.1
325,2017-11-17 09:41:31,3,618.1,1724.5,0.0,70.1,74.15,78.6,-1.0,0.6,10.26
326,2017-11-17 09:41:32,3,621.0,1722.8,0.0,70.1,74.17,78.6,-1.0,0.6,10.7
327,2017-11-17 09:41:33,3,618.7,1729.0,0.0,70.1,74.15,78.6,-1.0,0.6,10.19
328,2017-11-17 09:41:34,3,618.3,1726.3,0.0,70.1,74.16,78.6,-1.0,0.6,10.77
329,2017-11-17 09:41:35,3,619.2,1731.2,0.0,70.1,74.12,78.6,-1.0,0.6,9.61
330,2017-11-17 09:41:36,3,614.8,1729.0,0.0,70.1,74.16,78.6,-1.0,0.6,9.71
331,2017-11-17 09:41:37,3,620.3,1724.1,0.0,70.1,74.2,78.6,-1.0,0.6,8.96
332,2017-11-17 09:41:38,3,622.2,1729.1,0.0,70.1,74.16,78.6,-1.0,0.6,9.49
333,2017-11-17 09:41:39,3,621.3,1727.1,0.0,70.1,74.18,78.62,-1.0,0.6,9.88
334,2017-11-17 09:41:40,3,621.2,1729.0,0.0,70.1,74.12,78.6,-1.0,0.6,10.84
335,2017-11-17 09:41:41,3,599.2,1731.4,0.0,70.1,74.12,78.6,-1.0,0.6,11.18
336,2017-11-17 09:41:42,3,536.7,1690.3,0.0,70.1,74.12,78.6,-1.0,0.6,10.34
337,2017-11-17 09:41:43,3,533.2,1659.7,0.0,70.1,74.14,78.6,-1.0,0.6,11.0
338,2017-11-17 09:41:44,3,534.2,1636.6,0.0,70.1,74.17,78.6,-1.0,0.6,10.3
339,2017-11-17 09:41:45,3,539.6,1627.3,0.0,70.1,74.17,78.6,-1.0,0.6,10.62
340,2017-11-17 09:41:46,3,545.6,1644.0,0.0,70.1,74.1,78.6,-1.0,0.6,10.5
341,2017-11-17 09:41:47,3,546.1,1656.9,0.0,70.1,74.1,78.6,-1.0,0.6,12.25
342,2017-11-17 09:41:48,3,542.2,1663.9,0.0,70.1,74.1,78.6,-1.0,0.6,12.05
343,2017-11-17 09:41:49,3,538.1,1661.1,0.0,70.1,74.1,78.6,-1.0,0.6,11.0
344,2017-11-17 09:41:50,3,543.1,1652.5,0.0,70.1,74.13,78.6,-1.0,0.6,10.78
345,2017-11-17 09:41:51,3,542.3,1647.6,0.0,70.1,74.13,78.6,-1.0,0.6,10.76
346,2017-11-17 09:41:53,3,541.6,1649.5,0.0,70.1,74.12,78.6,-1.0,0.6,12.16
347,2017-11-17 09:41:54,3,540.3,1653.9,0.0,70.1,74.12,78.6,-1.0,0.6,10.62
348,2017-11-17 09:41:56,3,572.8,1656.0,0.0,70.1,74.12,78.6,-1.0,0.6,9.95
349,2017-11-17 09:41:57,3,603.8,1675.4,0.0,70.1,74.15,78.6,-1.0,0.6,11.32
350,2017-11-17 09:41:58,3,630.4,1736.3,0.0,70.1,74.1,78.6,-1.0,0.6,10.84
351,2017-11-17 09:41:59,3,625.2,1756.2,0.0,70.1,74.1,78.6,-1.0,0.6,12.13
352,2017-11-17 09:42:00,3,619.6,1749.5,0.0,70.1,74.12,78.6,-1.0,0.6,11.36
353,2017-11-17 09:42:01,3,615.3,1733.2,0.0,70.1,74.11,78.6,-1.0,0.6,12.62
354,2017-11-17 09:42:02,3,620.1,1721.8,0.0,70.1,74.12,78.62,-1.0,0.6,12.95
355,2017-11-17 09:42:03,3,623.5,1726.1,0.0,70.1,74.1,78.6,-1.0,0.6,13.31
356,2017-11-17 09:42:04,3,622.3,1728.6,0.0,70.1,74.1,78.6,-1.0,0.6,13.61
357,2017-11-17 09:42:05,3,621.9,1731.6,0.0,70.1,74.12,78.6,-1.0,0.6,13.19
358,2017-11-17 09:42:06,3,620.3,1735.7,0.0,70.1,74.1,78.6,-1.0,0.6,12.97
359,2017-11-17 09:42:07,3,617.2,1731.9,0.0,70.1,74.12,78.6,-1.0,0.6,11.59
360,2017-11-17 09:42:08,3,617.4,1726.5,0.0,70.1,74.1,78.6,-1.0,0.6,11.44
361,2017-11-17 09:42:09,3,620.3,1727.0,0.0,70.1,74.13,78.6,-1.0,0.6,11.61
362,2017-11-17 09:42:10,3,621.0,1723.5,0.0,70.1,74.15,78.6,-1.0,0.6,12.4
363,2017-11-17 09:42:11,3,628.0,1721.2,0.0,70.1,74.15,78.6,-1.0,0.6,10.93
364,2017-11-17 09:42:12,3,627.1,1724.7,0.0,70.1,74.11,78.6,-1.0,0.6,10.44
365,2017-11-17 09:42:13,3,623.2,1725.0,0.0,70.1,74.15,78.6,-1.0,0.6,10.99
366,2017-11-17 09:42:14,3,626.2,1725.8,0.0,70.08,74.12,78.6,-1.0,0.6,10.52
367,2017-11-17 09:42:15,3,627.9,1728.2,0.0,70.1,74.11,78.6,-1.0,0.6,10.48
368,2017-11-17 09:42:16,3,619.6,1728.3,0.0,70.05,74.1,78.6,-1.0,0.6,10.66
369,2017-11-17 09:42:17,3,623.5,1723.8,0.0,70.05,74.1,78.6,-1.0,0.6,10.39
370,2017-11-17 09:42:18,3,622.9,1725.6,0.0,70.02,74.1,78.6,-1.0,0.6,11.13
371,2017-11-17 09:42:19,3,619.7,1721.2,0.0,70.02,74.12,78.6,-1.0,0.6,10.07
372,2017-11-17 09:42:20,3,625.8,1721.4,0.0,70.0,74.12,78.6,-1.0,0.6,9.57
373,2017-11-17 09:42:21,3,624.0,1725.0,0.0,70.0,74.11,78.6,-1.0,0.6,10.76
374,2017-11-17 09:42:22,3,626.6,1729.1,0.0,70.02,74.15,78.6,-1.0,0.6,10.78
375,2017-11-17 09:42:23,3,624.5,1732.6,0.0,70.02,74.12,78.6,-1.0,0.6,10.74
376,2017-11-17 09:42:24,3,621.4,1731.7,0.0,70.03,74.13,78.6,-1.0,0.6,11.5
377,2017-11-17 09:42:25,3,621.0,1731.5,0.0,70.0,74.13,78.6,-1.0,0.6,11.99
378,2017-11-17 09:42:26,3,623.3,1733.0,0.0,70.0,74.17,78.6,-1.0,0.6,11.32
379,2017-11-17 09:42:27,3,614.0,1732.0,0.0,70.03,74.14,78.6,-1.0,0.6,11.95
380,2017-11-17 09:42:28,3,611.2,1718.9,0.0,70.02,74.1,78.6,-1.0,0.6,9.77
381,2017-11-17 09:42:29,3,612.9,1716.1,0.0,70.02,74.12,78.6,-1.0,0.6,11.39
382,2017-11-17 09:42:30,3,616.4,1721.4,0.0,70.05,74.1,78.6,-1.0,0.6,11.26
383,2017-11-17 09:42:31,3,612.9,1724.3,0.0,70.05,74.11,78.6,-1.0,0.6,12.1
384,2017-11-17 09:42:32,3,615.1,1725.2,0.0,70.05,74.1,78.6,-1.0,0.6,11.95
385,2017-11-17 09:42:33,3,616.5,1725.4,0.0,70.02,74.1,78.6,-1.0,0.6,11.51
386,2017-11-17 09:42:34,3,615.2,1722.7,0.0,70.02,74.14,78.6,-1.0,0.6,12.05
387,2017-11-17 09:42:35,3,617.4,1723.8,0.0,70.04,74.15,78.6,-1.0,0.6,12.66
388,2017-11-17 09:42:36,3,617.6,1729.4,0.0,70.02,74.13,78.6,-1.0,0.6,11.43
389,2017-11-17 09:42:37,3,620.2,1731.0,0.0,70.03,74.12,78.6,-1.0,0.6,10.95
390,2017-11-17 09:42:38,3,613.7,1732.5,0.0,70.06,74.12,78.6,-1.0,0.6,10.98
391,2017-11-17 09:42:39,3,615.3,1734.5,0.0,70.07,74.12,78.6,-1.0,0.6,12.03
392,2017-11-17 09:42:40,3,616.3,1730.4,0.0,70.05,74.17,78.6,-1.0,0.6,10.95
393,2017-11-17 09:42:41,3,610.4,1731.5,0.0,70.1,74.1,78.6,-1.0,0.6,10.98
394,2017-11-17 09:42:42,3,611.9,1728.1,0.0,70.04,74.1,78.6,-1.0,0.6,10.71
395,2017-11-17 09:42:43,3,611.1,1728.8,0.0,70.05,74.1,78.6,-1.0,0.6,11.33
396,2017-11-17 09:42:44,3,610.0,1733.2,0.0,70.02,74.1,78.6,-1.0,0.6,12.97
397,2017-11-17 09:42:45,3,610.0,1733.2,0.0,70.02,74.1,78.6,-1.0,0.6,12.97
398,2017-11-17 09:42:46,3,609.5,1731.9,0.0,70.05,74.1,78.6,-1.0,0.6,11.92
399,2017-11-17 09:42:47,3,607.9,1728.0,0.0,70.01,74.1,78.6,-1.0,0.6,11.96
400,2017-11-17 09:42:48,3,610.4,1731.6,0.0,70.06,74.1,78.6,-1.0,0.6,11.65
401,2017-11-17 09:42:49,3,611.2,1728.7,0.0,70.07,74.1,78.6,-1.0,0.6,13.48
402,2017-11-17 09:42:50,3,607.8,1726.6,0.0,70.05,74.1,78.6,-1.0,0.6,10.06
403,2017-11-17 09:42:51,3,611.0,1731.9,0.0,70.09,74.12,78.6,-1.0,0.6,11.13
404,2017-11-17 09:42:52,3,608.5,1729.0,0.0,70.06,74.1,78.6,-1.0,0.6,12.76
405,2017-11-17 09:42:53,3,606.7,1728.5,0.0,70.03,74.1,78.6,-1.0,0.6,12.6
406,2017-11-17 09:42:54,3,608.4,1721.9,0.0,70.1,74.12,78.6,-1.0,0.6,11.84
407,2017-11-17 09:42:55,3,612.9,1719.7,0.0,70.1,74.12,78.6,-1.0,0.6,12.13
408,2017-11-17 09:42:56,3,609.0,1717.8,0.0,70.08,74.1,78.6,-1.0,0.6,11.32
409,2017-11-17 09:42:57,3,610.9,1717.7,0.0,70.1,74.1,78.6,-1.0,0.6,11.59
410,2017-11-17 09:42:58,3,615.0,1717.1,0.0,70.1,74.12,78.6,-1.0,0.6,10.7
411,2017-11-17 09:42:59,3,613.8,1723.1,0.0,70.1,74.1,78.6,-1.0,0.6,11.43
412,2017-11-17 09:43:00,3,612.6,1718.9,0.0,70.1,74.12,78.6,-1.0,0.6,11.53
413,2017-11-17 09:43:01,3,609.7,1714.9,0.0,70.1,74.1,78.6,-1.0,0.6,12.31
414,2017-11-17 09:43:02,3,613.1,1714.0,0.0,70.1,74.12,78.6,-1.0,0.6,11.66
415,2017-11-17 09:43:03,3,613.0,1710.9,0.0,70.1,74.1,78.6,-1.0,0.6,12.51
416,2017-11-17 09:43:04,3,611.8,1707.4,0.0,70.1,74.1,78.6,-1.0,0.6,11.59
417,2017-11-17 09:43:05,3,610.2,1708.1,0.0,70.1,74.1,78.6,-1.0,0.6,10.07
418,2017-11-17 09:43:06,3,615.1,1714.4,0.0,70.1,74.1,78.6,-1.0,0.6,11.31
419,2017-11-17 09:43:07,3,617.6,1715.3,0.0,70.1,74.1,78.6,-1.0,0.6,11.54
420,2017-11-17 09:43:08,3,614.2,1716.1,0.0,70.1,74.1,78.6,-1.0,0.6,11.43
421,2017-11-17 09:43:09,3,612.7,1716.9,0.0,70.1,74.1,78.6,-1.0,0.6,10.62
422,2017-11-17 09:43:10,3,613.9,1714.7,0.0,70.1,74.1,78.6,-1.0,0.6,11.95
423,2017-11-17 09:43:11,3,613.7,1720.4,0.0,70.1,74.1,78.6,-1.0,0.6,12.02
424,2017-11-17 09:43:12,3,606.4,1718.5,0.0,70.1,74.11,78.6,-1.0,0.6,11.95
425,2017-11-17 09:43:13,3,606.2,1715.8,0.0,70.1,74.12,78.6,-1.0,0.6,11.92
426,2017-11-17 09:43:14,3,608.2,1718.8,0.0,70.1,74.1,78.6,-1.0,0.6,10.88
427,2017-11-17 09:43:15,3,607.8,1716.3,0.0,70.1,74.1,78.6,-1.0,0.6,11.22
428,2017-11-17 09:43:16,3,610.2,1718.4,0.0,70.1,74.11,78.6,-1.0,0.6,10.69
429,2017-11-17 09:43:17,3,614.4,1723.3,0.0,70.1,74.12,78.6,-1.0,0.6,10.48
430,2017-11-17 09:43:18,3,609.5,1723.9,0.0,70.1,74.1,78.6,-1.0,0.6,10.37
431,2017-11-17 09:43:19,3,612.6,1724.9,0.0,70.1,74.1,78.6,-1.0,0.6,10.76
432,2017-11-17 09:43:20,3,612.5,1728.8,0.0,70.1,74.1,78.6,-1.0,0.6,11.7
433,2017-11-17 09:43:21,3,608.7,1732.0,0.0,70.1,74.12,78.6,-1.0,0.6,11.88
434,2017-11-17 09:43:22,3,614.5,1734.8,0.0,70.1,74.1,78.6,-1.0,0.6,12.51
435,2017-11-17 09:43:24,3,612.5,1731.1,0.0,70.1,74.1,78.6,-1.0,0.6,13.32
436,2017-11-17 09:43:25,3,611.8,1728.5,0.0,70.1,74.12,78.6,-1.0,0.6,13.76
437,2017-11-17 09:43:26,3,607.2,1726.7,0.0,70.1,74.1,78.6,-1.0,0.6,13.41
438,2017-11-17 09:43:27,3,605.7,1725.6,0.0,70.1,74.1,78.6,-1.0,0.6,13.23
439,2017-11-17 09:43:28,3,604.5,1724.6,0.0,70.1,74.1,78.6,-1.0,0.6,11.98
440,2017-11-17 09:43:29,3,606.2,1723.6,0.0,70.1,74.11,78.6,-1.0,0.6,11.13
441,2017-11-17 09:43:30,3,608.8,1723.5,0.0,70.1,74.12,78.6,-1.0,0.6,10.45
442,2017-11-17 09:43:31,3,609.4,1716.9,0.0,70.1,74.12,78.6,-1.0,0.6,10.93
443,2017-11-17 09:43:32,3,607.2,1713.5,0.0,70.1,74.17,78.6,-1.0,0.6,11.1
444,2017-11-17 09:43:33,3,606.3,1712.1,0.0,70.1,74.12,78.6,-1.0,0.6,12.56
445,2017-11-17 09:43:34,3,606.6,1708.4,0.0,70.1,74.1,78.6,-1.0,0.6,12.32
446,2017-11-17 09:43:35,3,608.5,1709.9,0.0,70.1,74.17,78.6,-1.0,0.6,11.95
447,2017-11-17 09:43:36,3,611.3,1712.8,0.0,70.1,74.11,78.6,-1.0,0.6,11.04
448,2017-11-17 09:43:37,3,604.7,1718.0,0.0,70.1,74.1,78.6,-1.0,0.6,11.33
449,2017-11-17 09:43:38,3,609.3,1712.3,0.0,70.1,74.1,78.6,-1.0,0.6,11.69
450,2017-11-17 09:43:39,3,608.0,1713.0,0.0,70.1,74.12,78.6,-1.0,0.6,12.58
451,2017-11-17 09:43:40,3,603.1,1705.8,0.0,70.1,74.14,78.6,-1.0,0.6,10.67
452,2017-11-17 09:43:41,3,610.4,1704.8,0.0,70.1,74.17,78.6,-1.0,0.6,10.59
453,2017-11-17 09:43:42,3,614.0,1710.3,0.0,70.1,74.13,78.6,-1.0,0.6,10.5
454,2017-11-17 09:43:43,3,613.3,1710.9,0.0,70.1,74.12,78.6,-1.0,0.6,9.08
455,2017-11-17 09:43:44,3,610.9,1723.4,0.0,70.1,74.1,78.6,-1.0,0.6,10.62
456,2017-11-17 09:43:45,3,607.9,1722.8,0.0,70.1,74.14,78.6,-1.0,0.6,11.06
457,2017-11-17 09:43:46,3,608.0,1719.7,0.0,70.1,74.13,78.6,-1.0,0.6,11.84
458,2017-11-17 09:43:47,3,612.8,1722.4,0.0,70.1,74.12,78.6,-1.0,0.6,10.34
459,2017-11-17 09:43:48,3,612.7,1726.7,0.0,70.1,74.12,78.6,-1.0,0.6,12.56
460,2017-11-17 09:43:49,3,614.9,1730.1,0.0,70.1,74.1,78.6,-1.0,0.6,12.75
461,2017-11-17 09:43:50,3,615.0,1736.4,0.0,70.1,74.13,78.6,-1.0,0.6,10.66
462,2017-11-17 09:43:51,3,608.1,1739.8,0.0,70.1,74.16,78.6,-1.0,0.6,13.15
463,2017-11-17 09:43:52,3,610.8,1726.4,0.0,70.1,74.14,78.6,-1.0,0.6,12.51
464,2017-11-17 09:43:53,3,610.7,1726.6,0.0,70.1,74.15,78.6,-1.0,0.6,13.04
465,2017-11-17 09:43:54,3,608.0,1724.3,0.0,70.1,74.15,78.6,-1.0,0.6,12.75
466,2017-11-17 09:43:55,3,610.1,1724.1,0.0,70.1,74.16,78.6,-1.0,0.6,12.21
467,2017-11-17 09:43:56,3,609.8,1724.1,0.0,70.1,74.15,78.6,-1.0,0.6,13.17
468,2017-11-17 09:43:57,3,613.4,1728.3,0.0,70.1,74.17,78.6,-1.0,0.6,11.96
469,2017-11-17 09:43:58,3,614.6,1729.8,0.0,70.1,74.14,78.6,-1.0,0.6,12.25
470,2017-11-17 09:43:59,3,612.2,1732.7,0.0,70.1,74.1,78.6,-1.0,0.6,12.13
471,2017-11-17 09:44:00,3,616.6,1733.4,0.0,70.1,74.12,78.6,-1.0,0.6,12.35
472,2017-11-17 09:44:01,3,609.4,1725.3,0.0,70.1,74.15,78.6,-1.0,0.6,13.28
473,2017-11-17 09:44:03,3,614.2,1719.4,0.0,70.1,74.16,78.6,-1.0,0.6,12.09
474,2017-11-17 09:44:04,3,612.3,1718.4,0.0,70.1,74.16,78.57,-1.0,0.6,11.84
475,2017-11-17 09:44:05,3,617.0,1721.8,0.0,70.1,74.13,78.6,-1.0,0.6,11.96
476,2017-11-17 09:44:06,3,615.6,1723.6,0.0,70.1,74.2,78.57,-1.0,0.6,12.25
477,2017-11-17 09:44:07,3,612.8,1720.9,0.0,70.1,74.17,78.6,-1.0,0.6,12.6
478,2017-11-17 09:44:08,3,613.6,1720.2,0.0,70.1,74.12,78.57,-1.0,0.6,12.62
479,2017-11-17 09:44:09,3,617.3,1722.1,0.0,70.1,74.11,78.6,-1.0,0.6,12.73
480,2017-11-17 09:44:10,3,615.7,1720.8,0.0,70.1,74.19,78.57,-1.0,0.6,13.6
481,2017-11-17 09:44:11,3,615.0,1720.6,0.0,70.1,74.16,78.57,-1.0,0.6,12.87
482,2017-11-17 09:44:12,3,613.1,1721.9,0.0,70.1,74.13,78.57,-1.0,0.6,12.76
483,2017-11-17 09:44:13,3,618.5,1716.6,0.0,70.1,74.17,78.57,-1.0,0.6,13.59
484,2017-11-17 09:44:14,3,618.1,1715.7,0.0,70.1,74.14,78.55,-1.0,0.6,12.69
485,2017-11-17 09:44:15,3,621.5,1717.5,0.0,70.1,74.18,78.57,-1.0,0.6,12.53
486,2017-11-17 09:44:16,3,619.5,1720.8,0.0,70.1,74.13,78.55,-1.0,0.6,10.34
487,2017-11-17 09:44:17,3,617.5,1721.4,0.0,70.1,74.1,78.57,-1.0,0.6,9.72
488,2017-11-17 09:44:18,3,624.2,1723.8,0.0,70.1,74.2,78.6,-1.0,0.6,11.0
489,2017-11-17 09:44:19,3,617.9,1727.2,0.0,70.1,74.12,78.57,-1.0,0.6,12.23
490,2017-11-17 09:44:20,3,619.4,1731.7,0.0,70.1,74.15,78.56,-1.0,0.6,13.6
491,2017-11-17 09:44:21,3,619.0,1729.2,0.0,70.1,74.12,78.57,-1.0,0.6,12.2
492,2017-11-17 09:44:22,3,614.8,1726.8,0.0,70.1,74.15,78.52,-1.0,0.6,11.57
493,2017-11-17 09:44:23,3,617.6,1725.1,0.0,70.1,74.15,78.51,-1.0,0.6,11.92
494,2017-11-17 09:44:24,3,620.1,1725.9,0.0,70.1,74.16,78.52,-1.0,0.6,12.1
495,2017-11-17 09:44:25,3,620.6,1725.7,0.0,70.1,74.15,78.52,-1.0,0.6,11.73
496,2017-11-17 09:44:26,3,618.4,1723.1,0.0,70.1,74.17,78.5,-1.0,0.6,12.6
497,2017-11-17 09:44:27,3,618.4,1724.9,0.0,70.1,74.15,78.53,-1.0,0.6,11.88
498,2017-11-17 09:44:28,3,630.0,1725.8,0.0,70.1,74.13,78.55,-1.0,0.6,11.42
499,2017-11-17 09:44:29,3,631.2,1731.5,0.0,70.1,74.2,78.5,-1.0,0.6,11.36
500,2017-11-17 09:44:30,3,631.5,1744.6,0.0,70.1,74.14,78.5,-1.0,0.6,12.03
501,2017-11-17 09:44:31,3,628.2,1743.7,0.0,70.1,74.16,78.5,-1.0,0.6,12.87
502,2017-11-17 09:44:32,3,625.0,1739.3,0.0,70.1,74.13,78.5,-1.0,0.6,12.83
503,2017-11-17 09:44:33,3,630.0,1736.5,0.0,70.1,74.14,78.5,-1.0,0.6,12.13
504,2017-11-17 09:44:34,3,629.3,1743.5,0.0,70.1,74.12,78.5,-1.0,0.6,12.51
505,2017-11-17 09:44:35,3,628.7,1744.0,0.0,70.1,74.15,78.5,-1.0,0.6,11.84
506,2017-11-17 09:44:36,3,626.7,1740.2,0.0,70.1,74.16,78.5,-1.0,0.6,11.43
507,2017-11-17 09:44:37,3,629.1,1736.9,0.0,70.1,74.13,78.5,-1.0,0.6,11.59
508,2017-11-17 09:44:38,3,625.4,1733.0,0.0,70.1,74.14,78.5,-1.0,0.6,11.18
509,2017-11-17 09:44:39,3,631.0,1731.2,0.0,70.1,74.11,78.5,-1.0,0.6,10.47
510,2017-11-17 09:44:40,3,630.6,1731.7,0.0,70.1,74.15,78.5,-1.0,0.6,10.08
511,2017-11-17 09:44:41,3,631.0,1732.6,0.0,70.1,74.12,78.5,-1.0,0.6,11.59
512,2017-11-17 09:44:42,3,633.0,1735.7,0.0,70.1,74.15,78.5,-1.0,0.6,10.11
513,2017-11-17 09:44:43,3,609.8,1740.0,0.0,70.1,74.1,78.5,-1.0,0.6,9.67
514,2017-11-17 09:44:44,3,607.3,1730.6,0.0,70.1,74.15,78.5,-1.0,0.6,9.39
515,2017-11-17 09:44:45,3,603.4,1720.1,0.0,70.1,74.17,78.5,-1.0,0.6,9.79
516,2017-11-17 09:44:46,3,605.9,1711.1,0.0,70.1,74.12,78.5,-1.0,0.6,10.58
517,2017-11-17 09:44:47,3,608.2,1714.3,0.0,70.1,74.14,78.5,-1.0,0.6,10.78
518,2017-11-17 09:44:48,3,608.2,1719.8,0.0,70.1,74.15,78.5,-1.0,0.6,10.89
519,2017-11-17 09:44:49,3,608.4,1722.5,0.0,70.1,74.15,78.5,-1.0,0.6,11.88
520,2017-11-17 09:44:50,3,608.4,1723.8,0.0,70.1,74.14,78.5,-1.0,0.6,12.1
521,2017-11-17 09:44:51,3,604.5,1724.5,0.0,70.1,74.14,78.5,-1.0,0.6,10.67
522,2017-11-17 09:44:52,3,608.4,1723.0,0.0,70.1,74.15,78.5,-1.0,0.6,10.26
523,2017-11-17 09:44:53,3,607.0,1719.3,0.0,70.1,74.12,78.5,-1.0,0.6,11.33
524,2017-11-17 09:44:54,3,609.5,1717.1,0.0,70.1,74.14,78.5,-1.0,0.6,11.25
525,2017-11-17 09:44:55,3,608.0,1713.9,0.0,70.1,74.17,78.5,-1.0,0.6,10.19
526,2017-11-17 09:44:56,3,605.4,1711.2,0.0,70.1,74.17,78.5,-1.0,0.6,10.08
527,2017-11-17 09:44:57,3,611.3,1711.6,0.0,70.1,74.15,78.5,-1.0,0.6,11.07
528,2017-11-17 09:44:58,3,608.0,1708.7,0.0,70.1,74.17,78.5,-1.0,0.6,11.42
529,2017-11-17 09:44:59,3,638.7,1725.1,0.0,70.1,74.15,78.5,-1.0,0.6,12.38
530,2017-11-17 09:45:00,3,634.8,1734.0,0.0,70.1,74.17,78.5,-1.0,0.6,10.67
531,2017-11-17 09:45:01,3,628.9,1741.2,0.0,70.1,74.2,78.5,-1.0,0.6,10.62
532,2017-11-17 09:45:02,3,627.1,1735.6,0.0,70.1,74.18,78.5,-1.0,0.6,9.83
533,2017-11-17 09:45:03,3,630.9,1726.6,0.0,70.1,74.15,78.5,-1.0,0.6,10.5
534,2017-11-17 09:45:04,3,636.9,1730.2,0.0,70.1,74.19,78.5,-1.0,0.6,9.53
535,2017-11-17 09:45:05,3,630.3,1731.0,0.0,70.1,74.17,78.5,-1.0,0.6,9.35
536,2017-11-17 09:45:06,3,632.1,1735.0,0.0,70.1,74.16,78.5,-1.0,0.6,8.64
537,2017-11-17 09:45:07,3,631.8,1737.7,0.0,70.1,74.18,78.5,-1.0,0.6,9.63
538,2017-11-17 09:45:08,3,632.9,1739.7,0.0,70.1,74.17,78.5,-1.0,0.6,10.6
539,2017-11-17 09:45:09,3,629.3,1740.1,0.0,70.1,74.2,78.5,-1.0,0.6,10.62
540,2017-11-17 09:45:10,3,629.1,1741.2,0.0,70.1,74.2,78.5,-1.0,0.6,10.48
541,2017-11-17 09:45:11,3,632.5,1736.1,0.0,70.1,74.17,78.5,-1.0,0.6,10.51
542,2017-11-17 09:45:12,3,635.5,1740.2,0.0,70.1,74.17,78.5,-1.0,0.6,10.93
543,2017-11-17 09:45:13,3,631.7,1741.8,0.0,70.1,74.17,78.5,-1.0,0.6,9.7
544,2017-11-17 09:45:14,3,621.0,1741.3,0.0,70.1,74.2,78.5,-1.0,0.6,9.95
545,2017-11-17 09:45:15,3,618.3,1738.5,0.0,70.1,74.2,78.5,-1.0,0.6,9.89
546,2017-11-17 09:45:16,3,615.5,1720.9,0.0,70.1,74.2,78.5,-1.0,0.6,9.85
547,2017-11-17 09:45:17,3,619.5,1723.8,0.0,70.1,74.2,78.5,-1.0,0.6,9.55
548,2017-11-17 09:45:18,3,621.4,1729.4,0.0,70.1,74.17,78.5,-1.0,0.6,10.12
549,2017-11-17 09:45:19,3,620.8,1729.7,0.0,70.1,74.15,78.5,-1.0,0.6,9.67
550,2017-11-17 09:45:20,3,618.7,1731.2,0.0,70.1,74.15,78.5,-1.0,0.6,8.46
551,2017-11-17 09:45:21,3,620.4,1726.6,0.0,70.1,74.17,78.5,-1.0,0.6,9.46
552,2017-11-17 09:45:22,3,619.0,1729.5,0.0,70.1,74.2,78.5,-1.0,0.6,9.57
553,2017-11-17 09:45:23,3,615.6,1730.3,0.0,70.1,74.17,78.5,-1.0,0.6,9.55
554,2017-11-17 09:45:24,3,618.7,1730.4,0.0,70.1,74.2,78.5,-1.0,0.6,11.95
555,2017-11-17 09:45:25,3,624.7,1730.5,0.0,70.1,74.2,78.5,-1.0,0.6,11.14
556,2017-11-17 09:45:26,3,617.4,1730.0,0.0,70.1,74.14,78.5,-1.0,0.6,11.24
557,2017-11-17 09:45:27,3,619.7,1725.8,0.0,70.1,74.17,78.5,-1.0,0.6,11.54
558,2017-11-17 09:45:28,3,622.6,1725.9,0.0,70.1,74.2,78.5,-1.0,0.6,10.26
559,2017-11-17 09:45:29,3,604.9,1726.7,0.0,70.1,74.2,78.5,-1.0,0.6,10.3
560,2017-11-17 09:45:30,3,551.2,1683.5,0.0,70.1,74.2,78.5,-1.0,0.6,9.67
561,2017-11-17 09:45:31,3,557.5,1657.1,0.0,70.1,74.2,78.5,-1.0,0.6,10.04
562,2017-11-17 09:45:32,3,558.0,1638.3,0.0,70.1,74.19,78.5,-1.0,0.6,9.55
563,2017-11-17 09:45:33,3,564.7,1638.8,0.0,70.1,74.17,78.5,-1.0,0.6,10.39
564,2017-11-17 09:45:34,3,566.1,1661.7,0.0,70.1,74.15,78.5,-1.0,0.6,10.04
565,2017-11-17 09:45:35,3,560.2,1672.1,0.0,70.1,74.2,78.5,-1.0,0.6,10.59
566,2017-11-17 09:45:36,3,563.8,1673.6,0.0,70.1,74.17,78.5,-1.0,0.6,9.39
567,2017-11-17 09:45:37,3,561.8,1672.3,0.0,70.1,74.19,78.5,-1.0,0.6,10.1
568,2017-11-17 09:45:38,3,562.1,1676.5,0.0,70.1,74.18,78.5,-1.0,0.6,11.87
569,2017-11-17 09:45:39,3,563.5,1668.7,0.0,70.1,74.17,78.5,-1.0,0.6,11.36
570,2017-11-17 09:45:40,3,562.5,1675.4,0.0,70.1,74.17,78.5,-1.0,0.6,11.61
571,2017-11-17 09:45:41,3,561.5,1674.6,0.0,70.1,74.2,78.5,-1.0,0.6,11.02
572,2017-11-17 09:45:42,3,560.8,1668.9,0.0,70.1,74.2,78.5,-1.0,0.6,10.11
573,2017-11-17 09:45:43,3,564.8,1672.9,0.0,70.1,74.2,78.5,-1.0,0.6,10.58
574,2017-11-17 09:45:44,3,561.7,1672.7,0.0,70.1,74.2,78.5,-1.0,0.6,10.01
575,2017-11-17 09:45:45,3,563.0,1674.9,0.0,70.1,74.2,78.5,-1.0,0.6,11.47
576,2017-11-17 09:45:46,3,563.6,1675.7,0.0,70.1,74.2,78.5,-1.0,0.6,9.95
577,2017-11-17 09:45:47,3,558.5,1675.4,0.0,70.1,74.2,78.5,-1.0,0.6,10.17
578,2017-11-17 09:45:48,3,562.1,1674.2,0.0,70.1,74.2,78.5,-1.0,0.6,9.55
579,2017-11-17 09:45:49,3,561.4,1680.1,0.0,70.1,74.17,78.5,-1.0,0.6,9.61
580,2017-11-17 09:45:50,3,561.5,1682.5,0.0,70.1,74.17,78.5,-1.0,0.6,9.77
581,2017-11-17 09:45:51,3,564.7,1680.9,0.0,70.1,74.17,78.5,-1.0,0.6,10.39
582,2017-11-17 09:45:52,3,565.6,1685.7,0.0,70.1,74.2,78.5,-1.0,0.6,10.58
583,2017-11-17 09:45:53,3,561.0,1682.3,0.0,70.1,74.2,78.5,-1.0,0.6,9.85
584,2017-11-17 09:45:54,3,558.9,1679.7,0.0,70.1,74.2,78.5,-1.0,0.6,11.76
585,2017-11-17 09:45:55,3,560.9,1681.9,0.0,70.1,74.2,78.5,-1.0,0.6,11.07
586,2017-11-17 09:45:56,3,559.9,1680.2,0.0,70.1,74.2,78.5,-1.0,0.6,11.55
587,2017-11-17 09:45:57,3,560.2,1668.7,0.0,70.1,74.2,78.5,-1.0,0.6,11.31
588,2017-11-17 09:45:58,3,563.9,1671.8,0.0,70.1,74.2,78.5,-1.0,0.6,11.42
589,2017-11-17 09:45:59,3,555.1,1672.2,0.0,70.1,74.2,78.5,-1.0,0.6,11.48
590,2017-11-17 09:46:00,3,557.4,1665.6,0.0,70.1,74.2,78.5,-1.0,0.6,10.19
591,2017-11-17 09:46:01,3,557.8,1662.9,0.0,70.1,74.2,78.5,-1.0,0.6,9.96
592,2017-11-17 09:46:02,3,554.9,1658.0,0.0,70.1,74.17,78.5,-1.0,0.6,10.95
593,2017-11-17 09:46:03,3,557.2,1659.0,0.0,70.1,74.17,78.5,-1.0,0.6,11.61
594,2017-11-17 09:46:04,3,555.1,1662.4,0.0,70.1,74.18,78.5,-1.0,0.6,9.81
595,2017-11-17 09:46:05,3,556.2,1660.7,0.0,70.1,74.2,78.5,-1.0,0.6,10.08
596,2017-11-17 09:46:06,3,558.4,1665.6,0.0,70.1,74.15,78.5,-1.0,0.6,10.06
597,2017-11-17 09:46:07,3,561.5,1673.5,0.0,70.1,74.12,78.5,-1.0,0.6,10.45
598,2017-11-17 09:46:08,3,552.3,1662.1,0.0,70.1,74.17,78.5,-1.0,0.6,9.46
599,2017-11-17 09:46:09,3,558.8,1667.4,0.0,70.1,74.17,78.5,-1.0,0.6,9.85
600,2017-11-17 09:46:10,3,553.2,1666.6,0.0,70.1,74.15,78.5,-1.0,0.6,9.6
601,2017-11-17 09:46:11,3,555.8,1659.6,0.0,70.1,74.2,78.5,-1.0,0.6,11.43
602,2017-11-17 09:46:12,3,562.7,1666.3,0.0,70.1,74.18,78.5,-1.0,0.6,9.39
603,2017-11-17 09:46:13,3,556.3,1669.8,0.0,70.1,74.15,78.5,-1.0,0.6,8.94
604,2017-11-17 09:46:14,3,553.6,1671.1,0.0,70.1,74.18,78.5,-1.0,0.6,9.96
605,2017-11-17 09:46:15,3,523.3,1670.2,0.0,70.1,74.2,78.5,-1.0,0.6,10.37
606,2017-11-17 09:46:16,3,462.7,1619.0,0.0,70.1,74.18,78.5,-1.0,0.6,9.96
607,2017-11-17 09:46:17,3,455.9,1584.8,0.0,70.1,74.15,78.5,-1.0,0.6,9.35
608,2017-11-17 09:46:18,3,460.2,1562.0,0.0,70.1,74.15,78.5,-1.0,0.6,9.46
609,2017-11-17 09:46:19,3,467.1,1552.7,0.0,70.1,74.12,78.5,-1.0,0.6,10.44
610,2017-11-17 09:46:20,3,467.5,1554.7,0.0,70.1,74.17,78.49,-1.0,0.6,10.95
611,2017-11-17 09:46:21,3,467.6,1564.2,0.0,70.1,74.15,78.47,-1.0,0.6,9.72
612,2017-11-17 09:46:22,3,467.4,1571.1,0.0,70.1,74.13,78.44,-1.0,0.6,11.53
613,2017-11-17 09:46:23,3,467.3,1569.6,0.0,70.1,74.17,78.44,-1.0,0.6,10.93
614,2017-11-17 09:46:24,3,468.2,1568.5,0.0,70.1,74.15,78.47,-1.0,0.6,11.73
615,2017-11-17 09:46:25,3,467.6,1572.3,0.0,70.1,74.15,78.45,-1.0,0.6,12.25
616,2017-11-17 09:46:26,3,464.8,1572.2,0.0,70.1,74.15,78.45,-1.0,0.6,11.18
617,2017-11-17 09:46:27,3,467.2,1566.1,0.0,70.1,74.17,78.42,-1.0,0.6,11.73
618,2017-11-17 09:46:28,3,469.2,1568.4,0.0,70.1,74.17,78.42,-1.0,0.6,10.76
619,2017-11-17 09:46:29,3,476.3,1567.5,0.0,70.07,74.12,78.4,-1.0,0.6,11.25
620,2017-11-17 09:46:30,3,508.0,1580.9,0.0,70.07,74.11,78.42,-1.0,0.6,11.51
621,2017-11-17 09:46:31,3,537.8,1603.9,0.0,70.09,74.12,78.4,-1.0,0.6,12.31
622,2017-11-17 09:46:32,3,554.1,1634.3,0.0,70.05,74.12,78.4,-1.0,0.6,10.7
623,2017-11-17 09:46:33,3,550.6,1679.4,0.0,70.02,74.12,78.4,-1.0,0.6,11.92
624,2017-11-17 09:46:34,3,542.0,1674.9,0.0,70.0,74.12,78.4,-1.0,0.6,11.33
625,2017-11-17 09:46:35,3,546.1,1662.3,0.0,70.0,74.1,78.4,-1.0,0.6,11.51
626,2017-11-17 09:46:36,3,545.1,1657.4,0.0,70.0,74.1,78.4,-1.0,0.6,12.09
627,2017-11-17 09:46:37,3,546.9,1660.4,0.0,70.0,74.12,78.4,-1.0,0.6,11.47
628,2017-11-17 09:46:38,3,546.4,1661.8,0.0,70.0,74.1,78.4,-1.0,0.6,11.36
629,2017-11-17 09:46:39,3,548.5,1660.2,0.0,70.0,74.1,78.4,-1.0,0.6,11.43
630,2017-11-17 09:46:40,3,549.0,1655.6,0.0,70.0,74.1,78.4,-1.0,0.6,11.18
631,2017-11-17 09:46:41,3,546.2,1651.9,0.0,70.0,74.1,78.4,-1.0,0.6,10.77
632,2017-11-17 09:46:42,3,546.6,1648.1,0.0,70.0,74.1,78.4,-1.0,0.6,11.76
633,2017-11-17 09:46:43,3,551.5,1647.6,0.0,70.0,74.1,78.4,-1.0,0.6,9.89
634,2017-11-17 09:46:44,3,548.6,1649.8,0.0,70.0,74.1,78.4,-1.0,0.6,10.52
635,2017-11-17 09:46:45,3,555.1,1652.1,0.0,70.0,74.1,78.4,-1.0,0.6,9.59
636,2017-11-17 09:46:46,3,559.9,1669.0,0.0,70.0,74.1,78.4,-1.0,0.6,11.17
637,2017-11-17 09:46:47,3,558.1,1672.8,0.0,70.0,74.1,78.4,-1.0,0.6,11.24
638,2017-11-17 09:46:48,3,556.5,1674.4,0.0,70.0,74.1,78.4,-1.0,0.6,11.0
639,2017-11-17 09:46:49,3,557.9,1678.6,0.0,70.0,74.1,78.4,-1.0,0.6,10.77
640,2017-11-17 09:46:50,3,558.3,1672.8,0.0,70.0,74.1,78.4,-1.0,0.6,11.59
641,2017-11-17 09:46:51,3,561.3,1676.4,0.0,70.0,74.1,78.36,-1.0,0.6,11.1
642,2017-11-17 09:46:52,3,554.9,1673.2,0.0,70.0,74.1,78.32,-1.0,0.6,10.78
643,2017-11-17 09:46:53,3,555.6,1670.9,0.0,69.99,74.1,78.4,-1.0,0.6,10.26
644,2017-11-17 09:46:54,3,554.8,1670.4,0.0,69.95,74.1,78.3,-1.0,0.6,10.52
645,2017-11-17 09:46:55,3,555.5,1664.3,0.0,69.92,74.1,78.3,-1.0,0.6,11.59
646,2017-11-17 09:46:56,3,553.7,1658.4,0.0,69.92,74.1,78.3,-1.0,0.6,11.36
647,2017-11-17 09:46:57,3,555.4,1658.5,0.0,69.9,74.1,78.3,-1.0,0.6,11.95
648,2017-11-17 09:46:58,3,555.5,1652.0,0.0,69.9,74.1,78.3,-1.0,0.6,11.42
649,2017-11-17 09:46:59,3,558.6,1653.7,0.0,69.9,74.1,78.3,-1.0,0.6,11.58
650,2017-11-17 09:47:00,3,569.0,1659.2,0.0,69.9,74.1,78.3,-1.0,0.6,9.61
651,2017-11-17 09:47:01,3,564.1,1666.4,0.0,69.9,74.1,78.3,-1.0,0.6,10.54
652,2017-11-17 09:47:02,3,566.5,1676.2,0.0,69.9,74.1,78.3,-1.0,0.6,10.37
653,2017-11-17 09:47:03,3,567.1,1680.0,0.0,69.9,74.1,78.3,-1.0,0.6,11.62
654,2017-11-17 09:47:04,3,563.1,1679.3,0.0,69.9,74.1,78.3,-1.0,0.6,10.96
655,2017-11-17 09:47:05,3,563.7,1680.1,0.0,69.9,74.1,78.3,-1.0,0.6,11.37
656,2017-11-17 09:47:06,3,565.8,1676.8,0.0,69.9,74.1,78.3,-1.0,0.6,11.15
657,2017-11-17 09:47:07,3,565.1,1683.1,0.0,69.9,74.1,78.3,-1.0,0.6,11.76
658,2017-11-17 09:47:08,3,564.9,1682.9,0.0,69.87,74.1,78.3,-1.0,0.6,11.31
659,2017-11-17 09:47:09,3,564.8,1679.9,0.0,69.88,74.1,78.3,-1.0,0.6,11.26
660,2017-11-17 09:47:10,3,564.2,1681.9,0.0,69.82,74.1,78.3,-1.0,0.6,11.21
661,2017-11-17 09:47:11,3,564.9,1673.5,0.0,69.8,74.1,78.3,-1.0,0.6,11.31
662,2017-11-17 09:47:12,3,566.0,1676.8,0.0,69.8,74.1,78.3,-1.0,0.6,11.51
663,2017-11-17 09:47:13,3,563.9,1678.4,0.0,69.8,74.1,78.3,-1.0,0.6,12.14
664,2017-11-17 09:47:14,3,568.5,1678.2,0.0,69.8,74.1,78.3,-1.0,0.6,10.71
665,2017-11-17 09:47:15,3,580.6,1685.5,0.0,69.8,74.1,78.3,-1.0,0.6,11.5
666,2017-11-17 09:47:16,3,583.6,1692.1,0.0,69.8,74.1,78.3,-1.0,0.6,10.34
667,2017-11-17 09:47:17,3,581.0,1696.8,0.0,69.8,74.1,78.3,-1.0,0.6,11.0
668,2017-11-17 09:47:18,3,584.1,1699.6,0.0,69.8,74.1,78.3,-1.0,0.6,11.68
669,2017-11-17 09:47:19,3,577.5,1696.6,0.0,69.8,74.1,78.3,-1.0,0.6,10.34
670,2017-11-17 09:47:20,3,582.2,1695.5,0.0,69.8,74.1,78.3,-1.0,0.6,11.43
671,2017-11-17 09:47:21,3,576.7,1694.6,0.0,69.8,74.1,78.3,-1.0,0.6,11.37
672,2017-11-17 09:47:22,3,580.3,1694.7,0.0,69.8,74.1,78.3,-1.0,0.6,10.34
673,2017-11-17 09:47:23,3,582.8,1692.9,0.0,69.8,74.1,78.3,-1.0,0.6,10.01
674,2017-11-17 09:47:24,3,582.2,1691.1,0.0,69.8,74.1,78.3,-1.0,0.6,11.32
675,2017-11-17 09:47:25,3,580.5,1692.4,0.0,69.8,74.1,78.3,-1.0,0.6,11.8
676,2017-11-17 09:47:26,3,579.7,1691.6,0.0,69.8,74.1,78.3,-1.0,0.6,12.02
677,2017-11-17 09:47:27,3,579.7,1688.3,0.0,69.8,74.1,78.3,-1.0,0.6,11.2
678,2017-11-17 09:47:28,3,582.9,1688.0,0.0,69.8,74.1,78.3,-1.0,0.6,10.99
679,2017-11-17 09:47:29,3,577.4,1685.4,0.0,69.8,74.1,78.3,-1.0,0.6,11.36
680,2017-11-17 09:47:30,3,575.0,1683.9,0.0,69.8,74.1,78.3,-1.0,0.6,11.02
681,2017-11-17 09:47:31,3,569.9,1683.7,0.0,69.8,74.1,78.3,-1.0,0.6,10.7
682,2017-11-17 09:47:32,3,568.6,1676.5,0.0,69.8,74.1,78.3,-1.0,0.6,10.12
683,2017-11-17 09:47:33,3,574.4,1674.3,0.0,69.8,74.1,78.26,-1.0,0.6,9.85
684,2017-11-17 09:47:34,3,573.9,1681.2,0.0,69.8,74.1,78.25,-1.0,0.6,11.77
685,2017-11-17 09:47:35,3,572.1,1686.9,0.0,69.8,74.1,78.25,-1.0,0.6,10.88
686,2017-11-17 09:47:36,3,574.1,1685.9,0.0,69.8,74.1,78.25,-1.0,0.6,10.48
687,2017-11-17 09:47:37,3,574.4,1691.9,0.0,69.8,74.1,78.26,-1.0,0.6,9.72
688,2017-11-17 09:47:38,3,573.5,1695.4,0.0,69.8,74.1,78.22,-1.0,0.6,10.54
689,2017-11-17 09:47:39,3,571.1,1695.6,0.0,69.8,74.1,78.25,-1.0,0.6,10.54
690,2017-11-17 09:47:40,3,572.2,1697.8,0.0,69.8,74.1,78.2,-1.0,0.6,10.01
691,2017-11-17 09:47:41,3,569.7,1698.1,0.0,69.8,74.1,78.2,-1.0,0.6,11.17
692,2017-11-17 09:47:42,3,573.2,1696.1,0.0,69.8,74.1,78.2,-1.0,0.6,10.95
693,2017-11-17 09:47:43,3,573.5,1696.6,0.0,69.8,74.07,78.24,-1.0,0.6,10.93
694,2017-11-17 09:47:44,3,573.4,1697.0,0.0,69.8,74.09,78.25,-1.0,0.6,11.1
695,2017-11-17 09:47:45,3,570.0,1691.5,0.0,69.8,74.07,78.2,-1.0,0.6,11.76
696,2017-11-17 09:47:46,3,569.0,1691.1,0.0,69.8,74.06,78.2,-1.0,0.6,10.22
697,2017-11-17 09:47:47,3,562.7,1686.0,0.0,69.8,74.03,78.2,-1.0,0.6,10.29
698,2017-11-17 09:47:48,3,567.4,1680.1,0.0,69.8,74.02,78.2,-1.0,0.6,10.95
699,2017-11-17 09:47:49,3,567.8,1680.6,0.0,69.8,74.0,78.2,-1.0,0.6,11.4
700,2017-11-17 09:47:50,3,565.4,1679.2,0.0,69.8,74.0,78.2,-1.0,0.6,12.83
701,2017-11-17 09:47:51,3,564.2,1676.7,0.0,69.8,74.0,78.2,-1.0,0.6,12.57
702,2017-11-17 09:47:52,3,568.9,1677.1,0.0,69.8,74.0,78.2,-1.0,0.6,11.03
703,2017-11-17 09:47:53,3,567.7,1677.9,0.0,69.8,74.0,78.2,-1.0,0.6,11.21
704,2017-11-17 09:47:54,3,568.5,1677.8,0.0,69.8,74.0,78.2,-1.0,0.6,11.54
705,2017-11-17 09:47:55,3,570.9,1673.6,0.0,69.8,74.0,78.2,-1.0,0.6,11.68
706,2017-11-17 09:47:56,3,571.1,1677.2,0.0,69.8,74.0,78.2,-1.0,0.6,10.88
707,2017-11-17 09:47:57,3,566.4,1675.7,0.0,69.8,74.0,78.2,-1.0,0.6,10.47
708,2017-11-17 09:47:58,3,565.3,1675.7,0.0,69.8,74.0,78.2,-1.0,0.6,9.55
709,2017-11-17 09:47:59,3,569.5,1676.9,0.0,69.8,74.0,78.2,-1.0,0.6,10.98
710,2017-11-17 09:48:00,3,568.3,1678.0,0.0,69.8,74.0,78.2,-1.0,0.6,11.5
711,2017-11-17 09:48:01,3,577.5,1681.1,0.0,69.8,74.0,78.2,-1.0,0.6,11.84
712,2017-11-17 09:48:02,3,578.1,1682.4,0.0,69.8,74.0,78.2,-1.0,0.6,11.66
713,2017-11-17 09:48:03,3,575.4,1691.9,0.0,69.8,74.0,78.2,-1.0,0.6,11.51
714,2017-11-17 09:48:04,3,571.8,1685.9,0.0,69.8,74.0,78.2,-1.0,0.6,10.62
715,2017-11-17 09:48:05,3,576.9,1686.7,0.0,69.8,74.0,78.2,-1.0,0.6,10.48
716,2017-11-17 09:48:06,3,578.6,1688.3,0.0,69.8,74.0,78.2,-1.0,0.6,11.06
717,2017-11-17 09:48:07,3,576.5,1685.3,0.0,69.8,74.0,78.2,-1.0,0.6,12.71
718,2017-11-17 09:48:08,3,576.0,1688.7,0.0,69.8,74.0,78.2,-1.0,0.6,11.36
719,2017-11-17 09:48:09,3,575.5,1693.3,0.0,69.8,74.0,78.2,-1.0,0.6,12.75
720,2017-11-17 09:48:10,3,575.4,1691.9,0.0,69.8,74.0,78.2,-1.0,0.6,13.06
721,2017-11-17 09:48:11,3,579.4,1691.1,0.0,69.8,74.0,78.2,-1.0,0.6,11.42
722,2017-11-17 09:48:12,3,574.5,1692.1,0.0,69.8,74.0,78.2,-1.0,0.6,11.96
723,2017-11-17 09:48:13,3,576.9,1688.4,0.0,69.8,74.0,78.2,-1.0,0.6,11.2
724,2017-11-17 09:48:14,3,579.3,1688.5,0.0,69.8,74.0,78.2,-1.0,0.6,11.77
725,2017-11-17 09:48:16,3,565.3,1686.7,0.0,69.8,74.0,78.2,-1.0,0.6,11.87
726,2017-11-17 09:48:17,3,563.0,1677.0,0.0,69.8,74.0,78.2,-1.0,0.6,11.76
727,2017-11-17 09:48:18,3,563.9,1674.8,0.0,69.8,74.0,78.2,-1.0,0.6,11.15
728,2017-11-17 09:48:19,3,566.3,1678.9,0.0,69.8,74.0,78.2,-1.0,0.6,11.84
729,2017-11-17 09:48:20,3,568.6,1678.1,0.0,69.8,74.0,78.2,-1.0,0.6,11.59
730,2017-11-17 09:48:21,3,569.0,1681.4,0.0,69.8,74.0,78.2,-1.0,0.6,12.32
731,2017-11-17 09:48:22,3,569.8,1680.9,0.0,69.8,74.0,78.2,-1.0,0.6,11.44
732,2017-11-17 09:48:23,3,569.4,1680.9,0.0,69.8,74.0,78.2,-1.0,0.6,12.16
733,2017-11-17 09:48:24,3,572.8,1684.7,0.0,69.8,74.0,78.2,-1.0,0.6,11.21
734,2017-11-17 09:48:25,3,568.0,1686.8,0.0,69.8,74.0,78.2,-1.0,0.6,12.25
735,2017-11-17 09:48:26,3,567.4,1685.2,0.0,69.8,74.0,78.2,-1.0,0.6,12.23
736,2017-11-17 09:48:27,3,569.0,1683.8,0.0,69.8,74.0,78.2,-1.0,0.6,10.62
737,2017-11-17 09:48:28,3,564.1,1685.2,0.0,69.8,74.0,78.2,-1.0,0.6,12.51
738,2017-11-17 09:48:29,3,564.0,1680.5,0.0,69.8,74.0,78.2,-1.0,0.6,12.83
739,2017-11-17 09:48:30,3,564.4,1674.0,0.0,69.8,74.0,78.2,-1.0,0.6,11.57
740,2017-11-17 09:48:31,3,570.7,1672.0,0.0,69.8,74.0,78.2,-1.0,0.6,11.24
741,2017-11-17 09:48:32,3,569.2,1671.7,0.0,69.8,74.0,78.2,-1.0,0.6,11.0
742,2017-11-17 09:48:33,3,566.4,1661.3,0.0,69.8,74.0,78.2,-1.0,0.6,11.84
743,2017-11-17 09:48:34,3,570.1,1670.4,0.0,69.8,74.0,78.2,-1.0,0.6,11.39
744,2017-11-17 09:48:35,3,570.4,1670.9,0.0,69.8,74.0,78.2,-1.0,0.6,11.5
745,2017-11-17 09:48:36,3,565.2,1669.3,0.0,69.8,74.0,78.2,-1.0,0.6,12.31
746,2017-11-17 09:48:37,3,571.6,1679.5,0.0,69.83,74.0,78.15,-1.0,0.6,11.55
747,2017-11-17 09:48:38,3,565.7,1675.7,0.0,69.82,74.0,78.2,-1.0,0.6,11.94
748,2017-11-17 09:48:39,3,566.0,1674.4,0.0,69.85,74.0,78.17,-1.0,0.6,10.98
749,2017-11-17 09:48:40,3,569.2,1676.5,0.0,69.82,74.0,78.12,-1.0,0.6,11.68
750,2017-11-17 09:48:41,3,566.3,1677.2,0.0,69.86,74.0,78.18,-1.0,0.6,11.72
751,2017-11-17 09:48:42,3,570.0,1680.1,0.0,69.86,74.0,78.17,-1.0,0.6,12.38
752,2017-11-17 09:48:43,3,568.9,1685.2,0.0,69.82,74.0,78.15,-1.0,0.6,11.4
753,2017-11-17 09:48:44,3,571.4,1685.4,0.0,69.85,74.0,78.17,-1.0,0.6,11.48
754,2017-11-17 09:48:45,3,569.2,1685.7,0.0,69.85,74.0,78.16,-1.0,0.6,11.37
755,2017-11-17 09:48:46,3,563.1,1686.5,0.0,69.89,74.0,78.15,-1.0,0.6,11.29
756,2017-11-17 09:48:47,3,560.9,1680.7,0.0,69.88,74.0,78.12,-1.0,0.6,10.52
757,2017-11-17 09:48:48,3,561.9,1678.4,0.0,69.88,74.0,78.1,-1.0,0.6,10.7
758,2017-11-17 09:48:49,3,564.6,1675.8,0.0,69.87,74.0,78.1,-1.0,0.6,12.5
759,2017-11-17 09:48:50,3,561.8,1679.8,0.0,69.9,74.0,78.12,-1.0,0.6,12.79
760,2017-11-17 09:48:51,3,557.9,1676.5,0.0,69.9,74.0,78.12,-1.0,0.6,12.1
761,2017-11-17 09:48:52,3,558.4,1672.1,0.0,69.89,74.0,78.12,-1.0,0.6,12.28
762,2017-11-17 09:48:53,3,562.5,1673.2,0.0,69.87,74.0,78.12,-1.0,0.6,12.43
763,2017-11-17 09:48:54,3,561.1,1670.2,0.0,69.9,74.0,78.12,-1.0,0.6,10.99
764,2017-11-17 09:48:55,3,559.2,1670.7,0.0,69.9,74.0,78.11,-1.0,0.6,11.9
765,2017-11-17 09:48:56,3,564.8,1670.9,0.0,69.9,74.0,78.1,-1.0,0.6,11.95
766,2017-11-17 09:48:57,3,560.3,1669.9,0.0,69.9,74.0,78.1,-1.0,0.6,11.55
767,2017-11-17 09:48:58,3,560.8,1661.8,0.0,69.88,74.0,78.1,-1.0,0.6,11.29
768,2017-11-17 09:48:59,3,564.6,1664.7,0.0,69.87,74.0,78.1,-1.0,0.6,9.6
769,2017-11-17 09:49:00,3,564.5,1665.2,0.0,69.87,74.0,78.1,-1.0,0.6,10.3
770,2017-11-17 09:49:01,3,559.5,1662.3,0.0,69.9,74.0,78.1,-1.0,0.6,10.56
771,2017-11-17 09:49:02,3,571.4,1669.0,0.0,69.87,73.97,78.1,-1.0,0.6,10.29
772,2017-11-17 09:49:03,3,568.2,1673.0,0.0,69.88,73.95,78.1,-1.0,0.6,9.89
773,2017-11-17 09:49:04,3,566.0,1673.7,0.0,69.88,74.0,78.1,-1.0,0.6,10.76
774,2017-11-17 09:49:05,3,570.0,1674.6,0.0,69.83,74.0,78.1,-1.0,0.6,10.34
775,2017-11-17 09:49:06,3,565.9,1677.5,0.0,69.85,74.0,78.1,-1.0,0.6,10.25
776,2017-11-17 09:49:07,3,568.3,1675.3,0.0,69.9,74.0,78.1,-1.0,0.6,10.21
777,2017-11-17 09:49:08,3,573.6,1679.9,0.0,69.9,74.0,78.1,-1.0,0.6,9.96
778,2017-11-17 09:49:09,3,567.8,1680.4,0.0,69.9,74.0,78.1,-1.0,0.6,9.77
779,2017-11-17 09:49:10,3,566.3,1672.9,0.0,69.87,73.96,78.1,-1.0,0.6,9.22
780,2017-11-17 09:49:11,3,568.6,1670.0,0.0,69.87,73.95,78.1,-1.0,0.6,9.31
781,2017-11-17 09:49:12,3,572.6,1667.7,0.0,69.88,73.97,78.1,-1.0,0.6,9.24
782,2017-11-17 09:49:13,3,571.2,1674.3,0.0,69.87,74.0,78.1,-1.0,0.6,9.95
783,2017-11-17 09:49:14,3,569.0,1678.5,0.0,69.87,73.95,78.1,-1.0,0.6,9.39
784,2017-11-17 09:49:15,3,568.8,1677.7,0.0,69.87,73.99,78.1,-1.0,0.6,9.95
785,2017-11-17 09:49:16,3,569.1,1678.5,0.0,69.9,73.93,78.1,-1.0,0.6,10.07
786,2017-11-17 09:49:17,3,535.7,1676.1,0.0,69.9,73.97,78.1,-1.0,0.6,10.04
787,2017-11-17 09:49:18,3,507.4,1661.5,0.0,69.86,73.92,78.1,-1.0,0.6,10.78
788,2017-11-17 09:49:19,3,493.5,1632.7,0.0,69.85,73.93,78.1,-1.0,0.6,9.23
789,2017-11-17 09:49:20,3,493.7,1591.8,0.0,69.85,73.92,78.1,-1.0,0.6,9.52
790,2017-11-17 09:49:21,3,494.7,1584.6,0.0,69.86,73.9,78.1,-1.0,0.6,9.55
791,2017-11-17 09:49:22,3,500.7,1593.9,0.0,69.85,73.92,78.1,-1.0,0.6,9.81
792,2017-11-17 09:49:23,3,503.3,1601.2,0.0,69.82,73.9,78.1,-1.0,0.6,12.2
793,2017-11-17 09:49:24,3,499.8,1608.2,0.0,69.81,73.9,78.1,-1.0,0.6,12.2
794,2017-11-17 09:49:25,3,499.3,1607.7,0.0,69.82,73.9,78.1,-1.0,0.6,11.15
795,2017-11-17 09:49:26,3,495.8,1609.9,0.0,69.82,73.9,78.1,-1.0,0.6,10.98
796,2017-11-17 09:49:27,3,497.8,1609.1,0.0,69.82,73.9,78.1,-1.0,0.6,10.19
797,2017-11-17 09:49:28,3,499.7,1612.8,0.0,69.82,73.9,78.1,-1.0,0.6,10.95
798,2017-11-17 09:49:29,3,496.6,1607.5,0.0,69.85,73.9,78.1,-1.0,0.6,11.92
799,2017-11-17 09:49:30,3,499.2,1606.2,0.0,69.8,73.9,78.1,-1.0,0.6,11.59
800,2017-11-17 09:49:31,3,500.2,1607.1,0.0,69.82,73.9,78.1,-1.0,0.6,12.03
801,2017-11-17 09:49:32,3,501.8,1610.6,0.0,69.83,73.9,78.1,-1.0,0.6,11.2
802,2017-11-17 09:49:33,3,552.7,1633.1,0.0,69.82,73.9,78.1,-1.0,0.6,12.4
803,2017-11-17 09:49:34,3,552.4,1662.7,0.0,69.8,73.9,78.1,-1.0,0.6,12.51
804,2017-11-17 09:49:35,3,550.5,1675.6,0.0,69.8,73.9,78.1,-1.0,0.6,13.2
805,2017-11-17 09:49:36,3,546.3,1670.3,0.0,69.84,73.9,78.1,-1.0,0.6,11.37
806,2017-11-17 09:49:37,3,545.9,1653.2,0.0,69.8,73.9,78.1,-1.0,0.6,11.73
807,2017-11-17 09:49:38,3,547.8,1651.9,0.0,69.8,73.9,78.1,-1.0,0.6,11.39
808,2017-11-17 09:49:39,3,548.0,1653.1,0.0,69.8,73.9,78.1,-1.0,0.6,10.54
809,2017-11-17 09:49:40,3,548.1,1656.9,0.0,69.8,73.9,78.1,-1.0,0.6,10.84
810,2017-11-17 09:49:41,3,547.0,1657.0,0.0,69.8,73.9,78.1,-1.0,0.6,10.22
811,2017-11-17 09:49:42,3,544.7,1654.9,0.0,69.8,73.9,78.1,-1.0,0.6,10.98
812,2017-11-17 09:49:43,3,550.2,1659.5,0.0,69.8,73.9,78.1,-1.0,0.6,12.56
813,2017-11-17 09:49:44,3,547.0,1660.0,0.0,69.8,73.9,78.1,-1.0,0.6,11.51
814,2017-11-17 09:49:45,3,545.8,1660.0,0.0,69.8,73.9,78.1,-1.0,0.6,12.31
815,2017-11-17 09:49:46,3,544.7,1665.2,0.0,69.8,73.9,78.1,-1.0,0.6,11.39
816,2017-11-17 09:49:47,3,549.7,1666.8,0.0,69.8,73.9,78.1,-1.0,0.6,11.95
817,2017-11-17 09:49:48,3,568.5,1672.0,0.0,69.8,73.9,78.1,-1.0,0.6,11.77
818,2017-11-17 09:49:49,3,571.8,1691.8,0.0,69.8,73.9,78.1,-1.0,0.6,11.39
819,2017-11-17 09:49:50,3,572.6,1702.3,0.0,69.8,73.9,78.1,-1.0,0.6,12.2
820,2017-11-17 09:49:51,3,564.1,1696.1,0.0,69.8,73.9,78.1,-1.0,0.6,12.6
821,2017-11-17 09:49:52,3,561.9,1687.1,0.0,69.8,73.9,78.1,-1.0,0.6,11.87
822,2017-11-17 09:49:53,3,570.1,1686.5,0.0,69.8,73.9,78.1,-1.0,0.6,12.75
823,2017-11-17 09:49:54,3,567.1,1684.5,0.0,69.8,73.9,78.1,-1.0,0.6,12.65
824,2017-11-17 09:49:55,3,568.4,1681.0,0.0,69.8,73.87,78.1,-1.0,0.6,11.84
825,2017-11-17 09:49:56,3,566.6,1678.8,0.0,69.8,73.9,78.1,-1.0,0.6,11.72
826,2017-11-17 09:49:57,3,568.1,1680.0,0.0,69.8,73.86,78.1,-1.0,0.6,11.4
827,2017-11-17 09:49:58,3,568.0,1676.9,0.0,69.8,73.85,78.1,-1.0,0.6,12.42
828,2017-11-17 09:49:59,3,572.3,1683.2,0.0,69.8,73.85,78.1,-1.0,0.6,11.48
829,2017-11-17 09:50:00,3,566.5,1679.9,0.0,69.8,73.9,78.1,-1.0,0.6,12.66
830,2017-11-17 09:50:01,3,566.9,1679.9,0.0,69.8,73.87,78.1,-1.0,0.6,12.69
831,2017-11-17 09:50:02,3,566.9,1681.9,0.0,69.8,73.87,78.1,-1.0,0.6,13.26
832,2017-11-17 09:50:03,3,560.0,1679.1,0.0,69.8,73.85,78.1,-1.0,0.6,11.61
833,2017-11-17 09:50:04,3,562.7,1675.2,0.0,69.8,73.81,78.1,-1.0,0.6,10.66
834,2017-11-17 09:50:05,3,563.7,1672.0,0.0,69.8,73.82,78.1,-1.0,0.6,9.96
835,2017-11-17 09:50:06,3,563.4,1671.5,0.0,69.8,73.8,78.1,-1.0,0.6,12.47
836,2017-11-17 09:50:07,3,558.1,1667.9,0.0,69.8,73.82,78.1,-1.0,0.6,12.03
837,2017-11-17 09:50:08,3,564.8,1671.7,0.0,69.8,73.8,78.1,-1.0,0.6,12.82
838,2017-11-17 09:50:09,3,563.7,1674.1,0.0,69.8,73.8,78.1,-1.0,0.6,12.79
839,2017-11-17 09:50:10,3,562.6,1673.3,0.0,69.8,73.8,78.1,-1.0,0.6,11.8
840,2017-11-17 09:50:11,3,562.8,1672.5,0.0,69.8,73.8,78.1,-1.0,0.6,12.14
841,2017-11-17 09:50:12,3,561.7,1680.2,0.0,69.8,73.8,78.1,-1.0,0.6,11.44
842,2017-11-17 09:50:13,3,562.3,1683.3,0.0,69.8,73.8,78.1,-1.0,0.6,11.42
843,2017-11-17 09:50:14,3,562.7,1680.0,0.0,69.8,73.8,78.1,-1.0,0.6,12.13
844,2017-11-17 09:50:15,3,564.3,1679.3,0.0,69.8,73.8,78.1,-1.0,0.6,11.26
845,2017-11-17 09:50:16,3,563.6,1675.7,0.0,69.8,73.8,78.1,-1.0,0.6,11.57
846,2017-11-17 09:50:17,3,568.8,1679.8,0.0,69.8,73.8,78.1,-1.0,0.6,10.59
847,2017-11-17 09:50:18,3,548.7,1667.8,0.0,69.8,73.8,78.08,-1.0,0.6,11.33
848,2017-11-17 09:50:19,3,548.5,1662.5,0.0,69.8,73.8,78.05,-1.0,0.6,12.32
849,2017-11-17 09:50:20,3,552.4,1658.3,0.0,69.8,73.8,78.07,-1.0,0.6,12.51
850,2017-11-17 09:50:22,3,553.7,1658.0,0.0,69.8,73.8,78.0,-1.0,0.6,12.62
851,2017-11-17 09:50:23,3,554.7,1658.3,0.0,69.8,73.8,78.02,-1.0,0.6,11.26
852,2017-11-17 09:50:24,3,558.6,1664.4,0.0,69.8,73.8,78.0,-1.0,0.6,12.24
853,2017-11-17 09:50:25,3,552.6,1661.7,0.0,69.8,73.8,78.0,-1.0,0.6,11.54
854,2017-11-17 09:50:26,3,554.4,1663.8,0.0,69.8,73.8,78.0,-1.0,0.6,11.74
855,2017-11-17 09:50:27,3,551.1,1662.1,0.0,69.8,73.8,78.0,-1.0,0.6,11.54
856,2017-11-17 09:50:28,3,558.6,1668.2,0.0,69.8,73.8,78.0,-1.0,0.6,11.65
857,2017-11-17 09:50:29,3,554.5,1665.3,0.0,69.8,73.8,78.02,-1.0,0.6,11.59
858,2017-11-17 09:50:30,3,552.2,1665.3,0.0,69.8,73.8,78.0,-1.0,0.6,10.7
859,2017-11-17 09:50:31,3,555.8,1671.0,0.0,69.8,73.8,78.0,-1.0,0.6,11.77
860,2017-11-17 09:50:32,3,554.8,1673.1,0.0,69.8,73.8,78.0,-1.0,0.6,10.77
861,2017-11-17 09:50:33,3,560.2,1673.4,0.0,69.8,73.8,78.0,-1.0,0.6,11.47
862,2017-11-17 09:50:34,3,565.0,1674.7,0.0,69.77,73.8,78.0,-1.0,0.6,11.44
863,2017-11-17 09:50:35,3,561.1,1681.2,0.0,69.73,73.8,78.0,-1.0,0.6,11.99
864,2017-11-17 09:50:36,3,560.0,1676.4,0.0,69.73,73.8,78.0,-1.0,0.6,11.59
865,2017-11-17 09:50:37,3,558.7,1673.8,0.0,69.75,73.8,78.0,-1.0,0.6,11.99
866,2017-11-17 09:50:38,3,565.4,1669.5,0.0,69.76,73.8,78.0,-1.0,0.6,11.88
867,2017-11-17 09:50:39,3,562.9,1666.0,0.0,69.72,73.8,78.0,-1.0,0.6,12.76
868,2017-11-17 09:50:40,3,559.8,1663.2,0.0,69.71,73.8,78.0,-1.0,0.6,12.31
869,2017-11-17 09:50:41,3,563.3,1665.5,0.0,69.72,73.8,78.0,-1.0,0.6,10.7
870,2017-11-17 09:50:42,3,565.1,1670.0,0.0,69.7,73.8,78.0,-1.0,0.6,11.18
871,2017-11-17 09:50:43,3,558.7,1671.9,0.0,69.7,73.8,78.0,-1.0,0.6,10.5
872,2017-11-17 09:50:44,3,564.1,1670.4,0.0,69.7,73.8,78.0,-1.0,0.6,10.62
873,2017-11-17 09:50:45,3,562.7,1665.7,0.0,69.7,73.8,78.0,-1.0,0.6,11.48
874,2017-11-17 09:50:46,3,560.2,1666.1,0.0,69.7,73.8,78.0,-1.0,0.6,12.12
875,2017-11-17 09:50:47,3,560.2,1673.4,0.0,69.7,73.8,78.0,-1.0,0.6,12.62
876,2017-11-17 09:50:48,3,573.0,1676.3,0.0,69.7,73.8,78.0,-1.0,0.6,11.59
877,2017-11-17 09:50:49,3,573.2,1680.9,0.0,69.7,73.8,78.0,-1.0,0.6,13.08
878,2017-11-17 09:50:50,3,568.3,1686.1,0.0,69.7,73.8,78.0,-1.0,0.6,11.47
879,2017-11-17 09:50:51,3,566.3,1686.2,0.0,69.7,73.8,78.0,-1.0,0.6,12.16
880,2017-11-17 09:50:52,3,566.5,1684.6,0.0,69.7,73.8,78.0,-1.0,0.6,12.87
881,2017-11-17 09:50:53,3,569.0,1683.5,0.0,69.7,73.8,78.0,-1.0,0.6,13.26
882,2017-11-17 09:50:54,3,570.7,1684.2,0.0,69.7,73.8,78.0,-1.0,0.6,10.01
883,2017-11-17 09:50:55,3,567.9,1684.3,0.0,69.7,73.8,78.0,-1.0,0.6,12.03
884,2017-11-17 09:50:56,8,558.0,1672.2,0.0,69.7,73.8,78.0,-1.0,0.6,12.69
885,2017-11-17 09:50:57,8,533.5,1629.4,0.0,69.7,73.8,78.0,-1.0,0.6,12.13
886,2017-11-17 09:50:58,8,484.8,1542.0,0.0,69.7,73.8,78.0,-1.0,0.6,11.55
887,2017-11-17 09:50:59,8,419.9,1430.7,0.0,69.7,73.8,78.0,-1.0,0.6,11.47
888,2017-11-17 09:51:00,8,192.2,1190.6,0.0,69.67,73.8,78.0,-1.0,0.6,11.02
889,2017-11-17 09:51:01,8,34.4,1085.8,0.0,69.7,73.8,78.0,-1.0,0.6,9.67
890,2017-11-17 09:51:02,8,1.7,988.5,0.0,69.7,73.8,78.0,-1.0,0.6,8.82
891,2017-11-17 09:51:03,8,0.0,898.6,0.0,69.66,73.8,78.0,-1.0,0.6,8.35
892,2017-11-17 09:51:04,8,0.0,815.5,0.0,69.65,73.8,78.0,-1.0,0.6,9.11
893,2017-11-17 09:51:05,8,0.0,659.5,0.0,69.67,73.8,78.0,-1.0,0.6,9.28
894,2017-11-17 09:51:06,8,0.0,594.8,0.0,69.65,73.8,78.0,-1.0,0.6,9.39
895,2017-11-17 09:51:07,8,0.0,530.4,0.0,69.69,73.8,78.0,-1.0,0.6,7.84
896,2017-11-17 09:51:08,8,0.0,473.3,0.0,69.7,73.8,78.0,-1.0,0.6,8.6
897,2017-11-17 09:51:09,8,0.0,374.4,0.0,69.62,73.8,78.0,-1.0,0.6,7.68
898,2017-11-17 09:51:10,8,0.0,326.0,0.0,69.62,73.8,78.0,-1.0,0.6,8.76
899,2017-11-17 09:51:11,8,0.0,282.2,0.0,69.65,73.77,78.0,-1.0,0.6,10.11
900,2017-11-17 09:51:12,8,0.0,245.3,0.0,69.65,73.75,78.0,-1.0,0.6,10.52
901,2017-11-17 09:51:13,8,0.0,185.8,0.0,69.62,73.73,78.0,-1.0,0.6,10.54
902,2017-11-17 09:51:14,8,0.0,164.9,0.0,69.6,73.7,78.0,-1.0,0.6,9.61
903,2017-11-17 09:51:15,8,0.0,144.8,0.0,69.62,73.7,78.0,-1.0,0.6,10.06
904,2017-11-17 09:51:16,8,0.0,121.9,0.0,69.67,73.7,78.0,-1.0,0.6,10.26
905,2017-11-17 09:51:17,8,0.0,83.4,0.0,69.6,73.7,78.0,-1.0,0.6,9.5
906,2017-11-17 09:51:18,8,0.0,66.0,0.0,69.6,73.7,78.0,-1.0,0.6,9.85
907,2017-11-17 09:51:19,8,0.0,52.6,0.0,69.62,73.7,78.0,-1.0,0.6,9.75
908,2017-11-17 09:51:20,8,0.0,42.9,0.0,69.6,73.7,78.0,-1.0,0.6,10.07
909,2017-11-17 09:51:21,8,0.0,29.7,0.0,69.65,73.7,78.0,-1.0,0.6,10.78
910,2017-11-17 09:51:22,8,0.0,31.2,0.0,69.62,73.7,78.0,-1.0,0.6,9.93
911,2017-11-17 09:51:23,8,0.0,33.6,0.0,69.6,73.7,78.0,-1.0,0.6,9.53
912,2017-11-17 09:51:24,8,0.0,34.5,0.0,69.64,73.7,78.0,-1.0,0.6,10.58
913,2017-11-17 09:51:25,8,0.0,33.7,0.0,69.67,73.7,78.0,-1.0,0.6,9.55
914,2017-11-17 09:51:26,8,0.0,32.4,0.0,69.7,73.7,78.0,-1.0,0.6,11.1
915,2017-11-17 09:51:27,8,0.0,30.0,0.0,69.7,73.7,77.98,-1.0,0.6,11.0
916,2017-11-17 09:51:28,8,0.0,28.5,0.0,69.7,73.7,77.92,-1.0,0.6,11.47
917,2017-11-17 09:51:29,8,0.0,27.8,0.0,69.7,73.7,77.92,-1.0,0.6,11.32
918,2017-11-17 09:51:30,8,0.0,20.6,0.0,69.7,73.7,77.9,-1.0,0.6,10.51
919,2017-11-17 09:51:31,8,0.0,24.9,0.0,69.7,73.7,77.9,-1.0,0.6,11.69
920,2017-11-17 09:51:32,8,0.0,20.3,0.0,69.7,73.7,77.87,-1.0,0.6,11.32
921,2017-11-17 09:51:33,8,0.0,18.0,0.0,69.7,73.7,77.88,-1.0,0.6,11.15
922,2017-11-17 09:51:34,2,0.0,22.0,0.0,69.7,73.7,77.8,-1.0,0.6,9.83
923,2017-11-17 09:51:35,2,0.0,21.4,0.0,69.7,73.7,77.8,-1.0,0.6,10.19
924,2017-11-17 09:51:36,2,0.0,22.5,0.0,69.7,73.7,77.8,-1.0,0.6,11.21
925,2017-11-17 09:51:37,2,0.0,21.8,0.0,69.7,73.7,77.8,-1.0,0.6,10.98
926,2017-11-17 09:51:38,2,0.0,19.0,0.0,69.7,73.7,77.8,-1.0,0.6,10.6
927,2017-11-17 09:51:39,2,0.0,19.9,0.0,69.7,73.7,77.8,-1.0,0.6,11.33
928,2017-11-17 09:51:40,2,0.0,19.6,0.0,69.7,73.7,77.8,-1.0,0.6,11.69
929,2017-11-17 09:51:41,2,0.0,16.9,0.0,69.7,73.69,77.8,-1.0,0.6,10.03
930,2017-11-17 09:51:42,2,0.0,16.3,0.0,69.7,73.7,77.77,-1.0,0.6,9.67
931,2017-11-17 09:51:43,2,0.0,16.4,0.0,69.72,73.67,77.7,-1.0,0.6,10.11
932,2017-11-17 09:51:44,2,0.0,20.9,0.0,69.7,73.62,77.7,-1.0,0.6,9.13
933,2017-11-17 09:51:45,2,0.0,21.9,0.0,69.7,73.63,77.7,-1.0,0.6,9.57
934,2017-11-17 09:51:46,2,0.0,22.1,0.0,69.7,73.6,77.7,-1.0,0.6,9.53
935,2017-11-17 09:51:47,2,0.0,25.3,0.0,69.7,73.6,77.65,-1.0,0.6,8.56
936,2017-11-17 09:51:48,2,0.0,25.4,0.0,69.7,73.6,77.6,-1.0,0.6,9.85
937,2017-11-17 09:51:49,2,0.0,17.8,0.0,69.7,73.6,77.6,-1.0,0.6,8.93
938,2017-11-17 09:51:50,2,0.0,15.6,0.0,69.7,73.6,77.6,-1.0,0.6,10.47
939,2017-11-17 09:51:51,2,0.0,10.4,0.0,69.7,73.6,77.6,-1.0,0.6,9.46
940,2017-11-17 09:51:52,2,0.0,8.5,0.0,69.72,73.6,77.6,-1.0,0.6,9.89
941,2017-11-17 09:51:53,2,0.0,13.8,0.0,69.7,73.6,77.56,-1.0,0.6,9.42
942,2017-11-17 09:51:54,2,0.0,12.0,0.0,69.7,73.6,77.5,-1.0,0.6,9.39
943,2017-11-17 09:51:55,2,0.0,16.6,0.0,69.7,73.6,77.5,-1.0,0.6,9.7
944,2017-11-17 09:51:56,2,0.0,15.9,0.0,69.7,73.6,77.5,-1.0,0.6,9.31
945,2017-11-17 09:51:58,2,0.0,11.7,0.0,69.7,73.6,77.5,-1.0,0.6,8.79
946,2017-11-17 09:51:59,2,0.0,10.6,0.0,69.7,73.6,77.47,-1.0,0.6,9.39
947,2017-11-17 09:52:00,2,0.0,13.5,0.0,69.7,73.6,77.4,-1.0,0.6,8.53
948,2017-11-17 09:52:01,2,0.0,14.2,0.0,69.7,73.6,77.4,-1.0,0.6,7.22
949,2017-11-17 09:52:02,2,0.0,15.1,0.0,69.7,73.6,77.3,-1.0,0.6,9.6
950,2017-11-17 09:52:03,2,0.0,22.3,0.0,69.7,73.6,77.3,-1.0,0.6,9.75
951,2017-11-17 09:52:04,2,0.0,27.6,0.0,69.7,73.6,77.3,-1.0,0.6,10.12
952,2017-11-17 09:52:05,2,0.0,36.1,0.0,69.7,73.6,77.3,-1.0,0.6,10.98
953,2017-11-17 09:52:06,2,0.0,57.1,0.0,69.7,73.6,77.3,-1.0,0.6,11.29
954,2017-11-17 09:52:07,2,0.0,70.1,0.0,69.7,73.55,77.27,-1.0,0.6,12.46
955,2017-11-17 09:52:08,2,0.0,83.3,0.0,69.7,73.5,77.2,-1.0,0.6,11.47
956,2017-11-17 09:52:09,2,0.0,93.6,0.0,69.7,73.52,77.2,-1.0,0.6,9.41
957,2017-11-17 09:52:10,2,0.0,116.2,0.0,69.7,73.5,77.19,-1.0,0.6,10.62
958,2017-11-17 09:52:11,2,0.0,129.3,0.0,69.7,73.5,77.13,-1.0,0.6,10.74
959,2017-11-17 09:52:12,2,0.0,144.1,0.0,69.7,73.5,77.1,-1.0,0.6,10.88
960,2017-11-17 09:52:13,2,0.0,161.7,0.0,69.7,73.5,77.1,-1.0,0.6,10.88
961,2017-11-17 09:52:14,2,0.0,195.3,0.0,69.67,73.5,77.1,-1.0,0.6,9.77
962,2017-11-17 09:52:15,2,0.0,214.6,0.0,69.7,73.5,77.1,-1.0,0.6,10.52
963,2017-11-17 09:52:16,2,0.0,233.5,0.0,69.68,73.5,77.1,-1.0,0.6,9.77
964,2017-11-17 09:52:17,2,0.0,253.9,0.0,69.7,73.5,77.02,-1.0,0.6,9.5
965,2017-11-17 09:52:18,2,0.0,298.6,0.0,69.65,73.5,77.0,-1.0,0.6,10.26
966,2017-11-17 09:52:19,2,0.0,319.3,0.0,69.61,73.5,77.0,-1.0,0.6,11.74
967,2017-11-17 09:52:20,2,0.0,343.7,0.0,69.6,73.5,77.0,-1.0,0.6,11.77
968,2017-11-17 09:52:21,2,0.0,368.4,0.0,69.65,73.47,77.0,-1.0,0.6,11.88
969,2017-11-17 09:52:22,2,0.0,396.8,0.0,69.64,73.43,76.95,-1.0,0.6,11.24
970,2017-11-17 09:52:23,2,0.0,447.8,0.0,69.6,73.4,76.9,-1.0,0.6,11.22
971,2017-11-17 09:52:24,2,0.0,474.4,0.0,69.6,73.4,76.87,-1.0,0.6,11.06
972,2017-11-17 09:52:25,2,0.0,498.2,0.0,69.6,73.4,76.82,-1.0,0.6,10.65
973,2017-11-17 09:52:26,2,0.0,520.7,0.0,69.6,73.37,76.8,-1.0,0.6,10.95
974,2017-11-17 09:52:27,2,0.0,580.7,0.0,69.6,73.32,76.8,-1.0,0.6,10.04
975,2017-11-17 09:52:28,2,0.0,611.0,0.0,69.6,73.3,76.8,-1.0,0.6,8.63
976,2017-11-17 09:52:29,2,0.0,645.2,0.0,69.6,73.3,76.8,-1.0,0.6,8.68
977,2017-11-17 09:52:30,2,0.0,685.8,0.0,69.6,73.3,76.75,-1.0,0.6,8.08
978,2017-11-17 09:52:31,2,0.0,774.0,0.0,69.6,73.3,76.7,-1.0,0.6,9.08
979,2017-11-17 09:52:32,2,0.0,820.4,0.0,69.6,73.3,76.7,-1.0,0.6,9.67
980,2017-11-17 09:52:33,2,0.0,869.5,0.0,69.6,73.3,76.67,-1.0,0.6,10.34
981,2017-11-17 09:52:34,2,0.0,915.5,0.0,69.6,73.3,76.6,-1.0,0.6,9.86
982,2017-11-17 09:52:35,2,0.0,1005.5,0.0,69.6,73.3,76.6,-1.0,0.6,10.44
983,2017-11-17 09:52:36,2,0.0,1038.2,0.0,69.6,73.3,76.6,-1.0,0.6,10.7
984,2017-11-17 09:52:37,2,0.0,1072.4,0.0,69.6,73.3,76.6,-1.0,0.6,10.25
985,2017-11-17 09:52:38,2,0.0,1103.1,0.0,69.6,73.3,76.6,-1.0,0.6,10.58
986,2017-11-17 09:52:39,2,0.0,1117.8,0.0,69.6,73.24,76.57,-1.0,0.6,12.58
987,2017-11-17 09:52:40,2,0.0,1136.0,0.0,69.6,73.2,76.5,-1.0,0.6,11.54
988,2017-11-17 09:52:41,2,0.0,1132.7,0.0,69.6,73.2,76.5,-1.0,0.6,11.47
989,2017-11-17 09:52:42,2,0.0,1129.4,0.0,69.6,73.2,76.5,-1.0,0.6,10.82
990,2017-11-17 09:52:43,2,0.0,1131.4,0.0,69.6,73.2,76.5,-1.0,0.6,11.17
991,2017-11-17 09:52:44,2,0.0,1115.8,0.0,69.6,73.17,76.5,-1.0,0.6,11.4
992,2017-11-17 09:52:45,2,0.0,1108.7,0.0,69.6,73.17,76.44,-1.0,0.6,10.19
993,2017-11-17 09:52:46,2,0.0,1110.6,0.0,69.6,73.14,76.4,-1.0,0.6,10.69
994,2017-11-17 09:52:47,2,0.0,1104.7,0.0,69.6,73.1,76.4,-1.0,0.6,10.66
995,2017-11-17 09:52:48,2,0.0,1105.0,0.0,69.6,73.1,76.37,-1.0,0.6,10.77
996,2017-11-17 09:52:49,2,0.0,1097.4,0.0,69.6,73.1,76.3,-1.0,0.6,9.37
997,2017-11-17 09:52:50,2,0.0,1108.2,0.0,69.57,73.1,76.3,-1.0,0.6,11.95
998,2017-11-17 09:52:51,2,0.0,1105.4,0.0,69.59,73.1,76.3,-1.0,0.6,11.39
999,2017-11-17 09:52:52,2,0.0,1105.8,0.0,69.5,73.1,76.3,-1.0,0.6,12.16
1000,2017-11-17 09:52:53,2,0.0,1100.3,0.0,69.5,73.1,76.3,-1.0,0.6,11.47
1001,2017-11-17 09:52:54,2,0.0,1105.5,0.0,69.5,73.1,76.28,-1.0,0.6,13.63
1002,2017-11-17 09:52:55,2,0.0,1094.0,0.0,69.5,73.1,76.2,-1.0,0.6,12.87
1003,2017-11-17 09:52:56,2,0.0,1102.6,0.0,69.5,73.02,76.18,-1.0,0.6,11.84
1004,2017-11-17 09:52:57,2,0.0,1104.2,0.0,69.5,73.0,76.1,-1.0,0.6,11.43
1005,2017-11-17 09:52:58,2,0.0,1111.1,0.0,69.49,73.0,76.1,-1.0,0.6,11.68
1006,2017-11-17 09:52:59,2,0.0,1110.8,0.0,69.4,73.0,76.1,-1.0,0.6,12.31
1007,2017-11-17 09:53:00,2,0.0,1119.2,0.0,69.4,73.0,76.1,-1.0,0.6,11.87
1008,2017-11-17 09:53:01,2,0.0,1115.4,0.0,69.4,73.0,76.1,-1.0,0.6,12.5
1009,2017-11-17 09:53:02,3,0.0,1103.2,0.0,69.34,73.0,76.05,-1.0,0.6,11.84
1010,2017-11-17 09:53:03,3,-4.4,1107.5,0.0,69.3,73.0,76.0,-1.0,0.6,11.95
1011,2017-11-17 09:53:04,3,-2.1,1094.6,0.0,69.3,73.0,76.0,-1.0,0.6,10.26
1012,2017-11-17 09:53:05,3,-20.8,1103.6,0.0,69.3,73.0,76.0,-1.0,0.62,11.65
1013,2017-11-17 09:53:06,3,-5.8,1104.4,0.0,69.3,72.92,76.0,-1.0,0.6,10.26
1014,2017-11-17 09:53:07,3,-6.6,1094.9,0.0,69.23,72.9,76.0,-1.0,0.63,11.5
1015,2017-11-17 09:53:08,3,-2.4,1098.5,0.0,69.2,72.9,75.98,-1.0,0.63,10.48
1016,2017-11-17 09:53:09,8,-9.5,1097.6,0.0,69.2,72.87,75.9,-1.0,0.62,11.47
1017,2017-11-17 09:53:10,8,0.0,1066.4,0.0,69.1,72.8,75.9,-1.0,0.63,11.37
1018,2017-11-17 09:53:11,8,0.0,1015.8,0.0,69.1,72.8,75.87,-1.0,0.63,11.96
1019,2017-11-17 09:53:12,8,0.0,958.1,0.0,69.1,72.8,75.82,-1.0,0.67,11.5
1020,2017-11-17 09:53:13,8,0.0,887.7,0.0,69.1,72.8,75.8,-1.0,0.7,12.65
1021,2017-11-17 09:53:14,8,0.0,821.1,0.0,69.1,72.8,75.8,-1.0,0.67,11.84
1022,2017-11-17 09:53:15,8,0.0,682.8,0.0,69.02,72.8,75.8,-1.0,0.7,12.05
1023,2017-11-17 09:53:16,8,0.0,621.5,0.0,69.0,72.8,75.8,-1.0,0.68,11.8
1024,2017-11-17 09:53:17,8,0.0,557.6,0.0,69.0,72.8,75.77,-1.0,0.7,10.76
1025,2017-11-17 09:53:18,8,0.0,502.6,0.0,69.0,72.77,75.72,-1.0,0.65,11.24
1026,2017-11-17 09:53:19,8,0.0,397.4,0.0,68.9,72.7,75.67,-1.0,0.7,11.15
1027,2017-11-17 09:53:20,8,0.0,354.7,0.0,68.9,72.7,75.6,-1.0,0.7,10.22
1028,2017-11-17 09:53:21,8,0.0,311.4,0.0,68.9,72.7,75.6,-1.0,0.7,9.75
1029,2017-11-17 09:53:22,8,0.0,272.0,0.0,68.85,72.7,75.6,-1.0,0.7,12.62
1030,2017-11-17 09:53:23,8,0.0,206.1,0.0,68.8,72.68,75.6,-1.0,0.7,9.95
1031,2017-11-17 09:53:24,8,0.0,177.2,0.0,68.8,72.6,75.59,-1.0,0.7,10.99
1032,2017-11-17 09:53:25,8,0.0,151.3,0.0,68.8,72.6,75.54,-1.0,0.69,11.66
1033,2017-11-17 09:53:26,8,0.0,126.9,0.0,68.8,72.6,75.51,-1.0,0.68,11.03
1034,2017-11-17 09:53:27,8,0.0,81.4,0.0,68.74,72.6,75.5,-1.0,0.68,13.26
1035,2017-11-17 09:53:28,8,0.0,63.3,0.0,68.7,72.6,75.5,-1.0,0.68,12.2
1036,2017-11-17 09:53:29,8,0.0,50.3,0.0,68.7,72.6,75.5,-1.0,0.7,11.26
1037,2017-11-17 09:53:31,8,0.0,36.2,0.0,68.7,72.6,75.45,-1.0,0.7,9.72
1038,2017-11-17 09:53:32,8,0.0,37.2,0.0,68.63,72.58,75.4,-1.0,0.7,9.99
1039,2017-11-17 09:53:33,8,0.0,37.4,0.0,68.6,72.52,75.37,-1.0,0.7,11.59
1040,2017-11-17 09:53:34,8,0.0,32.8,0.0,68.6,72.5,75.39,-1.0,0.7,10.67
1041,2017-11-17 09:53:35,8,0.0,30.9,0.0,68.6,72.5,75.32,-1.0,0.7,9.67
1042,2017-11-17 09:53:36,8,0.0,35.5,0.0,68.6,72.5,75.3,-1.0,0.7,11.24
1043,2017-11-17 09:53:37,8,0.0,35.0,0.0,68.6,72.5,75.3,-1.0,0.7,12.6
1044,2017-11-17 09:53:38,8,0.0,33.1,0.0,68.6,72.5,75.3,-1.0,0.7,10.51
1045,2017-11-17 09:53:39,8,0.0,31.1,0.0,68.6,72.5,75.3,-1.0,0.7,10.6
1046,2017-11-17 09:53:40,8,0.0,30.0,0.0,68.57,72.5,75.2,-1.0,0.7,10.26
1047,2017-11-17 09:53:41,8,0.0,33.2,0.0,68.56,72.5,75.2,-1.0,0.7,10.34
1048,2017-11-17 09:53:42,8,0.0,34.0,0.0,68.52,72.47,75.19,-1.0,0.7,10.32
1049,2017-11-17 09:53:43,8,0.0,27.3,0.0,68.5,72.44,75.11,-1.0,0.7,10.39
1050,2017-11-17 09:53:44,8,0.0,28.4,0.0,68.5,72.4,75.1,-1.0,0.7,11.03
1051,2017-11-17 09:53:45,8,0.0,23.3,0.0,68.5,72.4,75.1,-1.0,0.7,10.82
1052,2017-11-17 09:53:46,8,0.0,23.4,0.0,68.5,72.4,75.1,-1.0,0.7,10.82
1053,2017-11-17 09:53:47,8,0.0,26.2,0.0,68.5,72.4,75.1,-1.0,0.7,12.45
1054,2017-11-17 09:53:48,8,0.0,26.3,0.0,68.5,72.35,75.09,-1.0,0.7,11.36
1055,2017-11-17 09:53:49,8,0.0,27.2,0.0,68.5,72.3,75.0,-1.0,0.7,10.06
1056,2017-11-17 09:53:50,8,0.0,32.3,0.0,68.5,72.3,75.0,-1.0,0.7,10.96
1057,2017-11-17 09:53:51,8,0.0,35.3,0.0,68.5,72.3,75.0,-1.0,0.7,9.95
1058,2017-11-17 09:53:52,8,0.0,34.5,0.0,68.5,72.3,75.0,-1.0,0.7,11.77
1059,2017-11-17 09:53:53,8,0.0,30.0,0.0,68.5,72.3,75.0,-1.0,0.7,10.8
1060,2017-11-17 09:53:54,8,0.0,32.0,0.0,68.5,72.3,74.93,-1.0,0.7,11.77
1061,2017-11-17 09:53:55,8,0.0,29.2,0.0,68.5,72.3,74.9,-1.0,0.7,10.93
1062,2017-11-17 09:53:56,8,0.0,24.4,0.0,68.47,72.28,74.9,-1.0,0.7,11.42
1063,2017-11-17 09:53:57,8,0.0,24.4,0.0,68.43,72.22,74.86,-1.0,0.7,9.13
1064,2017-11-17 09:53:58,8,0.0,21.8,0.0,68.43,72.2,74.8,-1.0,0.7,9.08
1065,2017-11-17 09:53:59,8,0.0,19.6,0.0,68.4,72.2,74.8,-1.0,0.7,9.01
1066,2017-11-17 09:54:00,8,0.0,17.6,0.0,68.4,72.12,74.8,-1.0,0.7,10.26
1067,2017-11-17 09:54:01,8,0.0,10.8,0.0,68.4,72.1,74.8,-1.0,0.7,10.76
1068,2017-11-17 09:54:02,8,0.0,17.0,0.0,68.4,72.1,74.8,-1.0,0.7,10.95
1069,2017-11-17 09:54:03,8,0.0,16.4,0.0,68.4,72.1,74.8,-1.0,0.7,10.66
1070,2017-11-17 09:54:04,8,0.0,12.8,0.0,68.4,72.1,74.74,-1.0,0.73,11.29
1071,2017-11-17 09:54:05,8,0.0,16.5,0.0,68.4,72.1,74.7,-1.0,0.8,11.42
1072,2017-11-17 09:54:06,8,0.0,16.3,0.0,68.4,72.1,74.7,-1.0,0.72,11.5
1073,2017-11-17 09:54:07,8,0.0,15.1,0.0,68.4,72.1,74.69,-1.0,0.76,11.36
1074,2017-11-17 09:54:09,8,0.0,23.6,0.0,68.38,72.0,74.6,-1.0,0.78,11.25
1075,2017-11-17 09:54:10,8,0.0,23.7,0.0,68.36,72.0,74.6,-1.0,0.8,11.9
1076,2017-11-17 09:54:11,8,0.0,22.7,0.0,68.33,72.0,74.6,-1.0,0.8,11.5
1077,2017-11-17 09:54:12,8,0.0,19.5,0.0,68.3,72.0,74.6,-1.0,0.78,11.47
1078,2017-11-17 09:54:13,8,0.0,16.7,0.0,68.3,72.0,74.6,-1.0,0.8,11.4
1079,2017-11-17 09:54:14,8,0.0,15.8,0.0,68.32,72.0,74.54,-1.0,0.8,11.91
1080,2017-11-17 09:54:15,8,0.0,17.2,0.0,68.3,72.0,74.5,-1.0,0.8,12.66
1081,2017-11-17 09:54:16,8,0.0,18.4,0.0,68.3,72.0,74.5,-1.0,0.8,12.31
1082,2017-11-17 09:54:17,8,0.0,16.9,0.0,68.3,72.0,74.5,-1.0,0.8,10.06
1083,2017-11-17 09:54:18,8,0.0,23.1,0.0,68.3,71.92,74.5,-1.0,0.8,10.69
1084,2017-11-17 09:54:19,8,0.0,25.6,0.0,68.3,71.9,74.48,-1.0,0.8,11.8
1085,2017-11-17 09:54:20,8,0.0,25.0,0.0,68.3,71.9,74.4,-1.0,0.8,12.1
1086,2017-11-17 09:54:21,8,0.0,21.4,0.0,68.3,71.9,74.4,-1.0,0.8,11.47
1087,2017-11-17 09:54:22,8,0.0,19.5,0.0,68.3,71.9,74.4,-1.0,0.8,10.88
1088,2017-11-17 09:54:23,8,0.0,24.5,0.0,68.3,71.86,74.4,-1.0,0.8,11.43
1089,2017-11-17 09:54:24,8,0.0,29.3,0.0,68.3,71.8,74.31,-1.0,0.8,10.74
1090,2017-11-17 09:54:25,8,0.0,29.1,0.0,68.3,71.8,74.3,-1.0,0.8,9.61
1091,2017-11-17 09:54:26,8,0.0,31.5,0.0,68.3,71.8,74.3,-1.0,0.8,10.21
1092,2017-11-17 09:54:27,8,0.0,29.7,0.0,68.3,71.8,74.3,-1.0,0.8,7.95
1093,2017-11-17 09:54:28,8,0.0,25.2,0.0,68.3,71.8,74.3,-1.0,0.8,9.81
1094,2017-11-17 09:54:29,8,0.0,25.2,0.0,68.3,71.8,74.3,-1.0,0.8,9.71
1095,2017-11-17 09:54:30,8,0.0,16.0,0.0,68.3,71.8,74.3,-1.0,0.8,9.5
1096,2017-11-17 09:54:31,8,0.0,15.4,0.0,68.3,71.8,74.28,-1.0,0.8,9.31
1097,2017-11-17 09:54:32,8,0.0,19.9,0.0,68.3,71.72,74.2,-1.0,0.8,12.03
1098,2017-11-17 09:54:33,8,0.0,17.2,0.0,68.3,71.7,74.2,-1.0,0.8,11.9
1099,2017-11-17 09:54:34,8,0.0,17.0,0.0,68.27,71.7,74.18,-1.0,0.8,11.43
1100,2017-11-17 09:54:35,8,0.0,17.8,0.0,68.28,71.7,74.1,-1.0,0.8,10.89
1101,2017-11-17 09:54:36,8,0.0,20.4,0.0,68.24,71.6,74.1,-1.0,0.8,11.88
1102,2017-11-17 09:54:37,8,0.0,17.9,0.0,68.25,71.6,74.1,-1.0,0.8,11.02
1103,2017-11-17 09:54:38,8,0.0,13.6,0.0,68.24,71.6,74.1,-1.0,0.8,11.92
1104,2017-11-17 09:54:39,8,0.0,12.9,0.0,68.2,71.6,74.1,-1.0,0.8,10.88
1105,2017-11-17 09:54:40,8,0.0,13.2,0.0,68.2,71.6,74.1,-1.0,0.8,10.96
1106,2017-11-17 09:54:41,8,0.0,17.1,0.0,68.2,71.6,74.1,-1.0,0.8,10.92
1107,2017-11-17 09:54:42,8,0.0,15.9,0.0,68.2,71.6,74.1,-1.0,0.8,9.67
1108,2017-11-17 09:54:43,8,0.0,14.4,0.0,68.2,71.6,74.04,-1.0,0.8,11.61
1109,2017-11-17 09:54:44,8,0.0,18.2,0.0,68.2,71.52,74.0,-1.0,0.8,10.3
1110,2017-11-17 09:54:45,8,0.0,17.9,0.0,68.2,71.5,74.0,-1.0,0.8,9.23
1111,2017-11-17 09:54:46,8,0.0,20.7,0.0,68.2,71.5,74.0,-1.0,0.8,9.17
1112,2017-11-17 09:54:47,8,0.0,22.5,0.0,68.2,71.5,74.0,-1.0,0.8,10.33
1113,2017-11-17 09:54:48,8,0.0,24.8,0.0,68.2,71.5,74.0,-1.0,0.8,9.72
1114,2017-11-17 09:54:49,8,0.0,23.6,0.0,68.2,71.5,74.0,-1.0,0.8,10.59
1115,2017-11-17 09:54:50,8,0.0,18.0,0.0,68.2,71.5,73.95,-1.0,0.8,9.26
1116,2017-11-17 09:54:51,8,0.0,16.3,0.0,68.2,71.5,73.93,-1.0,0.8,8.2
1117,2017-11-17 09:54:52,8,0.0,18.1,0.0,68.2,71.5,73.92,-1.0,0.8,10.12
1118,2017-11-17 09:54:53,8,0.0,20.8,0.0,68.18,71.43,73.89,-1.0,0.8,11.55
1119,2017-11-17 09:54:54,8,0.0,19.8,0.0,68.12,71.42,73.84,-1.0,0.8,11.69
1120,2017-11-17 09:54:55,8,0.0,11.4,0.0,68.15,71.4,73.81,-1.0,0.8,11.33
1121,2017-11-17 09:54:56,8,0.0,9.1,0.0,68.12,71.4,73.8,-1.0,0.8,10.66
1122,2017-11-17 09:54:57,8,0.0,2.6,0.0,68.13,71.4,73.8,-1.0,0.8,8.96
1123,2017-11-17 09:54:58,8,0.0,7.9,0.0,68.1,71.35,73.8,-1.0,0.8,9.07
1124,2017-11-17 09:54:59,8,0.0,13.3,0.0,68.1,71.3,73.8,-1.0,0.8,9.61
1125,2017-11-17 09:55:00,8,0.0,12.9,0.0,68.1,71.3,73.8,-1.0,0.8,8.56
1126,2017-11-17 09:55:01,8,0.0,12.4,0.0,68.1,71.3,73.8,-1.0,0.8,9.22
1127,2017-11-17 09:55:02,8,0.0,14.9,0.0,68.1,71.3,73.72,-1.0,0.8,10.29
1128,2017-11-17 09:55:03,8,0.0,15.6,0.0,68.1,71.3,73.72,-1.0,0.8,9.3
1129,2017-11-17 09:55:04,8,0.0,18.2,0.0,68.1,71.3,73.7,-1.0,0.8,9.96
1130,2017-11-17 09:55:05,8,0.0,16.1,0.0,68.1,71.3,73.7,-1.0,0.8,9.53
1131,2017-11-17 09:55:06,8,0.0,18.2,0.0,68.1,71.3,73.69,-1.0,0.86,11.26
1132,2017-11-17 09:55:07,8,0.0,18.4,0.0,68.1,71.3,73.65,-1.0,0.8,10.82
1133,2017-11-17 09:55:08,8,0.0,20.6,0.0,68.1,71.28,73.62,-1.0,0.82,10.8
1134,2017-11-17 09:55:09,8,0.0,22.0,0.0,68.1,71.22,73.6,-1.0,0.87,9.26
1135,2017-11-17 09:55:10,8,0.0,25.0,0.0,68.1,71.22,73.6,-1.0,0.87,10.21
1136,2017-11-17 09:55:11,8,0.0,26.6,0.0,68.1,71.2,73.6,-1.0,0.88,12.2
1137,2017-11-17 09:55:12,8,0.0,25.3,0.0,68.1,71.2,73.6,-1.0,0.9,12.51
1138,2017-11-17 09:55:13,8,0.0,22.8,0.0,68.1,71.15,73.6,-1.0,0.9,10.5
1139,2017-11-17 09:55:14,8,0.0,24.8,0.0,68.1,71.1,73.6,-1.0,0.9,10.6
1140,2017-11-17 09:55:15,8,0.0,29.5,0.0,68.1,71.1,73.6,-1.0,0.9,10.11
1141,2017-11-17 09:55:16,8,0.0,31.8,0.0,68.1,71.1,73.55,-1.0,0.9,11.74
1142,2017-11-17 09:55:17,8,0.0,35.2,0.0,68.1,71.1,73.57,-1.0,0.9,12.57
1143,2017-11-17 09:55:18,8,0.0,33.3,0.0,68.1,71.1,73.5,-1.0,0.9,10.82
1144,2017-11-17 09:55:19,8,0.0,28.8,0.0,68.1,71.1,73.5,-1.0,0.9,12.38
1145,2017-11-17 09:55:20,8,0.0,27.9,0.0,68.1,71.1,73.5,-1.0,0.9,12.05
1146,2017-11-17 09:55:21,8,0.0,24.9,0.0,68.1,71.1,73.5,-1.0,0.9,11.5
1147,2017-11-17 09:55:22,8,0.0,32.4,0.0,68.1,71.07,73.5,-1.0,0.93,11.37
1148,2017-11-17 09:55:23,8,0.0,31.3,0.0,68.1,71.02,73.5,-1.0,0.93,11.26
1149,2017-11-17 09:55:24,8,0.0,31.8,0.0,68.1,71.0,73.5,-1.0,0.93,11.15
1150,2017-11-17 09:55:25,8,0.0,28.9,0.0,68.1,71.0,73.5,-1.0,0.9,10.56
1151,2017-11-17 09:55:26,8,0.0,21.5,0.0,68.08,71.0,73.47,-1.0,0.95,11.84
1152,2017-11-17 09:55:27,8,0.0,20.5,0.0,68.1,71.0,73.46,-1.0,0.95,11.84
1153,2017-11-17 09:55:28,8,0.0,6.1,0.0,68.03,71.0,73.4,-1.0,1.0,12.32
1154,2017-11-17 09:55:29,8,0.0,1.1,0.0,68.01,71.0,73.39,-1.0,0.98,11.29
1155,2017-11-17 09:55:30,8,0.0,0.0,0.0,68.02,71.0,73.34,-1.0,0.98,10.56
1156,2017-11-17 09:55:31,8,0.0,0.6,0.0,68.0,71.0,73.3,-1.0,1.0,10.1
1157,2017-11-17 09:55:32,8,0.0,2.2,0.0,68.0,71.0,73.3,-1.0,1.0,11.42
1158,2017-11-17 09:55:33,8,0.0,1.4,0.0,68.0,71.0,73.3,-1.0,1.0,10.88
1159,2017-11-17 09:55:34,8,0.0,0.3,0.0,68.0,70.95,73.3,-1.0,1.0,10.5
1160,2017-11-17 09:55:35,8,0.0,3.8,0.0,68.0,70.9,73.3,-1.0,1.0,8.6
1161,2017-11-17 09:55:36,8,0.0,4.4,0.0,68.0,70.9,73.3,-1.0,1.0,10.8
1162,2017-11-17 09:55:37,8,0.0,3.3,0.0,68.0,70.9,73.3,-1.0,1.0,11.24
1163,2017-11-17 09:55:38,8,0.0,22.9,0.0,68.0,70.9,73.3,-1.0,1.0,9.08
1164,2017-11-17 09:55:39,8,0.0,29.8,0.0,68.0,70.86,73.3,-1.0,1.0,9.71
1165,2017-11-17 09:55:40,8,0.0,33.1,0.0,68.0,70.82,73.25,-1.0,1.0,11.22
1166,2017-11-17 09:55:41,8,0.0,34.9,0.0,68.0,70.82,73.22,-1.0,1.0,10.89
1167,2017-11-17 09:55:42,8,0.0,35.7,0.0,68.0,70.8,73.2,-1.0,1.0,9.17
1168,2017-11-17 09:55:43,8,0.0,43.2,0.0,68.0,70.8,73.2,-1.0,1.0,10.39
1169,2017-11-17 09:55:44,8,0.0,45.2,0.0,68.0,70.8,73.2,-1.0,1.0,10.12
1170,2017-11-17 09:55:45,8,0.0,43.2,0.0,68.0,70.8,73.2,-1.0,1.0,11.44
1171,2017-11-17 09:55:46,8,0.0,39.8,0.0,68.0,70.8,73.2,-1.0,1.0,11.95
1172,2017-11-17 09:55:47,8,0.0,31.0,0.0,68.0,70.8,73.12,-1.0,1.0,11.66
1173,2017-11-17 09:55:48,8,0.0,26.0,0.0,68.0,70.8,73.1,-1.0,1.0,9.79
1174,2017-11-17 09:55:49,8,0.0,20.5,0.0,68.0,70.8,73.1,-1.0,1.0,9.39
1175,2017-11-17 09:55:50,8,0.0,14.4,0.0,68.0,70.8,73.1,-1.0,1.0,9.75
1176,2017-11-17 09:55:51,8,0.0,12.6,0.0,68.0,70.78,73.1,-1.0,1.0,9.66
1177,2017-11-17 09:55:52,8,0.0,14.8,0.0,68.0,70.7,73.1,-1.0,1.0,8.68
1178,2017-11-17 09:55:53,8,0.0,14.1,0.0,68.0,70.7,73.1,-1.0,1.0,10.33
1179,2017-11-17 09:55:54,8,0.0,14.9,0.0,68.0,70.7,73.1,-1.0,1.0,11.5
1180,2017-11-17 09:55:55,8,0.0,15.5,0.0,68.0,70.7,73.1,-1.0,1.0,11.77
1181,2017-11-17 09:55:56,8,0.0,18.8,0.0,68.0,70.7,73.1,-1.0,1.0,10.88
1182,2017-11-17 09:55:57,8,0.0,19.3,0.0,68.0,70.7,73.1,-1.0,1.0,10.95
1183,2017-11-17 09:55:58,8,0.0,19.4,0.0,68.0,70.7,73.05,-1.0,1.0,12.49
1184,2017-11-17 09:55:59,8,0.0,19.7,0.0,68.0,70.67,73.0,-1.0,1.0,12.73
1185,2017-11-17 09:56:00,8,0.0,20.7,0.0,68.0,70.6,73.0,-1.0,1.0,12.21
