,real_time,WT_Runcode,iGenPower,iGenSpeed,iTemp1GearOil_1sec,iTempGearBearDE_1sec,iTempGearBearNDE_1sec,iTempNacelle_1sec,iWindSpeed
0,2017-11-15 08:13:00,3,1843,1729,57.8,59.3,62.5,16.5,10.38
1,2017-11-15 08:13:01,3,1848,1731,57.8,59.3,62.5,16.5,8.62
2,2017-11-15 08:13:02,3,1849,1729,57.8,59.3,62.5,16.5,10.18
3,2017-11-15 08:13:03,3,1838,1729,57.7,59.3,62.5,16.5,9.87
4,2017-11-15 08:13:04,3,1855,1732,57.8,59.3,62.5,16.5,8.75
5,2017-11-15 08:13:05,3,1849,1730,57.8,59.3,62.4,16.5,10.19
6,2017-11-15 08:13:06,3,1868,1731,57.7,59.3,62.4,16.6,10.49
7,2017-11-15 08:13:07,3,1885,1734,57.7,59.3,62.4,16.5,9.95
8,2017-11-15 08:13:08,3,1866,1731,57.7,59.3,62.5,16.5,10.61
9,2017-11-15 08:13:09,3,1881,1732,57.7,59.3,62.5,16.5,10.72
10,2017-11-15 08:13:10,3,1877,1733,57.7,59.3,62.4,16.5,9.23
11,2017-11-15 08:13:11,3,1866,1729,57.7,59.3,62.5,16.6,10.39
12,2017-11-15 08:13:12,3,1881,1733,57.7,59.3,62.5,16.5,10.15
13,2017-11-15 08:13:13,3,1873,1733,57.7,59.3,62.4,16.5,9.63
14,2017-11-15 08:13:14,3,1883,1732,57.8,59.3,62.4,16.5,10.11
15,2017-11-15 08:13:15,3,1895,1735,57.8,59.3,62.5,16.5,11.13
16,2017-11-15 08:13:16,3,1896,1736,57.7,59.3,62.4,16.5,9.81
17,2017-11-15 08:13:17,3,1896,1735,57.7,59.3,62.4,16.5,10.73
18,2017-11-15 08:13:18,3,1905,1738,57.7,59.3,62.4,16.5,11.5
19,2017-11-15 08:13:19,3,1937,1740,57.8,59.3,62.4,16.5,10.81
20,2017-11-15 08:13:20,3,1940,1740,57.8,59.3,62.4,16.5,11.36
21,2017-11-15 08:13:21,3,1958,1742,57.8,59.3,62.4,16.5,10.96
22,2017-11-15 08:13:22,3,1953,1740,57.8,59.3,62.4,16.5,11.17
23,2017-11-15 08:13:23,3,1966,1742,57.8,59.3,62.5,16.5,10.65
24,2017-11-15 08:13:24,3,1978,1743,57.8,59.3,62.4,16.5,11.67
25,2017-11-15 08:13:25,3,1978,1742,57.8,59.3,62.5,16.5,10.98
26,2017-11-15 08:13:26,3,1979,1743,57.8,59.3,62.5,16.5,11.04
27,2017-11-15 08:13:27,3,1984,1745,57.8,59.3,62.4,16.5,12.11
28,2017-11-15 08:13:28,3,2002,1745,57.8,59.3,62.5,16.5,10.44
29,2017-11-15 08:13:29,3,2014,1747,57.8,59.3,62.4,16.5,10.48
30,2017-11-15 08:13:30,3,2023,1747,57.8,59.3,62.4,16.5,10.69
31,2017-11-15 08:13:31,3,2026,1748,57.8,59.3,62.4,16.5,10.09
32,2017-11-15 08:13:32,3,2043,1750,57.8,59.3,62.4,16.5,10.73
33,2017-11-15 08:13:33,3,2047,1751,57.8,59.3,62.4,16.5,11.92
34,2017-11-15 08:13:34,3,2044,1748,57.8,59.3,62.4,16.5,10.71
35,2017-11-15 08:13:35,3,2038,1748,57.8,59.3,62.4,16.5,11.02
36,2017-11-15 08:13:36,3,2017,1746,57.8,59.3,62.4,16.5,11.93
37,2017-11-15 08:13:37,3,2000,1744,57.8,59.3,62.4,16.5,10.9
38,2017-11-15 08:13:38,3,1974,1740,57.8,59.3,62.4,16.5,9.96
39,2017-11-15 08:13:39,3,1952,1739,57.8,59.3,62.4,16.5,11.14
40,2017-11-15 08:13:40,3,1922,1736,57.8,59.3,62.4,16.5,10.88
41,2017-11-15 08:13:41,3,1902,1734,57.8,59.3,62.4,16.5,10.93
42,2017-11-15 08:13:42,3,1882,1731,57.8,59.3,62.4,16.5,10.86
43,2017-11-15 08:13:43,3,1874,1732,57.8,59.3,62.4,16.5,11.03
44,2017-11-15 08:13:44,3,1862,1730,57.8,59.3,62.4,16.5,11.48
45,2017-11-15 08:13:45,3,1868,1732,57.8,59.3,62.4,16.5,10.87
46,2017-11-15 08:13:46,3,1877,1734,57.8,59.3,62.4,16.5,11.34
47,2017-11-15 08:13:47,3,1892,1734,57.8,59.3,62.4,16.6,10.89
48,2017-11-15 08:13:48,3,1922,1738,57.8,59.3,62.4,16.5,10.51
49,2017-11-15 08:13:49,3,1946,1741,57.8,59.3,62.4,16.5,10.36
50,2017-11-15 08:13:50,3,1957,1740,57.8,59.3,62.4,16.5,11.0
51,2017-11-15 08:13:51,3,1976,1744,57.8,59.3,62.4,16.5,11.35
52,2017-11-15 08:13:52,3,1992,1745,57.8,59.3,62.4,16.5,10.58
53,2017-11-15 08:13:53,3,2009,1745,57.8,59.3,62.4,16.5,10.43
54,2017-11-15 08:13:54,3,2013,1747,57.8,59.3,62.4,16.5,11.78
55,2017-11-15 08:13:55,3,2015,1746,57.8,59.3,62.4,16.5,11.33
56,2017-11-15 08:13:56,3,2010,1745,57.8,59.3,62.4,16.5,10.48
57,2017-11-15 08:13:57,3,2021,1747,57.8,59.3,62.4,16.5,11.44
58,2017-11-15 08:13:58,3,2025,1748,57.8,59.3,62.4,16.5,11.89
59,2017-11-15 08:13:59,3,2045,1751,57.8,59.3,62.4,16.4,11.23
60,2017-11-15 08:14:00,3,2061,1751,57.8,59.3,62.4,16.5,12.1
61,2017-11-15 08:14:01,3,2056,1751,57.9,59.3,62.4,16.5,11.22
62,2017-11-15 08:14:02,3,2051,1752,57.9,59.3,62.4,16.5,11.34
63,2017-11-15 08:14:03,3,2055,1749,57.9,59.4,62.4,16.5,11.95
64,2017-11-15 08:14:04,3,2046,1749,57.9,59.3,62.4,16.5,11.24
65,2017-11-15 08:14:05,3,2041,1748,57.9,59.3,62.4,16.5,11.69
66,2017-11-15 08:14:06,3,2024,1748,57.9,59.3,62.4,16.5,12.1
67,2017-11-15 08:14:07,3,2027,1748,57.9,59.3,62.4,16.5,11.21
68,2017-11-15 08:14:08,3,2030,1749,57.9,59.3,62.4,16.5,11.12
69,2017-11-15 08:14:09,3,2035,1747,57.9,59.3,62.4,16.5,11.33
70,2017-11-15 08:14:10,3,2030,1748,57.9,59.3,62.4,16.5,10.77
71,2017-11-15 08:14:11,3,2024,1748,57.9,59.3,62.4,16.5,10.86
72,2017-11-15 08:14:12,3,2030,1748,57.9,59.3,62.4,16.5,11.39
73,2017-11-15 08:14:13,3,2038,1748,57.9,59.3,62.5,16.5,12.17
74,2017-11-15 08:14:14,3,2039,1750,57.9,59.3,62.5,16.5,12.51
75,2017-11-15 08:14:15,3,2051,1751,57.9,59.3,62.4,16.5,12.04
76,2017-11-15 08:14:16,3,2059,1755,57.9,59.3,62.4,16.5,10.18
77,2017-11-15 08:14:17,3,2050,1756,57.9,59.3,62.4,16.5,10.9
78,2017-11-15 08:14:18,3,2057,1761,57.9,59.3,62.4,16.5,12.16
79,2017-11-15 08:14:19,3,2057,1763,57.9,59.3,62.4,16.5,11.34
80,2017-11-15 08:14:20,3,2056,1764,57.9,59.3,62.4,16.5,9.92
81,2017-11-15 08:14:21,3,2053,1764,57.9,59.3,62.4,16.5,11.29
82,2017-11-15 08:14:22,3,2055,1765,57.9,59.3,62.4,16.5,11.35
83,2017-11-15 08:14:23,3,2048,1759,57.9,59.3,62.4,16.5,9.94
84,2017-11-15 08:14:24,3,2046,1758,57.9,59.3,62.4,16.5,10.88
85,2017-11-15 08:14:25,3,2048,1753,57.9,59.3,62.4,16.5,11.66
86,2017-11-15 08:14:26,3,2043,1746,57.9,59.3,62.4,16.5,11.78
87,2017-11-15 08:14:27,3,2038,1739,57.9,59.3,62.4,16.5,11.33
88,2017-11-15 08:14:28,3,2032,1735,57.9,59.3,62.4,16.5,11.41
89,2017-11-15 08:14:29,3,1978,1732,57.9,59.3,62.4,16.5,10.98
90,2017-11-15 08:14:30,3,1936,1731,57.9,59.3,62.4,16.5,11.09
91,2017-11-15 08:14:31,3,1930,1734,58.0,59.3,62.4,16.5,11.05
92,2017-11-15 08:14:32,3,1946,1737,58.0,59.3,62.4,16.5,11.68
93,2017-11-15 08:14:33,3,1970,1739,58.0,59.3,62.4,16.5,10.45
94,2017-11-15 08:14:34,3,2001,1744,57.9,59.3,62.4,16.5,11.57
95,2017-11-15 08:14:35,3,2017,1745,57.9,59.3,62.4,16.5,10.48
96,2017-11-15 08:14:36,3,2028,1746,57.9,59.3,62.4,16.5,10.72
97,2017-11-15 08:14:37,3,2043,1746,57.9,59.3,62.4,16.5,10.83
98,2017-11-15 08:14:38,3,2048,1749,58.0,59.4,62.4,16.5,10.81
99,2017-11-15 08:14:39,3,2051,1747,58.0,59.3,62.4,16.5,11.39
100,2017-11-15 08:14:40,3,2053,1749,58.0,59.3,62.4,16.5,11.79
101,2017-11-15 08:14:41,3,2057,1750,58.0,59.3,62.4,16.5,11.59
102,2017-11-15 08:14:42,3,2053,1751,58.0,59.3,62.5,16.5,11.63
103,2017-11-15 08:14:43,3,2066,1757,58.0,59.3,62.4,16.4,10.83
104,2017-11-15 08:14:44,3,2050,1758,58.0,59.3,62.4,16.4,10.58
105,2017-11-15 08:14:45,3,2056,1760,57.9,59.3,62.4,16.5,11.11
106,2017-11-15 08:14:46,3,2054,1762,57.9,59.3,62.4,16.5,12.07
107,2017-11-15 08:14:47,3,2049,1762,57.9,59.3,62.4,16.5,10.09
108,2017-11-15 08:14:48,3,2056,1764,58.0,59.3,62.4,16.5,11.77
109,2017-11-15 08:14:49,3,2044,1763,58.0,59.4,62.4,16.5,11.18
110,2017-11-15 08:14:50,3,2058,1765,57.9,59.3,62.4,16.5,11.98
111,2017-11-15 08:14:51,3,2049,1767,57.9,59.4,62.4,16.5,11.86
112,2017-11-15 08:14:52,3,2043,1764,57.9,59.4,62.4,16.5,12.53
113,2017-11-15 08:14:53,3,2042,1762,57.9,59.3,62.5,16.5,10.8
114,2017-11-15 08:14:54,3,2049,1762,57.9,59.3,62.4,16.5,12.19
115,2017-11-15 08:14:55,3,2049,1759,57.9,59.3,62.4,16.5,10.72
116,2017-11-15 08:14:56,3,2041,1755,57.9,59.3,62.4,16.5,9.84
117,2017-11-15 08:14:57,3,2047,1755,57.9,59.3,62.4,16.5,11.13
118,2017-11-15 08:14:58,3,2047,1753,57.9,59.3,62.4,16.5,10.63
119,2017-11-15 08:14:59,3,2060,1754,58.0,59.4,62.4,16.5,10.98
120,2017-11-15 08:15:00,3,2047,1753,58.0,59.3,62.4,16.5,11.22
121,2017-11-15 08:15:01,3,2050,1755,58.0,59.3,62.4,16.5,9.28
122,2017-11-15 08:15:02,3,2056,1756,58.0,59.4,62.4,16.5,10.36
123,2017-11-15 08:15:03,3,2051,1757,58.0,59.4,62.4,16.5,11.76
124,2017-11-15 08:15:04,3,2048,1754,57.9,59.4,62.4,16.5,10.2
125,2017-11-15 08:15:05,3,2041,1751,58.0,59.4,62.5,16.5,12.24
126,2017-11-15 08:15:06,3,2039,1749,58.0,59.4,62.4,16.5,12.42
127,2017-11-15 08:15:07,3,2063,1747,58.0,59.4,62.5,16.5,12.11
128,2017-11-15 08:15:08,3,2045,1742,58.0,59.4,62.4,16.5,11.9
129,2017-11-15 08:15:09,3,2057,1740,58.0,59.4,62.4,16.5,11.84
130,2017-11-15 08:15:10,3,2039,1739,58.0,59.4,62.4,16.5,12.53
131,2017-11-15 08:15:11,3,2026,1740,58.0,59.4,62.4,16.5,11.73
132,2017-11-15 08:15:12,3,2021,1741,58.0,59.4,62.5,16.5,12.58
133,2017-11-15 08:15:13,3,1996,1741,58.0,59.4,62.5,16.5,11.91
134,2017-11-15 08:15:14,3,2015,1742,58.0,59.4,62.4,16.5,12.22
135,2017-11-15 08:15:15,3,2031,1746,58.0,59.3,62.5,16.6,12.16
136,2017-11-15 08:15:16,3,2035,1747,58.1,59.3,62.5,16.5,12.32
137,2017-11-15 08:15:17,3,2035,1745,58.1,59.4,62.5,16.5,11.71
138,2017-11-15 08:15:18,3,2029,1746,58.0,59.4,62.4,16.5,12.41
139,2017-11-15 08:15:19,3,2007,1744,58.0,59.4,62.5,16.5,12.13
140,2017-11-15 08:15:20,3,2039,1751,58.0,59.4,62.5,16.5,12.03
141,2017-11-15 08:15:21,3,2065,1757,58.0,59.4,62.5,16.5,11.54
142,2017-11-15 08:15:22,3,2052,1760,58.1,59.4,62.4,16.5,12.4
143,2017-11-15 08:15:23,3,2056,1764,58.1,59.4,62.4,16.5,11.4
144,2017-11-15 08:15:24,3,2049,1767,58.0,59.4,62.4,16.4,11.27
145,2017-11-15 08:15:25,3,2045,1763,58.0,59.4,62.4,16.4,11.48
146,2017-11-15 08:15:26,3,2050,1762,58.0,59.4,62.4,16.5,10.25
147,2017-11-15 08:15:27,3,2054,1757,58.0,59.4,62.5,16.5,10.81
148,2017-11-15 08:15:28,3,2050,1758,58.0,59.4,62.4,16.5,11.78
149,2017-11-15 08:15:29,3,2043,1756,58.0,59.4,62.5,16.5,11.27
150,2017-11-15 08:15:30,3,2050,1756,58.1,59.4,62.5,16.5,11.02
151,2017-11-15 08:15:31,3,2052,1758,58.1,59.4,62.4,16.5,12.57
152,2017-11-15 08:15:32,3,2050,1757,58.1,59.4,62.5,16.5,12.04
153,2017-11-15 08:15:33,3,2042,1754,58.1,59.4,62.5,16.5,12.41
154,2017-11-15 08:15:34,3,2060,1758,58.1,59.4,62.5,16.5,12.09
155,2017-11-15 08:15:35,3,2052,1757,58.1,59.4,62.4,16.5,12.35
156,2017-11-15 08:15:36,3,2038,1752,58.1,59.4,62.4,16.5,11.07
157,2017-11-15 08:15:37,3,2050,1752,58.1,59.4,62.5,16.5,11.02
158,2017-11-15 08:15:38,3,2051,1749,58.1,59.4,62.4,16.5,12.61
159,2017-11-15 08:15:39,3,2055,1743,58.1,59.5,62.5,16.5,10.93
160,2017-11-15 08:15:40,3,2057,1739,58.1,59.4,62.5,16.5,12.27
161,2017-11-15 08:15:41,3,2049,1738,58.1,59.4,62.5,16.5,10.71
162,2017-11-15 08:15:42,3,2036,1738,58.1,59.4,62.4,16.5,9.99
163,2017-11-15 08:15:43,3,2013,1739,58.1,59.4,62.4,16.5,11.76
164,2017-11-15 08:15:44,3,2009,1740,58.1,59.4,62.5,16.5,11.82
165,2017-11-15 08:15:45,3,2005,1741,58.1,59.4,62.5,16.5,11.48
166,2017-11-15 08:15:46,3,2010,1741,58.1,59.5,62.4,16.5,12.64
167,2017-11-15 08:15:47,3,2017,1745,58.1,59.4,62.5,16.5,10.35
168,2017-11-15 08:15:48,3,2012,1746,58.1,59.4,62.5,16.5,10.8
169,2017-11-15 08:15:49,3,2022,1746,58.1,59.4,62.4,16.5,11.33
170,2017-11-15 08:15:50,3,2038,1747,58.1,59.4,62.4,16.5,12.07
171,2017-11-15 08:15:51,3,2026,1745,58.1,59.4,62.4,16.5,9.71
172,2017-11-15 08:15:52,3,2013,1743,58.1,59.4,62.5,16.5,11.58
173,2017-11-15 08:15:53,3,1986,1741,58.1,59.4,62.5,16.5,12.09
174,2017-11-15 08:15:54,3,1952,1737,58.1,59.4,62.4,16.5,10.61
175,2017-11-15 08:15:55,3,1939,1739,58.1,59.4,62.5,16.5,10.58
176,2017-11-15 08:15:56,3,1942,1738,58.1,59.4,62.4,16.5,10.75
177,2017-11-15 08:15:57,3,1949,1741,58.1,59.4,62.4,16.5,10.64
178,2017-11-15 08:15:58,3,1941,1739,58.1,59.4,62.5,16.5,10.47
179,2017-11-15 08:15:59,3,1966,1743,58.0,59.5,62.5,16.5,10.94
180,2017-11-15 08:16:00,3,1974,1743,58.0,59.4,62.5,16.5,10.55
181,2017-11-15 08:16:01,3,2008,1748,58.0,59.4,62.5,16.5,11.08
182,2017-11-15 08:16:02,3,2017,1747,58.0,59.4,62.5,16.5,10.51
183,2017-11-15 08:16:03,3,2041,1748,58.0,59.4,62.5,16.5,10.62
184,2017-11-15 08:16:04,3,2058,1750,58.0,59.4,62.5,16.5,10.77
185,2017-11-15 08:16:05,3,2060,1753,58.1,59.5,62.4,16.5,9.7
186,2017-11-15 08:16:06,3,2039,1753,58.1,59.5,62.5,16.5,9.19
187,2017-11-15 08:16:07,3,2057,1760,58.1,59.5,62.4,16.5,10.65
188,2017-11-15 08:16:08,3,2049,1759,58.1,59.5,62.5,16.5,12.36
189,2017-11-15 08:16:09,3,2058,1760,58.0,59.4,62.5,16.5,10.01
190,2017-11-15 08:16:10,3,2059,1761,58.0,59.4,62.5,16.5,12.26
191,2017-11-15 08:16:11,3,2053,1757,58.1,59.5,62.5,16.5,11.01
192,2017-11-15 08:16:12,3,2039,1749,58.1,59.5,62.5,16.5,11.0
193,2017-11-15 08:16:13,3,2042,1743,58.1,59.5,62.5,16.5,11.47
194,2017-11-15 08:16:14,3,2049,1744,58.1,59.5,62.5,16.5,10.93
195,2017-11-15 08:16:15,3,2007,1735,58.1,59.5,62.5,16.5,11.25
196,2017-11-15 08:16:16,3,1978,1737,58.1,59.5,62.5,16.5,11.55
197,2017-11-15 08:16:17,3,1961,1738,58.1,59.5,62.5,16.5,11.75
198,2017-11-15 08:16:18,3,1972,1738,58.1,59.5,62.5,16.5,11.45
199,2017-11-15 08:16:19,3,1979,1742,58.0,59.5,62.5,16.5,11.68
200,2017-11-15 08:16:20,3,1995,1744,58.1,59.5,62.5,16.5,12.67
201,2017-11-15 08:16:21,3,2010,1745,58.1,59.5,62.4,16.5,11.32
202,2017-11-15 08:16:22,3,2046,1750,58.0,59.5,62.5,16.5,11.69
203,2017-11-15 08:16:23,3,2051,1752,58.0,59.5,62.5,16.5,11.6
204,2017-11-15 08:16:24,3,2053,1755,58.1,59.5,62.5,16.5,11.97
205,2017-11-15 08:16:25,3,2054,1757,58.1,59.5,62.5,16.5,11.73
206,2017-11-15 08:16:26,3,2051,1762,58.1,59.5,62.5,16.5,11.92
207,2017-11-15 08:16:27,3,2057,1767,58.0,59.5,62.5,16.5,11.95
208,2017-11-15 08:16:28,3,2058,1772,58.0,59.5,62.5,16.5,11.75
209,2017-11-15 08:16:29,3,2055,1776,58.0,59.5,62.5,16.5,11.58
210,2017-11-15 08:16:30,3,2056,1780,58.0,59.5,62.5,16.5,11.87
211,2017-11-15 08:16:31,3,2057,1785,58.0,59.5,62.5,16.5,10.71
212,2017-11-15 08:16:32,3,2040,1781,58.0,59.5,62.5,16.5,12.63
213,2017-11-15 08:16:33,3,2047,1781,58.0,59.5,62.5,16.5,11.3
214,2017-11-15 08:16:34,3,2046,1777,58.1,59.5,62.5,16.5,11.62
215,2017-11-15 08:16:35,3,2046,1772,58.1,59.5,62.5,16.5,12.25
216,2017-11-15 08:16:36,3,2050,1770,58.1,59.5,62.5,16.4,11.06
217,2017-11-15 08:16:37,3,2053,1769,58.1,59.5,62.5,16.5,11.9
218,2017-11-15 08:16:38,3,2044,1765,58.1,59.5,62.5,16.5,11.49
219,2017-11-15 08:16:39,3,2051,1761,58.0,59.5,62.5,16.5,11.33
220,2017-11-15 08:16:40,3,2050,1760,58.0,59.5,62.5,16.5,11.33
221,2017-11-15 08:16:41,3,2060,1760,58.0,59.5,62.5,16.5,11.76
222,2017-11-15 08:16:42,3,2051,1759,58.0,59.5,62.5,16.5,12.26
223,2017-11-15 08:16:43,3,2063,1762,58.0,59.5,62.5,16.5,12.4
224,2017-11-15 08:16:44,3,2048,1761,58.0,59.5,62.5,16.5,11.53
225,2017-11-15 08:16:45,3,2044,1759,58.0,59.5,62.5,16.5,11.92
226,2017-11-15 08:16:46,3,2046,1751,58.0,59.5,62.5,16.5,10.86
227,2017-11-15 08:16:47,3,2043,1748,58.0,59.5,62.5,16.5,12.14
228,2017-11-15 08:16:48,3,2042,1744,58.1,59.5,62.5,16.5,11.4
229,2017-11-15 08:16:49,3,2049,1743,58.1,59.5,62.5,16.5,11.93
230,2017-11-15 08:16:50,3,2057,1742,58.1,59.5,62.5,16.5,11.92
231,2017-11-15 08:16:51,3,2060,1746,58.1,59.5,62.5,16.5,10.65
232,2017-11-15 08:16:52,3,2041,1743,58.1,59.5,62.5,16.5,11.23
233,2017-11-15 08:16:53,3,2054,1745,58.1,59.5,62.5,16.5,10.76
234,2017-11-15 08:16:54,3,2046,1743,58.1,59.5,62.5,16.5,11.66
235,2017-11-15 08:16:55,3,2049,1741,58.1,59.5,62.6,16.5,11.58
236,2017-11-15 08:16:56,3,2055,1742,58.1,59.5,62.5,16.5,12.15
237,2017-11-15 08:16:57,3,2068,1748,58.1,59.5,62.5,16.6,11.87
238,2017-11-15 08:16:58,3,2050,1745,58.1,59.5,62.5,16.5,12.82
239,2017-11-15 08:16:59,3,2056,1747,58.1,59.5,62.5,16.5,12.17
240,2017-11-15 08:17:00,3,2051,1748,58.1,59.5,62.5,16.5,11.59
241,2017-11-15 08:17:01,3,2040,1745,58.1,59.5,62.5,16.5,11.23
242,2017-11-15 08:17:02,3,2049,1745,58.1,59.5,62.5,16.5,12.04
243,2017-11-15 08:17:03,3,2049,1747,58.1,59.5,62.6,16.5,12.22
244,2017-11-15 08:17:04,3,2042,1744,58.0,59.5,62.5,16.5,11.05
245,2017-11-15 08:17:05,3,2049,1743,58.1,59.5,62.5,16.5,11.35
246,2017-11-15 08:17:06,3,2049,1744,58.1,59.5,62.5,16.5,12.13
247,2017-11-15 08:17:07,3,2051,1743,58.1,59.5,62.6,16.5,10.77
248,2017-11-15 08:17:08,3,2056,1744,58.1,59.5,62.6,16.5,11.21
249,2017-11-15 08:17:09,3,2051,1743,58.0,59.5,62.6,16.5,11.76
250,2017-11-15 08:17:10,3,2056,1744,58.0,59.5,62.6,16.5,12.48
251,2017-11-15 08:17:11,3,2061,1748,58.0,59.5,62.6,16.5,11.99
252,2017-11-15 08:17:12,3,2063,1752,58.0,59.5,62.6,16.5,11.95
253,2017-11-15 08:17:13,3,2055,1756,58.0,59.5,62.6,16.5,12.84
254,2017-11-15 08:17:14,3,2060,1760,58.0,59.5,62.6,16.5,12.95
255,2017-11-15 08:17:15,3,2067,1763,58.1,59.5,62.6,16.5,11.07
256,2017-11-15 08:17:16,3,2044,1763,58.1,59.5,62.6,16.5,11.69
257,2017-11-15 08:17:17,3,2052,1763,58.0,59.5,62.6,16.5,12.09
258,2017-11-15 08:17:18,3,2056,1762,58.0,59.5,62.6,16.5,13.07
259,2017-11-15 08:17:19,3,2050,1760,58.0,59.5,62.6,16.5,12.07
260,2017-11-15 08:17:20,3,2047,1760,58.0,59.5,62.6,16.5,10.67
261,2017-11-15 08:17:21,3,2052,1761,58.0,59.5,62.6,16.5,11.03
262,2017-11-15 08:17:22,3,2052,1759,58.0,59.5,62.6,16.6,11.74
263,2017-11-15 08:17:23,3,2053,1758,58.0,59.5,62.6,16.5,11.79
264,2017-11-15 08:17:24,3,2047,1755,58.0,59.5,62.6,16.5,12.54
265,2017-11-15 08:17:25,3,2044,1748,58.0,59.5,62.6,16.5,12.27
266,2017-11-15 08:17:26,3,2049,1740,58.0,59.5,62.6,16.5,11.81
267,2017-11-15 08:17:27,3,2043,1736,58.0,59.5,62.6,16.5,12.29
268,2017-11-15 08:17:28,3,2041,1730,58.0,59.5,62.6,16.5,11.74
269,2017-11-15 08:17:29,3,1998,1730,58.0,59.5,62.6,16.5,11.79
270,2017-11-15 08:17:30,3,1990,1737,58.0,59.5,62.6,16.5,11.65
271,2017-11-15 08:17:31,3,2033,1744,58.0,59.5,62.6,16.6,11.44
272,2017-11-15 08:17:32,3,2059,1751,58.0,59.5,62.6,16.5,11.78
273,2017-11-15 08:17:33,3,2060,1758,58.0,59.5,62.6,16.5,11.76
274,2017-11-15 08:17:34,3,2051,1756,58.0,59.6,62.6,16.5,11.47
275,2017-11-15 08:17:35,3,2049,1752,58.0,59.6,62.6,16.5,12.38
276,2017-11-15 08:17:36,3,2043,1747,58.0,59.5,62.6,16.5,11.38
277,2017-11-15 08:17:37,3,2053,1746,58.0,59.5,62.6,16.5,10.94
278,2017-11-15 08:17:38,3,2059,1743,58.0,59.5,62.6,16.5,11.41
279,2017-11-15 08:17:39,3,2051,1744,58.0,59.5,62.6,16.5,12.2
280,2017-11-15 08:17:40,3,2067,1748,58.0,59.5,62.6,16.5,11.47
281,2017-11-15 08:17:41,3,2057,1749,58.0,59.6,62.6,16.5,11.91
282,2017-11-15 08:17:42,3,2049,1749,58.0,59.5,62.6,16.5,12.25
283,2017-11-15 08:17:43,3,2059,1752,58.0,59.6,62.6,16.6,10.04
284,2017-11-15 08:17:44,3,2056,1751,58.0,59.5,62.6,16.5,11.35
285,2017-11-15 08:17:45,3,2040,1746,58.0,59.5,62.6,16.5,12.53
286,2017-11-15 08:17:46,3,2055,1744,58.0,59.6,62.6,16.5,11.35
287,2017-11-15 08:17:47,3,2049,1741,58.0,59.6,62.6,16.5,10.98
288,2017-11-15 08:17:48,3,2037,1734,58.0,59.6,62.6,16.5,11.26
289,2017-11-15 08:17:49,3,2014,1736,58.0,59.6,62.6,16.5,11.02
290,2017-11-15 08:17:50,3,1988,1738,58.0,59.5,62.6,16.5,12.34
291,2017-11-15 08:17:51,3,1992,1740,58.0,59.6,62.6,16.5,10.72
292,2017-11-15 08:17:52,3,2029,1745,58.0,59.5,62.6,16.5,11.25
293,2017-11-15 08:17:53,3,2046,1746,58.0,59.5,62.6,16.5,12.32
294,2017-11-15 08:17:54,3,2046,1746,58.1,59.5,62.6,16.5,12.18
295,2017-11-15 08:17:55,3,2052,1745,58.1,59.5,62.6,16.5,12.68
296,2017-11-15 08:17:56,3,2031,1744,58.0,59.6,62.6,16.5,10.91
297,2017-11-15 08:17:57,3,2014,1742,58.0,59.6,62.6,16.5,11.2
298,2017-11-15 08:17:58,3,2013,1745,58.0,59.6,62.6,16.5,10.98
299,2017-11-15 08:17:59,3,1996,1741,58.0,59.6,62.6,16.5,9.91
300,2017-11-15 08:18:00,3,1992,1744,58.1,59.6,62.6,16.5,11.88
301,2017-11-15 08:18:01,3,2000,1743,58.1,59.6,62.6,16.5,10.4
302,2017-11-15 08:18:02,3,2010,1746,58.0,59.6,62.6,16.6,11.07
303,2017-11-15 08:18:03,3,1995,1744,58.1,59.6,62.6,16.5,10.87
304,2017-11-15 08:18:04,3,2014,1746,58.1,59.5,62.6,16.5,10.36
305,2017-11-15 08:18:05,3,2033,1749,58.1,59.5,62.6,16.5,11.82
306,2017-11-15 08:18:06,3,2042,1750,58.1,59.6,62.6,16.5,9.62
307,2017-11-15 08:18:07,3,2063,1754,58.1,59.6,62.6,16.5,10.38
308,2017-11-15 08:18:08,3,2056,1758,58.0,59.6,62.6,16.5,11.17
309,2017-11-15 08:18:09,3,2053,1758,58.1,59.6,62.6,16.5,10.24
310,2017-11-15 08:18:10,3,2061,1760,58.1,59.6,62.6,16.5,11.44
311,2017-11-15 08:18:11,3,2053,1758,58.1,59.6,62.6,16.5,11.99
312,2017-11-15 08:18:12,3,2052,1758,58.1,59.6,62.6,16.5,11.92
313,2017-11-15 08:18:13,3,2054,1758,58.1,59.6,62.6,16.5,10.99
314,2017-11-15 08:18:14,3,2067,1762,58.0,59.6,62.6,16.5,10.66
315,2017-11-15 08:18:15,3,2044,1761,58.0,59.6,62.6,16.5,12.4
316,2017-11-15 08:18:16,3,2057,1763,58.0,59.6,62.6,16.5,12.66
317,2017-11-15 08:18:17,3,2047,1764,58.1,59.6,62.6,16.5,10.73
318,2017-11-15 08:18:18,3,2047,1761,58.1,59.6,62.6,16.5,10.64
319,2017-11-15 08:18:19,3,2043,1759,58.1,59.6,62.6,16.5,12.66
320,2017-11-15 08:18:20,3,2048,1756,58.1,59.6,62.6,16.5,11.79
321,2017-11-15 08:18:21,3,2043,1753,58.1,59.6,62.6,16.5,11.96
322,2017-11-15 08:18:22,3,2051,1751,58.1,59.6,62.6,16.5,11.57
323,2017-11-15 08:18:23,3,2056,1752,58.1,59.6,62.6,16.5,12.01
324,2017-11-15 08:18:24,3,2053,1754,58.1,59.6,62.6,16.5,10.59
325,2017-11-15 08:18:25,3,2058,1756,58.1,59.6,62.6,16.5,11.99
326,2017-11-15 08:18:26,3,2054,1758,58.0,59.6,62.6,16.5,12.11
327,2017-11-15 08:18:27,3,2066,1763,58.1,59.6,62.6,16.5,11.67
328,2017-11-15 08:18:28,3,2044,1761,58.1,59.6,62.6,16.5,12.62
329,2017-11-15 08:18:29,3,2053,1758,58.1,59.6,62.7,16.5,12.25
330,2017-11-15 08:18:30,3,2048,1754,58.1,59.6,62.6,16.5,13.31
331,2017-11-15 08:18:31,3,2047,1751,58.1,59.6,62.7,16.5,10.92
332,2017-11-15 08:18:32,3,2044,1748,58.1,59.6,62.6,16.5,11.35
333,2017-11-15 08:18:33,3,2053,1750,58.0,59.6,62.7,16.5,12.26
334,2017-11-15 08:18:34,3,2062,1752,58.0,59.6,62.6,16.5,12.04
335,2017-11-15 08:18:35,3,2055,1752,58.1,59.6,62.6,16.5,10.82
336,2017-11-15 08:18:36,3,2065,1754,58.1,59.6,62.7,16.5,11.98
337,2017-11-15 08:18:37,3,2058,1757,58.1,59.6,62.6,16.5,10.75
338,2017-11-15 08:18:38,3,2060,1758,58.1,59.6,62.7,16.5,11.2
339,2017-11-15 08:18:39,3,2051,1756,58.1,59.6,62.7,16.5,11.52
340,2017-11-15 08:18:40,3,2050,1758,58.1,59.6,62.7,16.5,10.47
341,2017-11-15 08:18:41,3,2050,1758,58.1,59.6,62.6,16.5,10.33
342,2017-11-15 08:18:42,3,2049,1755,58.1,59.6,62.6,16.5,11.74
343,2017-11-15 08:18:43,3,2044,1753,58.1,59.6,62.7,16.5,11.86
344,2017-11-15 08:18:44,3,2046,1751,58.0,59.6,62.7,16.5,12.1
345,2017-11-15 08:18:45,3,2041,1746,58.0,59.6,62.6,16.6,12.2
346,2017-11-15 08:18:46,3,2052,1744,58.0,59.6,62.7,16.5,11.71
347,2017-11-15 08:18:47,3,2032,1742,58.0,59.6,62.7,16.5,11.46
348,2017-11-15 08:18:48,3,2046,1739,58.0,59.6,62.7,16.5,12.29
349,2017-11-15 08:18:49,3,2054,1742,58.0,59.6,62.7,16.5,10.51
350,2017-11-15 08:18:50,3,2044,1743,58.0,59.6,62.7,16.5,11.25
351,2017-11-15 08:18:51,3,2054,1748,58.0,59.6,62.7,16.5,12.65
352,2017-11-15 08:18:52,3,2056,1751,58.0,59.6,62.7,16.6,12.06
353,2017-11-15 08:18:53,3,2052,1755,58.0,59.6,62.6,16.5,11.83
354,2017-11-15 08:18:54,3,2051,1757,58.0,59.6,62.7,16.5,12.49
355,2017-11-15 08:18:55,3,2053,1757,58.0,59.6,62.7,16.5,11.58
356,2017-11-15 08:18:56,3,2049,1755,58.0,59.6,62.7,16.6,12.52
357,2017-11-15 08:18:57,3,2047,1751,58.1,59.6,62.7,16.5,10.64
358,2017-11-15 08:18:58,3,2044,1744,58.1,59.6,62.6,16.5,10.69
359,2017-11-15 08:18:59,3,2034,1738,58.0,59.6,62.7,16.5,10.06
360,2017-11-15 08:19:00,3,2054,1735,58.1,59.6,62.7,16.5,11.0
361,2017-11-15 08:19:01,3,2018,1736,58.1,59.6,62.7,16.5,10.41
362,2017-11-15 08:19:02,3,2002,1738,58.1,59.6,62.6,16.5,10.26
363,2017-11-15 08:19:03,3,2033,1742,58.0,59.6,62.6,16.5,11.19
364,2017-11-15 08:19:04,3,2060,1746,58.1,59.6,62.6,16.5,10.9
365,2017-11-15 08:19:05,3,2051,1743,58.1,59.6,62.7,16.5,11.06
366,2017-11-15 08:19:06,3,2040,1742,58.0,59.6,62.7,16.5,10.23
367,2017-11-15 08:19:07,3,2039,1744,58.0,59.6,62.7,16.5,11.97
368,2017-11-15 08:19:08,3,2050,1747,58.0,59.6,62.6,16.5,11.13
369,2017-11-15 08:19:09,3,2054,1749,58.0,59.6,62.7,16.5,10.39
370,2017-11-15 08:19:10,3,2068,1756,58.1,59.6,62.7,16.5,10.58
371,2017-11-15 08:19:11,3,2056,1759,58.1,59.6,62.7,16.5,10.88
372,2017-11-15 08:19:12,3,2067,1766,58.1,59.6,62.7,16.6,11.16
373,2017-11-15 08:19:13,3,2057,1770,58.1,59.6,62.7,16.6,11.74
374,2017-11-15 08:19:14,3,2053,1770,58.1,59.6,62.7,16.6,11.05
375,2017-11-15 08:19:15,3,2052,1768,58.1,59.6,62.7,16.5,10.68
376,2017-11-15 08:19:16,3,2049,1766,58.0,59.6,62.6,16.5,11.42
377,2017-11-15 08:19:17,3,2052,1764,58.0,59.6,62.6,16.5,11.01
378,2017-11-15 08:19:18,3,2043,1760,58.0,59.6,62.7,16.5,10.79
379,2017-11-15 08:19:19,3,2051,1759,58.1,59.6,62.7,16.5,13.12
380,2017-11-15 08:19:20,3,2059,1760,58.1,59.7,62.7,16.5,12.23
381,2017-11-15 08:19:21,3,2055,1760,58.0,59.6,62.7,16.6,11.44
382,2017-11-15 08:19:22,3,2047,1757,58.0,59.6,62.7,16.6,11.75
383,2017-11-15 08:19:23,3,2058,1758,58.0,59.6,62.7,16.6,11.34
384,2017-11-15 08:19:24,3,2055,1755,58.0,59.6,62.7,16.6,11.33
385,2017-11-15 08:19:25,3,2039,1749,58.0,59.6,62.7,16.6,11.76
386,2017-11-15 08:19:26,3,2049,1747,58.0,59.6,62.7,16.6,10.64
387,2017-11-15 08:19:27,3,2059,1746,58.1,59.6,62.7,16.6,12.09
388,2017-11-15 08:19:28,3,2043,1742,58.1,59.6,62.7,16.5,10.77
389,2017-11-15 08:19:29,3,2050,1742,58.1,59.6,62.7,16.5,10.89
390,2017-11-15 08:19:30,3,2057,1748,58.1,59.6,62.7,16.5,10.79
391,2017-11-15 08:19:31,3,2057,1750,58.0,59.6,62.7,16.6,11.59
392,2017-11-15 08:19:32,3,2060,1755,58.1,59.6,62.7,16.5,10.81
393,2017-11-15 08:19:33,3,2057,1757,58.1,59.6,62.7,16.5,11.79
394,2017-11-15 08:19:34,3,2044,1756,58.0,59.6,62.7,16.5,11.9
395,2017-11-15 08:19:35,3,2053,1755,58.0,59.6,62.7,16.6,11.48
396,2017-11-15 08:19:36,3,2047,1753,58.1,59.6,62.7,16.6,11.72
397,2017-11-15 08:19:37,3,2041,1750,58.1,59.6,62.7,16.5,11.59
398,2017-11-15 08:19:38,3,2052,1751,58.1,59.6,62.7,16.5,9.81
399,2017-11-15 08:19:39,3,2050,1747,58.1,59.6,62.7,16.5,11.18
400,2017-11-15 08:19:40,3,2048,1743,58.1,59.6,62.7,16.6,11.92
401,2017-11-15 08:19:41,3,2045,1741,58.1,59.7,62.7,16.5,10.84
402,2017-11-15 08:19:42,3,2049,1738,58.0,59.6,62.7,16.6,11.63
403,2017-11-15 08:19:43,3,2046,1738,58.1,59.6,62.7,16.6,10.69
404,2017-11-15 08:19:44,3,2033,1738,58.1,59.6,62.7,16.5,10.69
405,2017-11-15 08:19:45,3,2040,1741,58.1,59.6,62.7,16.5,11.85
406,2017-11-15 08:19:46,3,2058,1744,58.1,59.7,62.7,16.5,11.1
407,2017-11-15 08:19:47,3,2052,1746,58.1,59.6,62.7,16.5,11.31
408,2017-11-15 08:19:48,3,2050,1748,58.1,59.6,62.7,16.5,11.84
409,2017-11-15 08:19:49,3,2056,1751,58.1,59.6,62.7,16.6,12.7
410,2017-11-15 08:19:50,3,2056,1754,58.1,59.6,62.7,16.5,11.25
411,2017-11-15 08:19:51,3,2059,1756,58.1,59.6,62.7,16.6,11.88
412,2017-11-15 08:19:52,3,2042,1756,58.1,59.7,62.7,16.6,10.49
413,2017-11-15 08:19:53,3,2055,1759,58.1,59.6,62.7,16.5,11.78
414,2017-11-15 08:19:54,3,2055,1759,58.1,59.6,62.7,16.5,11.9
415,2017-11-15 08:19:55,3,2048,1758,58.1,59.6,62.7,16.6,11.48
416,2017-11-15 08:19:56,3,2047,1757,58.1,59.6,62.7,16.5,12.73
417,2017-11-15 08:19:57,3,2056,1757,58.1,59.6,62.7,16.5,12.41
418,2017-11-15 08:19:58,3,2050,1754,58.1,59.6,62.7,16.5,11.73
419,2017-11-15 08:19:59,3,2045,1750,58.1,59.6,62.7,16.5,11.67
420,2017-11-15 08:20:00,3,2055,1748,58.1,59.7,62.7,16.5,11.58
421,2017-11-15 08:20:01,3,2059,1748,58.1,59.6,62.7,16.6,11.68
422,2017-11-15 08:20:02,3,2050,1748,58.1,59.6,62.7,16.5,12.43
423,2017-11-15 08:20:03,3,2053,1750,58.1,59.6,62.7,16.6,11.25
424,2017-11-15 08:20:04,3,2060,1757,58.1,59.6,62.7,16.6,10.54
425,2017-11-15 08:20:05,3,2059,1760,58.1,59.6,62.7,16.5,11.99
426,2017-11-15 08:20:06,3,2055,1762,58.1,59.6,62.7,16.5,11.38
427,2017-11-15 08:20:07,3,2056,1762,58.1,59.7,62.7,16.5,12.47
428,2017-11-15 08:20:08,3,2052,1762,58.1,59.6,62.7,16.6,10.8
429,2017-11-15 08:20:09,3,2039,1752,58.1,59.6,62.7,16.6,11.5
430,2017-11-15 08:20:10,3,2054,1751,58.1,59.6,62.7,16.5,12.11
431,2017-11-15 08:20:11,3,2050,1748,58.1,59.6,62.7,16.6,12.35
432,2017-11-15 08:20:12,3,2060,1751,58.1,59.6,62.7,16.5,11.01
433,2017-11-15 08:20:13,3,2042,1749,58.1,59.6,62.7,16.5,11.09
434,2017-11-15 08:20:14,3,2049,1749,58.1,59.6,62.7,16.5,10.21
435,2017-11-15 08:20:15,3,2048,1748,58.1,59.6,62.7,16.6,10.36
436,2017-11-15 08:20:16,3,2057,1748,58.1,59.6,62.7,16.5,12.38
437,2017-11-15 08:20:17,3,2051,1746,58.1,59.7,62.7,16.5,11.32
438,2017-11-15 08:20:18,3,2042,1744,58.1,59.7,62.7,16.5,10.42
439,2017-11-15 08:20:19,3,2048,1744,58.1,59.7,62.7,16.6,11.21
440,2017-11-15 08:20:20,3,2051,1744,58.1,59.7,62.7,16.6,10.17
441,2017-11-15 08:20:21,3,2050,1743,58.1,59.7,62.7,16.6,11.5
442,2017-11-15 08:20:22,3,2045,1744,58.1,59.7,62.7,16.6,11.23
443,2017-11-15 08:20:23,3,2071,1751,58.1,59.6,62.7,16.6,12.86
444,2017-11-15 08:20:24,3,2047,1751,58.1,59.6,62.7,16.5,12.07
445,2017-11-15 08:20:25,3,2059,1754,58.1,59.7,62.7,16.5,12.18
446,2017-11-15 08:20:26,3,2039,1753,58.1,59.6,62.7,16.6,11.97
447,2017-11-15 08:20:27,3,2060,1751,58.1,59.6,62.7,16.6,11.58
448,2017-11-15 08:20:28,3,2047,1748,58.1,59.6,62.7,16.6,11.56
449,2017-11-15 08:20:29,3,2049,1743,58.1,59.7,62.7,16.5,12.8
450,2017-11-15 08:20:30,3,2046,1740,58.1,59.7,62.7,16.6,10.93
451,2017-11-15 08:20:31,3,2050,1740,58.1,59.7,62.7,16.6,11.89
452,2017-11-15 08:20:32,3,2028,1736,58.1,59.7,62.7,16.6,10.98
453,2017-11-15 08:20:33,3,2014,1737,58.1,59.7,62.7,16.6,12.57
454,2017-11-15 08:20:34,3,1988,1735,58.1,59.6,62.7,16.6,12.73
455,2017-11-15 08:20:35,3,1988,1739,58.1,59.6,62.7,16.6,11.03
456,2017-11-15 08:20:36,3,2000,1743,58.1,59.7,62.7,16.6,12.17
457,2017-11-15 08:20:37,3,2056,1749,58.1,59.7,62.7,16.6,12.25
458,2017-11-15 08:20:38,3,2058,1754,58.1,59.7,62.7,16.5,13.02
459,2017-11-15 08:20:39,3,2067,1757,58.1,59.7,62.7,16.6,11.49
460,2017-11-15 08:20:40,3,2058,1759,58.2,59.7,62.7,16.6,10.78
461,2017-11-15 08:20:41,3,2060,1763,58.2,59.7,62.7,16.6,11.7
462,2017-11-15 08:20:42,3,2062,1764,58.1,59.7,62.7,16.6,11.65
463,2017-11-15 08:20:43,3,2058,1767,58.1,59.7,62.7,16.6,10.96
464,2017-11-15 08:20:44,3,2056,1767,58.1,59.7,62.7,16.6,12.06
465,2017-11-15 08:20:45,3,2061,1769,58.2,59.7,62.7,16.5,12.07
466,2017-11-15 08:20:46,3,2061,1771,58.2,59.6,62.7,16.5,12.45
467,2017-11-15 08:20:47,3,2055,1770,58.1,59.6,62.7,16.6,12.42
468,2017-11-15 08:20:48,3,2052,1769,58.1,59.7,62.7,16.6,12.47
469,2017-11-15 08:20:49,3,2052,1767,58.1,59.7,62.7,16.6,12.35
470,2017-11-15 08:20:50,3,2045,1762,58.1,59.7,62.7,16.6,13.5
471,2017-11-15 08:20:51,3,2050,1759,58.1,59.7,62.7,16.6,12.38
472,2017-11-15 08:20:52,3,2042,1753,58.1,59.7,62.7,16.6,11.48
473,2017-11-15 08:20:53,3,2054,1747,58.2,59.6,62.7,16.6,12.15
474,2017-11-15 08:20:54,3,2049,1743,58.2,59.6,62.7,16.5,11.7
475,2017-11-15 08:20:55,3,2052,1742,58.2,59.7,62.7,16.5,12.91
476,2017-11-15 08:20:56,3,2047,1739,58.2,59.7,62.7,16.5,13.06
477,2017-11-15 08:20:57,3,2065,1743,58.2,59.7,62.7,16.6,12.02
478,2017-11-15 08:20:58,3,2062,1746,58.2,59.7,62.7,16.6,12.51
479,2017-11-15 08:20:59,3,2058,1750,58.2,59.7,62.7,16.5,12.47
480,2017-11-15 08:21:00,3,2064,1757,58.2,59.7,62.7,16.6,12.11
481,2017-11-15 08:21:01,3,2062,1761,58.2,59.7,62.7,16.5,12.84
482,2017-11-15 08:21:02,3,2054,1761,58.2,59.7,62.7,16.5,12.94
483,2017-11-15 08:21:03,3,2058,1761,58.2,59.7,62.7,16.6,12.06
484,2017-11-15 08:21:04,3,2060,1763,58.2,59.7,62.7,16.5,12.88
485,2017-11-15 08:21:05,3,2044,1758,58.2,59.7,62.7,16.6,12.93
486,2017-11-15 08:21:06,3,2052,1755,58.2,59.7,62.7,16.6,12.42
487,2017-11-15 08:21:07,3,2051,1754,58.2,59.7,62.7,16.5,12.35
488,2017-11-15 08:21:08,3,2060,1752,58.2,59.7,62.7,16.5,12.97
489,2017-11-15 08:21:09,3,2057,1750,58.2,59.7,62.7,16.5,11.6
490,2017-11-15 08:21:10,3,2057,1750,58.2,59.7,62.7,16.6,12.06
491,2017-11-15 08:21:11,3,2058,1751,58.2,59.7,62.7,16.6,12.79
492,2017-11-15 08:21:12,3,2053,1749,58.2,59.7,62.7,16.6,12.0
493,2017-11-15 08:21:13,3,2043,1749,58.2,59.7,62.7,16.5,12.43
494,2017-11-15 08:21:14,3,2052,1751,58.2,59.7,62.7,16.6,11.8
495,2017-11-15 08:21:15,3,2054,1749,58.2,59.7,62.7,16.6,11.67
496,2017-11-15 08:21:16,3,2052,1747,58.2,59.7,62.7,16.6,12.02
497,2017-11-15 08:21:17,3,2059,1750,58.2,59.7,62.7,16.6,11.67
498,2017-11-15 08:21:18,3,2053,1747,58.1,59.7,62.7,16.6,12.37
499,2017-11-15 08:21:19,3,2050,1745,58.1,59.7,62.7,16.6,12.14
500,2017-11-15 08:21:20,3,2054,1746,58.1,59.7,62.7,16.6,13.88
501,2017-11-15 08:21:21,3,2047,1747,58.2,59.7,62.7,16.6,11.73
502,2017-11-15 08:21:22,3,2059,1750,58.2,59.7,62.7,16.6,12.07
503,2017-11-15 08:21:23,3,2056,1754,58.1,59.7,62.7,16.6,13.61
504,2017-11-15 08:21:24,3,2053,1755,58.2,59.7,62.7,16.6,11.48
505,2017-11-15 08:21:25,3,2046,1755,58.2,59.7,62.7,16.6,11.99
506,2017-11-15 08:21:26,3,2057,1754,58.2,59.7,62.7,16.5,13.95
507,2017-11-15 08:21:27,3,2042,1753,58.2,59.7,62.7,16.6,12.0
508,2017-11-15 08:21:28,3,2041,1748,58.2,59.7,62.7,16.6,12.0
509,2017-11-15 08:21:29,3,2057,1748,58.2,59.7,62.7,16.6,12.64
510,2017-11-15 08:21:30,3,2055,1746,58.2,59.7,62.7,16.6,12.06
511,2017-11-15 08:21:31,3,2046,1741,58.2,59.7,62.7,16.6,11.42
512,2017-11-15 08:21:32,3,2052,1740,58.1,59.7,62.7,16.6,11.98
513,2017-11-15 08:21:33,3,2060,1742,58.2,59.7,62.7,16.6,11.5
514,2017-11-15 08:21:34,3,2048,1741,58.2,59.7,62.7,16.6,11.72
515,2017-11-15 08:21:35,3,2053,1743,58.1,59.7,62.7,16.6,12.58
516,2017-11-15 08:21:36,3,2048,1745,58.2,59.7,62.7,16.6,11.3
517,2017-11-15 08:21:37,3,2050,1746,58.2,59.7,62.7,16.6,11.72
518,2017-11-15 08:21:38,3,2063,1750,58.2,59.7,62.7,16.6,12.35
519,2017-11-15 08:21:39,3,2048,1750,58.2,59.7,62.7,16.6,11.37
520,2017-11-15 08:21:40,3,2056,1755,58.2,59.7,62.7,16.6,12.28
521,2017-11-15 08:21:41,3,2053,1758,58.2,59.7,62.7,16.6,12.87
522,2017-11-15 08:21:42,3,2043,1755,58.2,59.7,62.7,16.6,12.61
523,2017-11-15 08:21:43,3,2048,1756,58.2,59.7,62.7,16.6,12.19
524,2017-11-15 08:21:44,3,2052,1755,58.2,59.7,62.7,16.6,11.55
525,2017-11-15 08:21:45,3,2056,1754,58.2,59.7,62.7,16.6,12.2
526,2017-11-15 08:21:46,3,2045,1749,58.2,59.7,62.7,16.6,10.85
527,2017-11-15 08:21:47,3,2045,1746,58.2,59.7,62.7,16.6,11.44
528,2017-11-15 08:21:48,3,2057,1742,58.2,59.7,62.7,16.5,12.12
529,2017-11-15 08:21:49,3,2042,1738,58.2,59.7,62.7,16.6,12.15
530,2017-11-15 08:21:50,3,2055,1738,58.2,59.7,62.7,16.6,10.9
531,2017-11-15 08:21:51,3,2048,1740,58.2,59.7,62.7,16.6,12.31
532,2017-11-15 08:21:52,3,2048,1742,58.2,59.7,62.7,16.6,12.02
533,2017-11-15 08:21:53,3,2056,1746,58.2,59.7,62.7,16.6,12.12
534,2017-11-15 08:21:54,3,2063,1752,58.2,59.7,62.7,16.6,11.78
535,2017-11-15 08:21:55,3,2041,1749,58.2,59.7,62.7,16.6,12.78
536,2017-11-15 08:21:56,3,2052,1749,58.2,59.7,62.7,16.6,12.02
537,2017-11-15 08:21:57,3,2040,1743,58.2,59.7,62.7,16.6,11.12
538,2017-11-15 08:21:58,3,2038,1735,58.2,59.7,62.7,16.6,11.24
539,2017-11-15 08:21:59,3,1999,1732,58.2,59.7,62.7,16.5,12.28
540,2017-11-15 08:22:00,3,1966,1735,58.2,59.7,62.7,16.6,11.92
541,2017-11-15 08:22:01,3,1959,1738,58.2,59.7,62.7,16.6,10.88
542,2017-11-15 08:22:02,3,2019,1744,58.2,59.7,62.7,16.6,11.15
543,2017-11-15 08:22:03,3,2052,1751,58.2,59.7,62.7,16.6,11.23
544,2017-11-15 08:22:04,3,2044,1749,58.2,59.7,62.7,16.6,11.45
545,2017-11-15 08:22:05,3,2052,1744,58.2,59.7,62.7,16.6,12.21
546,2017-11-15 08:22:06,3,2045,1743,58.2,59.7,62.7,16.6,10.32
547,2017-11-15 08:22:07,3,2049,1744,58.2,59.7,62.7,16.6,10.62
548,2017-11-15 08:22:08,3,2054,1746,58.2,59.7,62.7,16.6,11.97
549,2017-11-15 08:22:09,3,2065,1754,58.2,59.7,62.7,16.6,10.81
550,2017-11-15 08:22:10,3,2057,1758,58.2,59.7,62.7,16.6,11.01
551,2017-11-15 08:22:11,3,2056,1764,58.2,59.7,62.7,16.6,11.35
552,2017-11-15 08:22:12,3,2059,1769,58.2,59.7,62.7,16.6,12.56
553,2017-11-15 08:22:13,3,2057,1773,58.2,59.7,62.7,16.6,12.13
554,2017-11-15 08:22:14,3,2051,1770,58.2,59.7,62.7,16.6,12.92
555,2017-11-15 08:22:15,3,2052,1767,58.2,59.7,62.7,16.6,11.57
556,2017-11-15 08:22:16,3,2039,1759,58.2,59.7,62.7,16.6,12.35
557,2017-11-15 08:22:17,3,2046,1748,58.2,59.7,62.7,16.6,12.11
558,2017-11-15 08:22:18,3,2038,1739,58.2,59.7,62.8,16.6,11.67
559,2017-11-15 08:22:19,3,2054,1735,58.2,59.7,62.7,16.6,12.1
560,2017-11-15 08:22:20,3,2056,1734,58.2,59.7,62.7,16.6,12.19
561,2017-11-15 08:22:21,3,2039,1735,58.2,59.7,62.8,16.6,10.55
562,2017-11-15 08:22:22,3,2046,1739,58.2,59.7,62.7,16.6,11.43
563,2017-11-15 08:22:23,3,2059,1745,58.2,59.7,62.7,16.6,12.67
564,2017-11-15 08:22:24,3,2050,1749,58.2,59.7,62.7,16.6,11.54
565,2017-11-15 08:22:25,3,2053,1751,58.2,59.7,62.7,16.6,11.48
566,2017-11-15 08:22:26,3,2054,1756,58.2,59.7,62.7,16.6,11.97
567,2017-11-15 08:22:27,3,2051,1755,58.2,59.7,62.7,16.6,12.45
568,2017-11-15 08:22:28,3,2051,1755,58.2,59.7,62.7,16.6,11.11
569,2017-11-15 08:22:29,3,2047,1754,58.2,59.7,62.7,16.6,11.46
570,2017-11-15 08:22:30,3,2051,1753,58.1,59.7,62.7,16.6,11.1
571,2017-11-15 08:22:31,3,2057,1753,58.1,59.7,62.8,16.6,11.13
572,2017-11-15 08:22:32,3,2053,1754,58.2,59.7,62.7,16.6,12.09
573,2017-11-15 08:22:33,3,2054,1754,58.2,59.8,62.7,16.6,12.39
574,2017-11-15 08:22:34,3,2063,1755,58.2,59.7,62.7,16.6,11.25
575,2017-11-15 08:22:35,3,2056,1754,58.2,59.7,62.7,16.6,12.11
576,2017-11-15 08:22:36,3,2050,1754,58.2,59.7,62.7,16.6,13.21
577,2017-11-15 08:22:37,3,2052,1753,58.2,59.7,62.7,16.6,11.96
578,2017-11-15 08:22:38,3,2055,1754,58.2,59.7,62.7,16.6,12.77
579,2017-11-15 08:22:39,3,2055,1753,58.2,59.7,62.7,16.6,12.86
580,2017-11-15 08:22:40,3,2048,1755,58.2,59.7,62.7,16.6,12.2
581,2017-11-15 08:22:41,3,2049,1755,58.2,59.7,62.7,16.6,11.63
582,2017-11-15 08:22:42,3,2046,1755,58.2,59.7,62.8,16.6,11.66
583,2017-11-15 08:22:43,3,2055,1758,58.2,59.7,62.8,16.6,10.95
584,2017-11-15 08:22:44,3,2052,1757,58.2,59.7,62.7,16.6,11.76
585,2017-11-15 08:22:45,3,2048,1754,58.2,59.7,62.7,16.6,12.3
586,2017-11-15 08:22:46,3,2056,1753,58.2,59.7,62.7,16.6,10.79
587,2017-11-15 08:22:47,3,2051,1751,58.2,59.7,62.7,16.6,11.78
588,2017-11-15 08:22:48,3,2053,1749,58.2,59.7,62.7,16.6,11.52
589,2017-11-15 08:22:49,3,2048,1747,58.2,59.7,62.7,16.6,11.01
590,2017-11-15 08:22:50,3,2060,1749,58.2,59.7,62.7,16.6,12.02
591,2017-11-15 08:22:51,3,2049,1749,58.2,59.8,62.8,16.6,10.23
592,2017-11-15 08:22:52,3,2065,1752,58.2,59.7,62.7,16.6,11.75
593,2017-11-15 08:22:53,3,2061,1758,58.2,59.7,62.7,16.6,11.53
594,2017-11-15 08:22:54,3,2053,1757,58.2,59.7,62.7,16.6,13.21
595,2017-11-15 08:22:55,3,2048,1757,58.2,59.7,62.7,16.6,13.79
596,2017-11-15 08:22:56,3,2044,1755,58.2,59.7,62.7,16.6,12.73
597,2017-11-15 08:22:57,3,2043,1749,58.2,59.7,62.7,16.6,10.86
598,2017-11-15 08:22:58,3,2044,1743,58.2,59.8,62.7,16.6,11.78
599,2017-11-15 08:22:59,3,2044,1738,58.2,59.7,62.7,16.6,11.79
600,2017-11-15 08:23:00,3,2040,1734,58.2,59.7,62.8,16.6,11.79
601,2017-11-15 08:23:01,3,2008,1732,58.2,59.7,62.7,16.6,10.13
602,2017-11-15 08:23:02,3,2001,1738,58.2,59.7,62.8,16.6,11.87
603,2017-11-15 08:23:03,3,2028,1744,58.2,59.7,62.8,16.6,11.56
604,2017-11-15 08:23:04,3,2060,1750,58.2,59.7,62.8,16.6,9.6
605,2017-11-15 08:23:05,3,2055,1754,58.2,59.7,62.8,16.6,11.18
606,2017-11-15 08:23:06,3,2057,1755,58.2,59.7,62.8,16.6,11.2
607,2017-11-15 08:23:07,3,2062,1757,58.2,59.7,62.7,16.6,11.57
608,2017-11-15 08:23:08,3,2055,1758,58.2,59.7,62.7,16.6,11.62
609,2017-11-15 08:23:09,3,2062,1761,58.2,59.7,62.7,16.6,11.88
610,2017-11-15 08:23:10,3,2056,1763,58.2,59.7,62.7,16.6,11.49
611,2017-11-15 08:23:11,3,2041,1760,58.2,59.7,62.7,16.6,11.21
612,2017-11-15 08:23:12,3,2045,1758,58.2,59.7,62.8,16.6,12.63
613,2017-11-15 08:23:13,3,2041,1753,58.2,59.8,62.8,16.6,10.64
614,2017-11-15 08:23:14,3,2038,1746,58.2,59.8,62.7,16.6,12.55
615,2017-11-15 08:23:15,3,2047,1745,58.2,59.7,62.7,16.6,13.16
616,2017-11-15 08:23:16,3,2046,1741,58.2,59.7,62.7,16.6,12.77
617,2017-11-15 08:23:17,3,2044,1740,58.2,59.7,62.7,16.6,12.42
618,2017-11-15 08:23:18,3,2058,1742,58.2,59.8,62.7,16.6,12.68
619,2017-11-15 08:23:19,3,2054,1744,58.2,59.7,62.7,16.6,11.44
620,2017-11-15 08:23:20,3,2056,1747,58.2,59.8,62.8,16.6,12.23
621,2017-11-15 08:23:21,3,2057,1746,58.2,59.8,62.8,16.6,13.19
622,2017-11-15 08:23:22,3,2058,1749,58.2,59.7,62.7,16.6,11.77
623,2017-11-15 08:23:23,3,2044,1746,58.2,59.7,62.7,16.6,12.42
624,2017-11-15 08:23:24,3,2063,1747,58.2,59.7,62.7,16.6,13.01
625,2017-11-15 08:23:25,3,2058,1746,58.2,59.7,62.8,16.6,12.46
626,2017-11-15 08:23:26,3,2059,1748,58.2,59.8,62.8,16.6,12.03
627,2017-11-15 08:23:27,3,2054,1753,58.2,59.8,62.7,16.6,12.21
628,2017-11-15 08:23:28,3,2063,1759,58.3,59.7,62.8,16.6,10.29
629,2017-11-15 08:23:29,3,2051,1762,58.3,59.7,62.8,16.6,12.31
630,2017-11-15 08:23:30,3,2056,1764,58.3,59.8,62.7,16.6,12.33
631,2017-11-15 08:23:31,3,2053,1763,58.2,59.7,62.7,16.6,12.72
632,2017-11-15 08:23:32,3,2038,1760,58.2,59.7,62.8,16.6,12.42
633,2017-11-15 08:23:33,3,2051,1755,58.2,59.8,62.7,16.6,12.19
634,2017-11-15 08:23:34,3,2053,1753,58.2,59.8,62.7,16.6,12.04
635,2017-11-15 08:23:35,3,2049,1748,58.3,59.8,62.7,16.6,11.85
636,2017-11-15 08:23:36,3,2053,1748,58.3,59.8,62.7,16.6,11.99
637,2017-11-15 08:23:37,3,2049,1746,58.3,59.8,62.7,16.6,12.62
638,2017-11-15 08:23:38,3,2055,1748,58.3,59.8,62.7,16.6,11.78
639,2017-11-15 08:23:39,3,2059,1748,58.3,59.8,62.7,16.6,13.09
640,2017-11-15 08:23:40,3,2058,1749,58.3,59.8,62.8,16.6,11.85
641,2017-11-15 08:23:41,3,2058,1749,58.3,59.8,62.8,16.6,12.15
642,2017-11-15 08:23:42,3,2054,1750,58.3,59.8,62.8,16.6,10.79
643,2017-11-15 08:23:43,3,2051,1750,58.3,59.8,62.7,16.6,12.24
644,2017-11-15 08:23:44,3,2051,1749,58.3,59.8,62.8,16.6,11.64
645,2017-11-15 08:23:45,3,2055,1748,58.3,59.8,62.8,16.5,11.71
646,2017-11-15 08:23:46,3,2044,1746,58.3,59.8,62.7,16.6,11.55
647,2017-11-15 08:23:47,3,2045,1741,58.3,59.8,62.7,16.6,10.59
648,2017-11-15 08:23:48,3,2049,1739,58.3,59.8,62.8,16.6,12.12
649,2017-11-15 08:23:49,3,2042,1738,58.3,59.8,62.8,16.6,10.38
650,2017-11-15 08:23:50,3,2023,1738,58.3,59.8,62.7,16.6,11.64
651,2017-11-15 08:23:51,3,2028,1740,58.3,59.8,62.7,16.6,12.03
652,2017-11-15 08:23:52,3,2052,1745,58.3,59.8,62.7,16.6,12.19
653,2017-11-15 08:23:53,3,2061,1747,58.3,59.8,62.7,16.6,11.95
654,2017-11-15 08:23:54,3,2055,1751,58.3,59.8,62.8,16.6,11.93
655,2017-11-15 08:23:55,3,2062,1753,58.3,59.8,62.7,16.6,11.54
656,2017-11-15 08:23:56,3,2051,1751,58.3,59.8,62.8,16.6,11.76
657,2017-11-15 08:23:57,3,2056,1750,58.3,59.8,62.8,16.6,12.38
658,2017-11-15 08:23:58,3,2057,1750,58.3,59.8,62.8,16.6,11.95
659,2017-11-15 08:23:59,3,2057,1747,58.3,59.8,62.8,16.6,12.28
660,2017-11-15 08:24:00,3,2044,1747,58.3,59.8,62.8,16.6,10.94
661,2017-11-15 08:24:01,3,2054,1746,58.3,59.8,62.7,16.6,12.95
662,2017-11-15 08:24:02,3,2067,1750,58.3,59.8,62.7,16.6,12.07
663,2017-11-15 08:24:03,3,2047,1750,58.3,59.8,62.7,16.6,10.88
664,2017-11-15 08:24:04,3,2052,1752,58.3,59.8,62.7,16.6,12.05
665,2017-11-15 08:24:05,3,2067,1754,58.3,59.8,62.7,16.6,11.01
666,2017-11-15 08:24:06,3,2051,1753,58.4,59.8,62.7,16.6,10.95
667,2017-11-15 08:24:07,3,2038,1750,58.4,59.8,62.7,16.6,10.56
668,2017-11-15 08:24:08,3,2059,1750,58.3,59.8,62.7,16.6,11.1
669,2017-11-15 08:24:09,3,2056,1750,58.3,59.8,62.8,16.6,10.14
670,2017-11-15 08:24:10,3,2045,1750,58.3,59.8,62.7,16.6,12.14
671,2017-11-15 08:24:11,3,2057,1755,58.3,59.8,62.7,16.6,12.07
672,2017-11-15 08:24:12,3,2054,1761,58.3,59.8,62.7,16.6,10.22
673,2017-11-15 08:24:13,3,2051,1762,58.3,59.8,62.7,16.6,11.66
674,2017-11-15 08:24:14,3,2056,1764,58.4,59.8,62.8,16.6,10.97
675,2017-11-15 08:24:15,3,2048,1763,58.4,59.8,62.7,16.6,12.79
676,2017-11-15 08:24:16,3,2044,1759,58.4,59.8,62.7,16.6,11.39
677,2017-11-15 08:24:17,3,2049,1756,58.4,59.8,62.8,16.6,12.24
678,2017-11-15 08:24:18,3,2052,1753,58.4,59.8,62.7,16.6,11.82
679,2017-11-15 08:24:19,3,2039,1747,58.4,59.8,62.7,16.6,11.24
680,2017-11-15 08:24:20,3,2053,1745,58.4,59.8,62.7,16.6,11.78
681,2017-11-15 08:24:21,3,2052,1746,58.4,59.8,62.7,16.6,11.71
682,2017-11-15 08:24:22,3,2044,1744,58.4,59.8,62.7,16.6,11.89
683,2017-11-15 08:24:23,3,2054,1744,58.4,59.8,62.7,16.6,11.65
684,2017-11-15 08:24:24,3,2054,1744,58.4,59.8,62.7,16.6,11.76
685,2017-11-15 08:24:25,3,2051,1746,58.4,59.8,62.8,16.6,12.7
686,2017-11-15 08:24:26,3,2047,1745,58.4,59.8,62.8,16.6,13.12
687,2017-11-15 08:24:27,3,2058,1749,58.4,59.8,62.8,16.6,11.74
688,2017-11-15 08:24:28,3,2044,1748,58.4,59.8,62.7,16.6,11.12
689,2017-11-15 08:24:29,3,2053,1744,58.4,59.8,62.7,16.6,12.11
690,2017-11-15 08:24:30,3,2047,1743,58.3,59.8,62.8,16.6,11.14
691,2017-11-15 08:24:31,3,2049,1738,58.3,59.8,62.7,16.6,11.74
692,2017-11-15 08:24:32,3,2027,1736,58.3,59.8,62.8,16.6,11.18
693,2017-11-15 08:24:33,3,2009,1738,58.3,59.8,62.7,16.6,12.04
694,2017-11-15 08:24:34,3,2013,1742,58.3,59.8,62.7,16.6,12.47
695,2017-11-15 08:24:35,3,2060,1750,58.3,59.8,62.7,16.6,11.17
696,2017-11-15 08:24:36,3,2069,1757,58.3,59.8,62.7,16.6,11.98
697,2017-11-15 08:24:37,3,2048,1756,58.3,59.8,62.7,16.6,11.9
698,2017-11-15 08:24:38,3,2049,1757,58.3,59.8,62.8,16.6,12.25
699,2017-11-15 08:24:39,3,2045,1756,58.3,59.8,62.8,16.6,10.67
700,2017-11-15 08:24:40,3,2046,1753,58.3,59.8,62.8,16.6,13.35
701,2017-11-15 08:24:41,3,2048,1752,58.3,59.8,62.8,16.6,11.71
702,2017-11-15 08:24:42,3,2057,1753,58.3,59.8,62.7,16.6,11.4
703,2017-11-15 08:24:43,3,2050,1750,58.3,59.8,62.7,16.6,12.19
704,2017-11-15 08:24:44,3,2060,1752,58.3,59.8,62.8,16.6,11.42
705,2017-11-15 08:24:45,3,2052,1751,58.3,59.8,62.8,16.6,10.97
706,2017-11-15 08:24:46,3,2059,1749,58.3,59.8,62.7,16.6,12.4
707,2017-11-15 08:24:47,3,2060,1751,58.2,59.8,62.7,16.6,11.91
708,2017-11-15 08:24:48,3,2059,1753,58.2,59.8,62.7,16.5,11.4
709,2017-11-15 08:24:49,3,2060,1754,58.2,59.8,62.7,16.5,12.07
710,2017-11-15 08:24:50,3,2056,1756,58.2,59.8,62.7,16.6,11.89
711,2017-11-15 08:24:51,3,2050,1759,58.2,59.8,62.7,16.6,11.46
712,2017-11-15 08:24:52,3,2055,1760,58.2,59.8,62.7,16.6,11.61
713,2017-11-15 08:24:53,3,2055,1760,58.2,59.8,62.7,16.6,11.58
714,2017-11-15 08:24:54,3,2050,1759,58.2,59.8,62.7,16.6,11.87
715,2017-11-15 08:24:55,3,2050,1758,58.2,59.8,62.8,16.6,12.14
716,2017-11-15 08:24:56,3,2047,1755,58.2,59.8,62.7,16.6,10.81
717,2017-11-15 08:24:57,3,2049,1752,58.2,59.8,62.8,16.6,11.74
718,2017-11-15 08:24:58,3,2054,1751,58.2,59.8,62.8,16.6,12.58
719,2017-11-15 08:24:59,3,2057,1750,58.2,59.8,62.8,16.6,12.15
720,2017-11-15 08:25:00,3,2055,1750,58.2,59.8,62.7,16.6,11.79
721,2017-11-15 08:25:01,3,2064,1753,58.2,59.8,62.7,16.6,12.78
722,2017-11-15 08:25:02,3,2055,1755,58.2,59.8,62.8,16.6,12.0
723,2017-11-15 08:25:03,3,2043,1752,58.2,59.8,62.7,16.6,11.58
724,2017-11-15 08:25:04,3,2055,1752,58.2,59.8,62.7,16.6,11.49
725,2017-11-15 08:25:05,3,2057,1752,58.2,59.8,62.8,16.6,11.44
726,2017-11-15 08:25:06,3,2048,1750,58.2,59.8,62.8,16.6,12.85
727,2017-11-15 08:25:07,3,2056,1751,58.2,59.8,62.7,16.6,11.95
728,2017-11-15 08:25:08,3,2054,1754,58.2,59.8,62.7,16.6,12.66
729,2017-11-15 08:25:09,3,2050,1753,58.2,59.8,62.7,16.6,12.04
730,2017-11-15 08:25:10,3,2049,1752,58.2,59.8,62.7,16.6,11.14
731,2017-11-15 08:25:11,3,2059,1752,58.2,59.8,62.8,16.6,12.48
732,2017-11-15 08:25:12,3,2050,1749,58.2,59.8,62.8,16.6,11.57
733,2017-11-15 08:25:13,3,2056,1748,58.2,59.8,62.7,16.5,11.33
734,2017-11-15 08:25:14,3,2058,1751,58.2,59.8,62.7,16.6,11.28
735,2017-11-15 08:25:15,3,2051,1752,58.2,59.8,62.8,16.6,11.02
736,2017-11-15 08:25:16,3,2052,1751,58.3,59.8,62.7,16.6,11.86
737,2017-11-15 08:25:17,3,2045,1749,58.3,59.8,62.7,16.6,12.2
738,2017-11-15 08:25:18,3,2042,1744,58.2,59.8,62.8,16.6,11.81
739,2017-11-15 08:25:19,3,2047,1741,58.2,59.8,62.7,16.6,12.91
740,2017-11-15 08:25:20,3,2052,1740,58.2,59.8,62.7,16.6,11.75
741,2017-11-15 08:25:21,3,2058,1741,58.2,59.8,62.7,16.6,10.97
742,2017-11-15 08:25:22,3,2058,1744,58.2,59.8,62.7,16.6,11.72
743,2017-11-15 08:25:23,3,2067,1746,58.2,59.8,62.7,16.6,12.2
744,2017-11-15 08:25:24,3,2062,1750,58.2,59.8,62.8,16.6,11.88
745,2017-11-15 08:25:25,3,2054,1751,58.2,59.8,62.7,16.6,11.92
746,2017-11-15 08:25:26,3,2055,1752,58.2,59.8,62.7,16.6,11.31
747,2017-11-15 08:25:27,3,2054,1755,58.2,59.8,62.7,16.6,11.27
748,2017-11-15 08:25:28,3,2065,1759,58.2,59.9,62.7,16.6,11.71
749,2017-11-15 08:25:29,3,2059,1759,58.2,59.9,62.7,16.6,12.21
750,2017-11-15 08:25:30,3,2049,1758,58.2,59.8,62.7,16.6,11.54
751,2017-11-15 08:25:31,3,2049,1757,58.2,59.9,62.7,16.6,11.55
752,2017-11-15 08:25:32,3,2039,1752,58.2,59.8,62.7,16.6,12.6
753,2017-11-15 08:25:33,3,2042,1748,58.2,59.8,62.7,16.6,11.68
754,2017-11-15 08:25:34,3,2044,1748,58.2,59.8,62.7,16.6,11.12
755,2017-11-15 08:25:35,3,2052,1748,58.2,59.8,62.7,16.6,12.36
756,2017-11-15 08:25:36,3,2061,1749,58.2,59.8,62.7,16.6,11.66
757,2017-11-15 08:25:37,3,2052,1752,58.2,59.9,62.7,16.6,11.54
758,2017-11-15 08:25:38,3,2058,1756,58.2,59.8,62.7,16.6,12.39
759,2017-11-15 08:25:39,3,2059,1755,58.1,59.8,62.8,16.6,12.56
760,2017-11-15 08:25:40,3,2059,1759,58.1,59.8,62.7,16.6,11.93
761,2017-11-15 08:25:41,3,2043,1757,58.1,59.8,62.7,16.6,11.2
762,2017-11-15 08:25:42,3,2056,1755,58.1,59.8,62.7,16.6,11.99
763,2017-11-15 08:25:43,3,2045,1756,58.1,59.8,62.7,16.6,12.69
764,2017-11-15 08:25:44,3,2041,1753,58.1,59.8,62.7,16.6,12.47
765,2017-11-15 08:25:45,3,2057,1752,58.1,59.9,62.7,16.6,11.23
766,2017-11-15 08:25:46,3,2053,1753,58.1,59.8,62.7,16.6,12.24
767,2017-11-15 08:25:47,3,2052,1755,58.1,59.8,62.7,16.6,11.88
768,2017-11-15 08:25:48,3,2056,1757,58.1,59.9,62.7,16.6,13.12
769,2017-11-15 08:25:49,3,2060,1759,58.2,59.8,62.7,16.6,11.41
770,2017-11-15 08:25:50,3,2057,1760,58.2,59.8,62.8,16.6,12.72
771,2017-11-15 08:25:51,3,2051,1761,58.2,59.9,62.7,16.6,12.8
772,2017-11-15 08:25:52,3,2051,1759,58.2,59.9,62.7,16.6,12.44
773,2017-11-15 08:25:53,3,2050,1757,58.2,59.9,62.7,16.6,12.42
774,2017-11-15 08:25:54,3,2062,1757,58.2,59.9,62.7,16.6,12.61
775,2017-11-15 08:25:55,3,2058,1756,58.1,59.8,62.7,16.6,12.35
776,2017-11-15 08:25:56,3,2053,1756,58.1,59.8,62.7,16.6,12.26
777,2017-11-15 08:25:57,3,2061,1756,58.2,59.9,62.8,16.6,12.95
778,2017-11-15 08:25:58,3,2056,1754,58.2,59.8,62.7,16.6,11.36
779,2017-11-15 08:25:59,3,2053,1752,58.2,59.9,62.7,16.6,12.75
780,2017-11-15 08:26:00,3,2056,1751,58.1,59.9,62.7,16.6,11.78
781,2017-11-15 08:26:01,3,2046,1750,58.1,59.8,62.7,16.6,11.07
782,2017-11-15 08:26:02,3,2046,1748,58.1,59.8,62.7,16.6,13.41
783,2017-11-15 08:26:03,3,2050,1750,58.1,59.9,62.7,16.6,12.54
784,2017-11-15 08:26:04,3,2045,1749,58.1,59.9,62.7,16.6,12.85
785,2017-11-15 08:26:05,3,2049,1746,58.1,59.9,62.7,16.6,13.37
786,2017-11-15 08:26:06,3,2050,1742,58.1,59.8,62.7,16.6,11.22
787,2017-11-15 08:26:07,3,2041,1741,58.1,59.8,62.7,16.6,11.95
788,2017-11-15 08:26:08,3,2047,1739,58.2,59.8,62.7,16.6,12.49
789,2017-11-15 08:26:09,3,2047,1738,58.2,59.9,62.7,16.6,11.68
790,2017-11-15 08:26:10,3,2053,1740,58.1,59.9,62.7,16.6,11.95
791,2017-11-15 08:26:11,3,2056,1742,58.1,59.9,62.7,16.6,12.12
792,2017-11-15 08:26:12,3,2061,1744,58.1,59.9,62.7,16.6,12.94
793,2017-11-15 08:26:13,3,2047,1746,58.2,59.9,62.7,16.6,12.61
794,2017-11-15 08:26:14,3,2058,1750,58.2,59.9,62.7,16.6,12.43
795,2017-11-15 08:26:15,3,2052,1750,58.2,59.9,62.7,16.6,12.77
796,2017-11-15 08:26:16,3,2056,1750,58.1,59.9,62.7,16.6,11.89
797,2017-11-15 08:26:17,3,2047,1752,58.1,59.9,62.7,16.6,12.78
798,2017-11-15 08:26:18,3,2049,1750,58.1,59.9,62.7,16.6,11.93
799,2017-11-15 08:26:19,3,2050,1748,58.1,59.9,62.7,16.6,11.88
800,2017-11-15 08:26:20,3,2046,1746,58.1,59.9,62.7,16.6,13.08
801,2017-11-15 08:26:21,3,2046,1744,58.1,59.9,62.7,16.6,12.13
802,2017-11-15 08:26:22,3,2048,1742,58.1,59.9,62.7,16.5,10.33
803,2017-11-15 08:26:23,3,2056,1742,58.1,59.9,62.7,16.6,11.5
804,2017-11-15 08:26:24,3,2052,1744,58.1,59.9,62.7,16.6,11.38
805,2017-11-15 08:26:25,3,2047,1743,58.1,59.9,62.7,16.6,11.62
806,2017-11-15 08:26:26,3,2057,1745,58.1,59.9,62.7,16.6,11.96
807,2017-11-15 08:26:27,3,2063,1748,58.1,59.9,62.7,16.6,11.92
808,2017-11-15 08:26:28,3,2052,1748,58.1,59.9,62.7,16.6,11.92
809,2017-11-15 08:26:29,3,2058,1749,58.1,59.9,62.7,16.6,11.44
810,2017-11-15 08:26:30,3,2058,1751,58.2,59.9,62.7,16.6,11.9
811,2017-11-15 08:26:31,3,2052,1749,58.2,59.9,62.7,16.6,11.13
812,2017-11-15 08:26:32,3,2063,1750,58.2,59.9,62.7,16.6,12.57
813,2017-11-15 08:26:33,3,2058,1750,58.2,59.9,62.7,16.6,11.29
814,2017-11-15 08:26:34,3,2044,1747,58.2,59.9,62.7,16.6,10.81
815,2017-11-15 08:26:35,3,2061,1747,58.2,59.9,62.7,16.6,10.8
816,2017-11-15 08:26:36,3,2053,1747,58.2,59.9,62.7,16.6,11.58
817,2017-11-15 08:26:37,3,2053,1746,58.2,59.9,62.7,16.6,10.99
818,2017-11-15 08:26:38,3,2061,1746,58.2,59.9,62.7,16.6,11.86
819,2017-11-15 08:26:39,3,2056,1746,58.2,59.9,62.7,16.6,11.26
820,2017-11-15 08:26:40,3,2051,1745,58.2,59.9,62.7,16.6,10.1
821,2017-11-15 08:26:41,3,2059,1747,58.1,59.9,62.7,16.6,11.82
822,2017-11-15 08:26:42,3,2057,1748,58.2,59.9,62.7,16.6,12.52
823,2017-11-15 08:26:43,3,2052,1748,58.2,59.9,62.7,16.6,11.4
824,2017-11-15 08:26:44,3,2060,1750,58.2,59.9,62.7,16.6,12.06
825,2017-11-15 08:26:45,3,2055,1752,58.2,59.9,62.7,16.6,12.0
826,2017-11-15 08:26:46,3,2047,1750,58.2,59.9,62.7,16.6,12.13
827,2017-11-15 08:26:47,3,2049,1749,58.2,59.9,62.7,16.6,12.0
828,2017-11-15 08:26:48,3,2049,1750,58.2,59.9,62.7,16.6,11.87
829,2017-11-15 08:26:49,3,2046,1747,58.2,59.9,62.7,16.6,11.11
830,2017-11-15 08:26:50,3,2050,1747,58.2,59.9,62.7,16.6,11.46
831,2017-11-15 08:26:51,3,2060,1746,58.2,59.9,62.7,16.6,11.4
832,2017-11-15 08:26:52,3,2050,1744,58.3,59.9,62.7,16.6,11.29
833,2017-11-15 08:26:53,3,2053,1744,58.3,59.9,62.7,16.6,11.59
834,2017-11-15 08:26:54,3,2051,1747,58.2,59.9,62.7,16.6,12.39
835,2017-11-15 08:26:55,3,2049,1746,58.2,59.9,62.7,16.6,12.03
836,2017-11-15 08:26:56,3,2058,1747,58.2,59.9,62.7,16.6,12.12
837,2017-11-15 08:26:57,3,2056,1750,58.2,59.9,62.7,16.6,11.97
838,2017-11-15 08:26:58,3,2043,1747,58.2,59.9,62.7,16.6,11.17
839,2017-11-15 08:26:59,3,2050,1746,58.2,59.9,62.7,16.6,10.21
840,2017-11-15 08:27:00,3,2049,1746,58.2,59.9,62.7,16.6,11.54
841,2017-11-15 08:27:01,3,2046,1742,58.2,59.9,62.7,16.6,11.07
842,2017-11-15 08:27:02,3,2051,1739,58.2,59.9,62.7,16.6,10.92
843,2017-11-15 08:27:03,3,2046,1741,58.2,59.9,62.7,16.6,11.57
844,2017-11-15 08:27:04,3,2028,1739,58.2,59.9,62.7,16.6,10.91
845,2017-11-15 08:27:05,3,2015,1738,58.2,59.9,62.7,16.6,10.76
846,2017-11-15 08:27:06,3,2022,1741,58.1,59.9,62.7,16.6,11.02
847,2017-11-15 08:27:07,3,2019,1740,58.1,59.9,62.7,16.6,11.25
848,2017-11-15 08:27:08,3,2023,1742,58.1,59.9,62.7,16.6,11.57
849,2017-11-15 08:27:09,3,2031,1744,58.1,59.9,62.7,16.6,11.47
850,2017-11-15 08:27:10,3,2057,1749,58.2,59.9,62.7,16.6,10.48
851,2017-11-15 08:27:11,3,2045,1750,58.2,59.9,62.7,16.6,10.36
852,2017-11-15 08:27:12,3,2058,1757,58.2,59.9,62.7,16.6,11.07
853,2017-11-15 08:27:13,3,2045,1756,58.2,59.9,62.7,16.6,10.64
854,2017-11-15 08:27:14,3,2052,1760,58.2,59.9,62.7,16.6,10.12
855,2017-11-15 08:27:15,3,2055,1759,58.2,59.9,62.7,16.6,11.41
856,2017-11-15 08:27:16,3,2048,1759,58.2,59.9,62.7,16.6,11.5
857,2017-11-15 08:27:17,3,2049,1760,58.2,59.9,62.7,16.6,12.48
858,2017-11-15 08:27:18,3,2051,1760,58.2,59.9,62.7,16.6,11.64
859,2017-11-15 08:27:19,3,2038,1757,58.2,59.9,62.7,16.6,10.7
860,2017-11-15 08:27:20,3,2053,1755,58.1,59.9,62.7,16.6,12.06
861,2017-11-15 08:27:21,3,2055,1754,58.2,59.9,62.7,16.6,11.21
862,2017-11-15 08:27:22,3,2046,1749,58.2,59.9,62.7,16.6,12.23
863,2017-11-15 08:27:23,3,2048,1750,58.2,59.9,62.7,16.6,12.04
864,2017-11-15 08:27:24,3,2048,1750,58.2,59.9,62.7,16.6,11.51
865,2017-11-15 08:27:25,3,2061,1751,58.2,59.9,62.7,16.6,11.84
866,2017-11-15 08:27:26,3,2057,1751,58.2,59.9,62.7,16.6,12.23
867,2017-11-15 08:27:27,3,2052,1750,58.2,59.9,62.7,16.6,12.19
868,2017-11-15 08:27:28,3,2055,1749,58.2,59.9,62.7,16.6,12.17
869,2017-11-15 08:27:29,3,2053,1749,58.2,59.9,62.7,16.6,12.07
870,2017-11-15 08:27:30,3,2054,1751,58.2,59.9,62.7,16.6,13.4
871,2017-11-15 08:27:31,3,2058,1751,58.2,59.9,62.7,16.6,12.26
872,2017-11-15 08:27:32,3,2051,1753,58.2,59.9,62.7,16.6,11.36
873,2017-11-15 08:27:33,3,2059,1755,58.2,59.9,62.7,16.6,10.92
874,2017-11-15 08:27:34,3,2057,1754,58.2,59.9,62.7,16.6,11.47
875,2017-11-15 08:27:35,3,2054,1754,58.2,59.9,62.7,16.6,11.94
876,2017-11-15 08:27:36,3,2062,1756,58.2,59.9,62.7,16.6,11.69
877,2017-11-15 08:27:37,3,2048,1756,58.2,59.9,62.7,16.6,11.17
878,2017-11-15 08:27:38,3,2048,1755,58.2,59.9,62.7,16.6,11.55
879,2017-11-15 08:27:39,3,2042,1754,58.2,59.9,62.7,16.6,11.44
880,2017-11-15 08:27:40,3,2054,1754,58.2,59.9,62.7,16.6,11.57
881,2017-11-15 08:27:41,3,2049,1751,58.2,59.9,62.7,16.6,11.09
882,2017-11-15 08:27:42,3,2043,1746,58.2,59.9,62.7,16.6,12.61
883,2017-11-15 08:27:43,3,2045,1745,58.2,59.9,62.7,16.6,12.19
884,2017-11-15 08:27:44,3,2051,1743,58.2,59.9,62.7,16.6,10.76
885,2017-11-15 08:27:45,3,2051,1740,58.2,59.9,62.7,16.6,12.11
886,2017-11-15 08:27:46,3,2048,1741,58.2,59.9,62.7,16.6,11.64
887,2017-11-15 08:27:47,3,2055,1744,58.2,59.9,62.7,16.6,12.07
888,2017-11-15 08:27:48,3,2055,1747,58.2,59.9,62.7,16.6,11.4
889,2017-11-15 08:27:49,3,2048,1749,58.2,59.9,62.7,16.6,11.21
890,2017-11-15 08:27:50,3,2059,1753,58.2,59.9,62.7,16.6,11.53
891,2017-11-15 08:27:51,3,2044,1753,58.2,59.9,62.7,16.6,11.38
892,2017-11-15 08:27:52,3,2051,1754,58.2,59.9,62.7,16.6,11.43
893,2017-11-15 08:27:53,3,2050,1754,58.2,60.0,62.7,16.6,11.24
894,2017-11-15 08:27:54,3,2045,1752,58.2,60.0,62.7,16.6,11.04
895,2017-11-15 08:27:55,3,2045,1751,58.2,59.9,62.7,16.6,11.4
896,2017-11-15 08:27:56,3,2062,1752,58.2,59.9,62.7,16.6,11.61
897,2017-11-15 08:27:57,3,2042,1749,58.2,59.9,62.7,16.6,10.91
898,2017-11-15 08:27:58,3,2054,1747,58.2,59.9,62.7,16.6,11.21
899,2017-11-15 08:27:59,3,2051,1746,58.2,59.9,62.7,16.6,11.21
900,2017-11-15 08:28:00,3,2059,1747,58.2,59.9,62.7,16.6,11.26
901,2017-11-15 08:28:01,3,2051,1744,58.2,60.0,62.7,16.6,11.32
902,2017-11-15 08:28:02,3,2057,1743,58.2,59.9,62.7,16.6,12.74
903,2017-11-15 08:28:03,3,2059,1744,58.2,59.9,62.7,16.6,11.62
904,2017-11-15 08:28:04,3,2052,1742,58.2,59.9,62.7,16.6,11.49
905,2017-11-15 08:28:05,3,2054,1745,58.2,59.9,62.7,16.6,12.06
906,2017-11-15 08:28:06,3,2060,1748,58.1,59.9,62.7,16.6,12.72
907,2017-11-15 08:28:07,3,2061,1753,58.1,59.9,62.7,16.6,14.07
908,2017-11-15 08:28:08,3,2062,1756,58.1,60.0,62.7,16.6,12.39
909,2017-11-15 08:28:09,3,2064,1761,58.1,60.0,62.7,16.6,12.68
910,2017-11-15 08:28:10,3,2049,1763,58.1,59.9,62.7,16.6,12.68
911,2017-11-15 08:28:11,3,2049,1760,58.1,59.9,62.7,16.6,11.08
912,2017-11-15 08:28:12,3,2046,1756,58.1,59.9,62.7,16.6,12.71
913,2017-11-15 08:28:13,3,2042,1749,58.1,59.9,62.6,16.6,12.32
914,2017-11-15 08:28:14,3,2038,1740,58.1,59.9,62.6,16.6,11.66
915,2017-11-15 08:28:15,3,2051,1735,58.1,60.0,62.7,16.6,11.43
916,2017-11-15 08:28:16,3,2003,1729,58.1,60.0,62.7,16.6,10.06
917,2017-11-15 08:28:17,3,1953,1730,58.1,60.0,62.7,16.6,11.3
918,2017-11-15 08:28:18,3,1951,1735,58.1,60.0,62.7,16.6,11.79
919,2017-11-15 08:28:19,3,1995,1741,58.1,59.9,62.7,16.6,12.06
920,2017-11-15 08:28:20,3,2049,1749,58.1,59.9,62.7,16.6,10.73
921,2017-11-15 08:28:21,3,2059,1753,58.1,59.9,62.7,16.6,12.55
922,2017-11-15 08:28:22,3,2059,1757,58.1,60.0,62.7,16.6,10.73
923,2017-11-15 08:28:23,3,2057,1759,58.1,60.0,62.7,16.6,12.26
924,2017-11-15 08:28:24,3,2054,1762,58.1,60.0,62.7,16.6,12.4
925,2017-11-15 08:28:25,3,2060,1763,58.1,60.0,62.7,16.6,11.09
926,2017-11-15 08:28:26,3,2052,1765,58.1,59.9,62.6,16.6,11.59
927,2017-11-15 08:28:27,3,2053,1765,58.1,59.9,62.6,16.6,12.54
928,2017-11-15 08:28:28,3,2048,1765,58.1,60.0,62.6,16.6,12.93
929,2017-11-15 08:28:29,3,2044,1760,58.1,59.9,62.6,16.6,12.0
930,2017-11-15 08:28:30,3,2050,1759,58.1,60.0,62.7,16.6,11.07
931,2017-11-15 08:28:31,3,2039,1753,58.2,59.9,62.7,16.6,13.64
932,2017-11-15 08:28:32,3,2038,1748,58.2,59.9,62.7,16.6,11.43
933,2017-11-15 08:28:33,3,2037,1741,58.2,60.0,62.7,16.6,12.29
934,2017-11-15 08:28:34,3,2041,1734,58.2,59.9,62.7,16.6,11.21
935,2017-11-15 08:28:35,3,2007,1726,58.2,59.9,62.7,16.6,11.21
936,2017-11-15 08:28:36,3,1973,1729,58.2,59.9,62.6,16.6,12.08
937,2017-11-15 08:28:37,3,1967,1736,58.2,59.9,62.6,16.6,10.61
938,2017-11-15 08:28:38,3,2024,1743,58.2,59.9,62.7,16.6,11.33
939,2017-11-15 08:28:39,3,2071,1753,58.2,60.0,62.6,16.6,11.65
940,2017-11-15 08:28:40,3,2060,1760,58.2,60.0,62.7,16.6,12.33
941,2017-11-15 08:28:41,3,2053,1765,58.2,60.0,62.7,16.6,12.09
942,2017-11-15 08:28:42,3,2066,1768,58.2,60.0,62.6,16.6,12.47
943,2017-11-15 08:28:43,3,2054,1771,58.2,59.9,62.7,16.6,12.24
944,2017-11-15 08:28:44,3,2040,1767,58.2,60.0,62.7,16.6,12.07
945,2017-11-15 08:28:45,3,2056,1766,58.2,60.0,62.6,16.6,11.87
946,2017-11-15 08:28:46,3,2051,1764,58.2,60.0,62.7,16.6,12.62
947,2017-11-15 08:28:47,3,2044,1758,58.2,59.9,62.6,16.6,11.33
948,2017-11-15 08:28:48,3,2044,1755,58.2,59.9,62.6,16.6,12.28
949,2017-11-15 08:28:49,3,2050,1755,58.2,60.0,62.6,16.6,12.58
950,2017-11-15 08:28:50,3,2045,1752,58.2,60.0,62.6,16.6,12.08
951,2017-11-15 08:28:51,3,2048,1752,58.2,60.0,62.7,16.6,12.76
952,2017-11-15 08:28:52,3,2049,1754,58.2,59.9,62.7,16.6,12.49
953,2017-11-15 08:28:53,3,2050,1755,58.2,59.9,62.6,16.6,11.81
954,2017-11-15 08:28:54,3,2057,1756,58.2,60.0,62.6,16.6,12.1
955,2017-11-15 08:28:55,3,2044,1754,58.2,60.0,62.7,16.6,13.04
956,2017-11-15 08:28:56,3,2056,1752,58.2,60.0,62.6,16.6,12.41
957,2017-11-15 08:28:57,3,2046,1748,58.2,60.0,62.6,16.6,12.43
958,2017-11-15 08:28:58,3,2047,1747,58.3,60.0,62.6,16.6,12.16
959,2017-11-15 08:28:59,3,2050,1747,58.3,60.0,62.6,16.6,12.08
960,2017-11-15 08:29:00,3,2052,1747,58.3,60.0,62.6,16.6,11.55
961,2017-11-15 08:29:01,3,2050,1749,58.2,60.0,62.6,16.6,12.58
962,2017-11-15 08:29:02,3,2051,1748,58.2,60.0,62.6,16.7,10.87
963,2017-11-15 08:29:03,3,2043,1748,58.2,60.0,62.6,16.6,12.04
964,2017-11-15 08:29:04,3,2048,1746,58.2,60.0,62.6,16.6,12.18
965,2017-11-15 08:29:05,3,2049,1744,58.2,59.9,62.6,16.6,13.65
966,2017-11-15 08:29:06,3,2051,1741,58.2,59.9,62.6,16.6,12.66
967,2017-11-15 08:29:07,3,2056,1741,58.2,59.9,62.7,16.7,11.56
968,2017-11-15 08:29:08,3,2054,1739,58.2,59.9,62.6,16.6,12.32
969,2017-11-15 08:29:09,3,2061,1743,58.2,60.0,62.6,16.6,11.85
970,2017-11-15 08:29:10,3,2057,1746,58.2,60.0,62.6,16.6,12.18
971,2017-11-15 08:29:11,3,2057,1746,58.2,60.0,62.6,16.6,10.24
972,2017-11-15 08:29:12,3,2069,1751,58.2,60.0,62.6,16.6,10.83
973,2017-11-15 08:29:13,3,2048,1750,58.2,60.0,62.6,16.6,9.97
974,2017-11-15 08:29:14,3,2055,1751,58.2,60.0,62.6,16.6,11.26
975,2017-11-15 08:29:15,3,2059,1752,58.2,60.0,62.6,16.6,11.49
976,2017-11-15 08:29:16,3,2051,1753,58.2,60.0,62.6,16.6,10.86
977,2017-11-15 08:29:17,3,2054,1752,58.2,60.0,62.6,16.6,10.92
978,2017-11-15 08:29:18,3,2046,1750,58.2,60.0,62.6,16.6,11.56
979,2017-11-15 08:29:19,3,2049,1747,58.2,60.0,62.7,16.7,10.74
980,2017-11-15 08:29:20,3,2055,1745,58.1,60.0,62.6,16.6,11.18
981,2017-11-15 08:29:21,3,2056,1744,58.2,60.0,62.6,16.6,11.64
982,2017-11-15 08:29:22,3,2049,1746,58.2,60.0,62.6,16.6,12.03
983,2017-11-15 08:29:23,3,2059,1749,58.2,60.0,62.6,16.6,11.58
984,2017-11-15 08:29:24,3,2058,1752,58.2,60.0,62.6,16.6,11.89
985,2017-11-15 08:29:25,3,2049,1752,58.2,60.0,62.6,16.6,12.26
986,2017-11-15 08:29:26,3,2057,1757,58.2,60.0,62.6,16.6,11.39
987,2017-11-15 08:29:27,3,2049,1756,58.2,60.0,62.6,16.6,11.51
988,2017-11-15 08:29:28,3,2042,1751,58.2,60.0,62.6,16.6,12.16
989,2017-11-15 08:29:29,3,2047,1749,58.2,60.0,62.6,16.6,10.85
990,2017-11-15 08:29:30,3,2060,1749,58.2,60.0,62.7,16.6,11.74
991,2017-11-15 08:29:31,3,2036,1745,58.1,60.0,62.6,16.6,10.91
992,2017-11-15 08:29:32,3,2056,1747,58.1,60.0,62.6,16.6,11.45
993,2017-11-15 08:29:33,3,2060,1750,58.1,60.0,62.6,16.6,10.99
994,2017-11-15 08:29:34,3,2049,1750,58.2,60.0,62.6,16.6,12.11
995,2017-11-15 08:29:35,3,2060,1752,58.2,60.0,62.6,16.6,12.82
996,2017-11-15 08:29:36,3,2061,1755,58.1,60.0,62.6,16.6,11.05
997,2017-11-15 08:29:37,3,2046,1753,58.1,60.0,62.6,16.6,10.49
998,2017-11-15 08:29:38,3,2048,1752,58.1,60.0,62.6,16.6,11.25
999,2017-11-15 08:29:39,3,2062,1752,58.1,60.0,62.6,16.6,11.27
1000,2017-11-15 08:29:40,3,2054,1750,58.1,59.9,62.6,16.6,11.26
1001,2017-11-15 08:29:41,3,2046,1748,58.2,59.9,62.6,16.6,10.89
1002,2017-11-15 08:29:42,3,2060,1748,58.2,60.0,62.6,16.6,10.92
1003,2017-11-15 08:29:43,3,2059,1749,58.2,60.0,62.6,16.6,11.61
1004,2017-11-15 08:29:44,3,2052,1749,58.2,60.0,62.6,16.6,11.06
1005,2017-11-15 08:29:45,3,2059,1751,58.2,60.0,62.6,16.6,11.38
1006,2017-11-15 08:29:46,3,2054,1753,58.2,60.0,62.6,16.6,10.34
1007,2017-11-15 08:29:47,3,2055,1754,58.2,60.0,62.6,16.6,12.17
1008,2017-11-15 08:29:48,3,2050,1755,58.2,60.0,62.6,16.6,11.41
1009,2017-11-15 08:29:49,3,2044,1756,58.2,60.0,62.6,16.6,12.17
1010,2017-11-15 08:29:50,3,2055,1756,58.2,60.0,62.6,16.6,11.88
1011,2017-11-15 08:29:51,3,2046,1753,58.2,60.0,62.6,16.6,11.78
1012,2017-11-15 08:29:52,3,2053,1754,58.2,60.0,62.6,16.6,10.95
1013,2017-11-15 08:29:53,3,2048,1754,58.2,60.0,62.6,16.6,11.58
1014,2017-11-15 08:29:54,3,2046,1753,58.2,60.0,62.6,16.6,11.57
1015,2017-11-15 08:29:55,3,2054,1754,58.2,60.0,62.6,16.6,12.46
1016,2017-11-15 08:29:56,3,2049,1755,58.2,60.0,62.6,16.6,11.67
1017,2017-11-15 08:29:57,3,2046,1754,58.2,60.0,62.6,16.6,11.95
1018,2017-11-15 08:29:58,3,2055,1755,58.2,60.0,62.6,16.6,11.62
1019,2017-11-15 08:29:59,3,2051,1757,58.2,60.0,62.6,16.6,12.73
1020,2017-11-15 08:30:00,3,2055,1759,58.2,60.0,62.6,16.6,12.2
1021,2017-11-15 08:30:01,3,2057,1762,58.2,60.0,62.6,16.6,12.38
1022,2017-11-15 08:30:02,3,2049,1763,58.2,60.0,62.6,16.6,13.09
1023,2017-11-15 08:30:03,3,2039,1762,58.2,60.0,62.6,16.6,11.97
1024,2017-11-15 08:30:04,3,2046,1756,58.2,60.0,62.6,16.6,12.49
1025,2017-11-15 08:30:05,3,2046,1752,58.2,60.0,62.6,16.6,11.74
1026,2017-11-15 08:30:06,3,2039,1746,58.2,60.0,62.6,16.6,11.62
1027,2017-11-15 08:30:07,3,2052,1744,58.2,60.0,62.6,16.6,10.3
1028,2017-11-15 08:30:08,3,2040,1741,58.2,60.0,62.6,16.6,12.22
1029,2017-11-15 08:30:09,3,2049,1741,58.2,60.0,62.6,16.6,11.74
1030,2017-11-15 08:30:10,3,2053,1741,58.2,60.0,62.6,16.6,11.18
1031,2017-11-15 08:30:11,3,2054,1742,58.2,60.0,62.6,16.6,12.74
1032,2017-11-15 08:30:12,3,2052,1742,58.2,60.0,62.6,16.6,11.97
1033,2017-11-15 08:30:13,3,2059,1743,58.2,60.0,62.6,16.6,12.31
1034,2017-11-15 08:30:14,3,2053,1743,58.2,60.0,62.6,16.6,11.97
1035,2017-11-15 08:30:15,3,2045,1743,58.2,60.0,62.6,16.6,11.38
1036,2017-11-15 08:30:16,3,2050,1743,58.3,60.0,62.6,16.6,11.92
1037,2017-11-15 08:30:17,3,2057,1746,58.3,60.0,62.6,16.6,11.26
1038,2017-11-15 08:30:18,3,2056,1748,58.2,60.0,62.6,16.6,10.22
1039,2017-11-15 08:30:19,3,2060,1752,58.2,60.0,62.6,16.6,10.97
1040,2017-11-15 08:30:20,3,2060,1754,58.2,60.0,62.6,16.6,11.77
1041,2017-11-15 08:30:21,3,2044,1751,58.2,60.0,62.6,16.6,10.35
1042,2017-11-15 08:30:22,3,2049,1748,58.2,60.0,62.6,16.6,11.33
1043,2017-11-15 08:30:23,3,2048,1747,58.2,60.0,62.6,16.7,11.27
1044,2017-11-15 08:30:24,3,2045,1743,58.2,60.0,62.6,16.6,11.45
1045,2017-11-15 08:30:25,3,2052,1744,58.2,60.0,62.6,16.6,12.88
1046,2017-11-15 08:30:26,3,2050,1746,58.2,60.0,62.6,16.6,11.78
1047,2017-11-15 08:30:27,3,2059,1747,58.2,60.0,62.6,16.7,10.8
1048,2017-11-15 08:30:28,3,2056,1749,58.2,60.0,62.6,16.6,10.82
1049,2017-11-15 08:30:29,3,2051,1753,58.2,60.0,62.6,16.7,11.36
1050,2017-11-15 08:30:30,3,2049,1755,58.2,60.0,62.6,16.6,11.28
1051,2017-11-15 08:30:31,3,2048,1754,58.2,60.0,62.6,16.6,12.26
1052,2017-11-15 08:30:32,3,2056,1755,58.2,60.0,62.6,16.6,10.93
1053,2017-11-15 08:30:33,3,2050,1753,58.2,60.0,62.6,16.6,11.8
1054,2017-11-15 08:30:34,3,2057,1750,58.2,60.0,62.6,16.7,11.76
1055,2017-11-15 08:30:35,3,2055,1749,58.2,60.0,62.6,16.6,11.7
1056,2017-11-15 08:30:36,3,2049,1748,58.2,60.0,62.6,16.6,11.69
1057,2017-11-15 08:30:37,3,2057,1747,58.2,60.0,62.6,16.6,11.74
1058,2017-11-15 08:30:38,3,2047,1746,58.2,60.0,62.6,16.6,11.11
1059,2017-11-15 08:30:39,3,2054,1748,58.2,60.0,62.6,16.6,11.52
1060,2017-11-15 08:30:40,3,2049,1747,58.2,60.0,62.6,16.6,11.21
1061,2017-11-15 08:30:41,3,2047,1746,58.2,60.0,62.6,16.7,11.47
1062,2017-11-15 08:30:42,3,2055,1749,58.2,60.0,62.6,16.7,10.84
1063,2017-11-15 08:30:43,3,2049,1749,58.2,60.0,62.6,16.7,11.19
1064,2017-11-15 08:30:44,3,2049,1747,58.2,60.0,62.6,16.6,11.72
1065,2017-11-15 08:30:45,3,2055,1749,58.2,60.0,62.6,16.6,11.5
1066,2017-11-15 08:30:46,3,2045,1748,58.3,60.0,62.6,16.6,12.22
1067,2017-11-15 08:30:47,3,2045,1746,58.3,60.0,62.6,16.6,11.73
1068,2017-11-15 08:30:48,3,2065,1748,58.3,60.0,62.6,16.6,11.07
1069,2017-11-15 08:30:49,3,2055,1749,58.3,60.0,62.6,16.6,10.59
1070,2017-11-15 08:30:50,3,2044,1747,58.3,60.0,62.6,16.6,10.99
1071,2017-11-15 08:30:51,3,2054,1750,58.2,60.0,62.6,16.6,11.25
1072,2017-11-15 08:30:52,3,2056,1752,58.2,60.0,62.6,16.6,11.39
1073,2017-11-15 08:30:53,3,2044,1752,58.2,60.0,62.6,16.6,11.81
1074,2017-11-15 08:30:54,3,2057,1752,58.2,60.0,62.6,16.7,10.95
1075,2017-11-15 08:30:55,3,2051,1753,58.2,60.0,62.6,16.7,10.77
1076,2017-11-15 08:30:56,3,2047,1752,58.2,60.0,62.6,16.7,10.73
1077,2017-11-15 08:30:57,3,2043,1750,58.2,60.0,62.6,16.6,10.0
1078,2017-11-15 08:30:58,3,2048,1747,58.2,60.0,62.6,16.6,11.58
1079,2017-11-15 08:30:59,3,2053,1748,58.2,60.0,62.6,16.6,11.25
1080,2017-11-15 08:31:00,3,2050,1747,58.2,60.0,62.6,16.6,11.54
1081,2017-11-15 08:31:01,3,2053,1750,58.2,60.0,62.6,16.6,11.04
1082,2017-11-15 08:31:02,3,2051,1751,58.3,60.0,62.6,16.6,11.71
1083,2017-11-15 08:31:03,3,2064,1755,58.3,60.0,62.6,16.6,11.25
1084,2017-11-15 08:31:04,3,2061,1758,58.3,60.0,62.6,16.6,12.57
1085,2017-11-15 08:31:05,3,2049,1760,58.2,60.0,62.6,16.6,12.6
1086,2017-11-15 08:31:06,3,2058,1762,58.2,60.0,62.6,16.6,11.45
1087,2017-11-15 08:31:07,3,2053,1760,58.3,60.0,62.6,16.6,11.97
1088,2017-11-15 08:31:08,3,2061,1759,58.3,60.0,62.6,16.6,11.58
1089,2017-11-15 08:31:09,3,2057,1758,58.2,60.0,62.6,16.6,10.66
1090,2017-11-15 08:31:10,3,2051,1756,58.2,60.0,62.6,16.7,11.23
1091,2017-11-15 08:31:11,3,2051,1755,58.3,60.0,62.6,16.6,10.18
1092,2017-11-15 08:31:12,3,2067,1759,58.3,60.0,62.5,16.6,11.56
1093,2017-11-15 08:31:13,3,2055,1761,58.2,60.0,62.5,16.7,11.89
1094,2017-11-15 08:31:14,3,2066,1763,58.2,60.0,62.6,16.6,13.08
1095,2017-11-15 08:31:15,3,2049,1763,58.2,60.0,62.6,16.6,13.0
1096,2017-11-15 08:31:16,3,2049,1757,58.2,60.1,62.5,16.6,12.11
1097,2017-11-15 08:31:17,3,2040,1745,58.2,60.0,62.5,16.6,11.63
1098,2017-11-15 08:31:18,3,2046,1741,58.2,60.0,62.6,16.6,10.98
1099,2017-11-15 08:31:19,3,2051,1735,58.2,60.0,62.6,16.6,11.33
1100,2017-11-15 08:31:20,3,2059,1734,58.2,60.0,62.6,16.7,10.7
1101,2017-11-15 08:31:21,3,2045,1737,58.2,60.0,62.6,16.6,10.79
1102,2017-11-15 08:31:22,3,2070,1745,58.2,60.0,62.5,16.6,10.35
1103,2017-11-15 08:31:23,3,2059,1749,58.2,60.0,62.6,16.6,11.01
1104,2017-11-15 08:31:24,3,2059,1751,58.2,60.0,62.6,16.6,10.99
1105,2017-11-15 08:31:25,3,2055,1755,58.2,60.0,62.6,16.6,10.6
1106,2017-11-15 08:31:26,3,2042,1752,58.2,60.0,62.6,16.6,11.68
1107,2017-11-15 08:31:27,3,2042,1749,58.2,60.0,62.6,16.6,10.7
1108,2017-11-15 08:31:28,3,2045,1747,58.2,60.0,62.6,16.6,11.86
1109,2017-11-15 08:31:29,3,2046,1746,58.2,60.0,62.5,16.6,11.82
1110,2017-11-15 08:31:30,3,2049,1744,58.2,60.0,62.5,16.6,10.63
1111,2017-11-15 08:31:31,3,2049,1743,58.2,60.0,62.6,16.6,11.57
1112,2017-11-15 08:31:32,3,2052,1743,58.2,60.0,62.6,16.6,10.84
1113,2017-11-15 08:31:33,3,2049,1743,58.2,60.0,62.6,16.6,11.94
1114,2017-11-15 08:31:34,3,2053,1744,58.2,60.0,62.6,16.6,11.23
1115,2017-11-15 08:31:35,3,2053,1746,58.2,60.0,62.5,16.6,11.75
1116,2017-11-15 08:31:36,3,2053,1750,58.2,60.0,62.5,16.6,10.99
1117,2017-11-15 08:31:37,3,2043,1749,58.2,60.0,62.6,16.6,10.64
1118,2017-11-15 08:31:38,3,2057,1752,58.2,60.0,62.6,16.6,12.4
1119,2017-11-15 08:31:39,3,2057,1752,58.2,60.0,62.6,16.7,12.52
1120,2017-11-15 08:31:40,3,2035,1746,58.2,60.0,62.6,16.6,11.96
1121,2017-11-15 08:31:41,3,2046,1744,58.2,60.0,62.6,16.6,11.92
1122,2017-11-15 08:31:42,3,2059,1747,58.2,60.1,62.5,16.6,11.83
1123,2017-11-15 08:31:43,3,2046,1745,58.2,60.0,62.5,16.6,11.42
1124,2017-11-15 08:31:44,3,2057,1747,58.2,60.0,62.6,16.6,12.28
1125,2017-11-15 08:31:45,3,2063,1755,58.2,60.1,62.6,16.6,11.49
1126,2017-11-15 08:31:46,3,2051,1755,58.2,60.1,62.5,16.6,11.74
1127,2017-11-15 08:31:47,3,2056,1755,58.2,60.1,62.5,16.6,11.77
1128,2017-11-15 08:31:48,3,2056,1755,58.2,60.1,62.6,16.6,12.0
1129,2017-11-15 08:31:49,3,2047,1753,58.2,60.1,62.5,16.6,11.8
1130,2017-11-15 08:31:50,3,2050,1748,58.2,60.0,62.5,16.6,11.67
1131,2017-11-15 08:31:51,3,2050,1747,58.2,60.0,62.5,16.6,12.3
1132,2017-11-15 08:31:52,3,2045,1743,58.2,60.0,62.6,16.6,11.79
1133,2017-11-15 08:31:53,3,2050,1739,58.3,60.1,62.6,16.6,10.88
1134,2017-11-15 08:31:54,3,2062,1739,58.3,60.1,62.6,16.7,12.35
1135,2017-11-15 08:31:55,3,2041,1740,58.2,60.0,62.5,16.7,10.38
1136,2017-11-15 08:31:56,3,2057,1740,58.2,60.1,62.6,16.7,10.71
1137,2017-11-15 08:31:57,3,2063,1746,58.2,60.0,62.5,16.6,11.35
1138,2017-11-15 08:31:58,3,2056,1747,58.2,60.0,62.5,16.7,11.97
1139,2017-11-15 08:31:59,3,2054,1750,58.2,60.0,62.5,16.7,11.83
1140,2017-11-15 08:32:00,3,2054,1751,58.2,60.0,62.5,16.7,11.14
1141,2017-11-15 08:32:01,3,2049,1750,58.2,60.0,62.5,16.6,10.01
1142,2017-11-15 08:32:02,3,2047,1750,58.2,60.0,62.5,16.6,12.3
1143,2017-11-15 08:32:03,3,2059,1749,58.2,60.0,62.5,16.7,11.79
1144,2017-11-15 08:32:04,3,2048,1744,58.2,60.0,62.5,16.7,11.2
1145,2017-11-15 08:32:05,3,2057,1745,58.2,60.0,62.5,16.6,11.32
1146,2017-11-15 08:32:06,3,2054,1743,58.2,60.0,62.5,16.7,12.35
1147,2017-11-15 08:32:07,3,2038,1742,58.2,60.0,62.5,16.6,11.49
1148,2017-11-15 08:32:08,3,2064,1745,58.3,60.0,62.5,16.7,11.21
1149,2017-11-15 08:32:09,3,2054,1747,58.3,60.1,62.5,16.7,10.98
1150,2017-11-15 08:32:10,3,2045,1746,58.2,60.1,62.5,16.7,11.09
1151,2017-11-15 08:32:11,3,2058,1749,58.2,60.1,62.5,16.6,11.01
1152,2017-11-15 08:32:12,3,2060,1752,58.2,60.1,62.5,16.6,10.27
1153,2017-11-15 08:32:13,3,2051,1754,58.2,60.1,62.5,16.6,9.78
1154,2017-11-15 08:32:14,3,2061,1755,58.2,60.1,62.5,16.7,10.88
1155,2017-11-15 08:32:15,3,2062,1761,58.2,60.1,62.5,16.7,11.78
1156,2017-11-15 08:32:16,3,2050,1761,58.2,60.1,62.5,16.7,10.38
1157,2017-11-15 08:32:17,3,2066,1761,58.2,60.1,62.5,16.7,11.76
1158,2017-11-15 08:32:18,3,2046,1761,58.2,60.1,62.5,16.6,12.36
1159,2017-11-15 08:32:19,3,2049,1759,58.2,60.1,62.5,16.7,10.78
1160,2017-11-15 08:32:20,3,2055,1754,58.2,60.0,62.5,16.6,10.59
1161,2017-11-15 08:32:21,3,2058,1752,58.3,60.0,62.5,16.6,10.86
1162,2017-11-15 08:32:22,3,2053,1750,58.3,60.0,62.5,16.6,10.11
1163,2017-11-15 08:32:23,3,2045,1747,58.2,60.1,62.5,16.6,10.58
1164,2017-11-15 08:32:24,3,2055,1746,58.2,60.1,62.5,16.6,12.57
1165,2017-11-15 08:32:25,3,2062,1746,58.2,60.1,62.5,16.6,11.94
1166,2017-11-15 08:32:26,3,2039,1742,58.2,60.1,62.5,16.7,10.78
1167,2017-11-15 08:32:27,3,2051,1740,58.2,60.1,62.5,16.6,11.83
1168,2017-11-15 08:32:28,3,2055,1743,58.2,60.1,62.5,16.6,9.37
1169,2017-11-15 08:32:29,3,2053,1744,58.2,60.1,62.5,16.6,11.1
1170,2017-11-15 08:32:30,3,2057,1745,58.2,60.1,62.5,16.6,11.04
1171,2017-11-15 08:32:31,3,2059,1748,58.2,60.1,62.5,16.7,11.62
1172,2017-11-15 08:32:32,3,2049,1749,58.2,60.1,62.5,16.7,10.46
1173,2017-11-15 08:32:33,3,2054,1752,58.2,60.1,62.5,16.6,10.26
1174,2017-11-15 08:32:34,3,2059,1753,58.2,60.1,62.5,16.7,10.5
1175,2017-11-15 08:32:35,3,2061,1754,58.2,60.0,62.5,16.6,11.47
1176,2017-11-15 08:32:36,3,2046,1753,58.2,60.0,62.5,16.6,10.35
1177,2017-11-15 08:32:37,3,2055,1753,58.2,60.1,62.5,16.6,9.6
1178,2017-11-15 08:32:38,3,2043,1753,58.2,60.1,62.5,16.7,10.74
1179,2017-11-15 08:32:39,3,2047,1753,58.2,60.1,62.5,16.7,11.34
1180,2017-11-15 08:32:40,3,2052,1752,58.2,60.1,62.5,16.8,10.75
1181,2017-11-15 08:32:41,3,2052,1754,58.2,60.1,62.5,16.6,10.44
1182,2017-11-15 08:32:42,3,2051,1756,58.2,60.1,62.5,16.6,11.38
1183,2017-11-15 08:32:43,3,2057,1759,58.2,60.1,62.5,16.6,11.07
1184,2017-11-15 08:32:44,3,2056,1761,58.2,60.1,62.5,16.6,12.65
1185,2017-11-15 08:32:45,3,2059,1763,58.2,60.1,62.5,16.7,12.07
1186,2017-11-15 08:32:46,3,2050,1761,58.2,60.1,62.5,16.7,12.08
1187,2017-11-15 08:32:47,3,2042,1760,58.2,60.1,62.5,16.7,10.16
1188,2017-11-15 08:32:48,3,2038,1758,58.2,60.1,62.5,16.7,12.13
1189,2017-11-15 08:32:49,3,2054,1754,58.2,60.1,62.5,16.7,10.97
1190,2017-11-15 08:32:50,3,2046,1752,58.3,60.1,62.4,16.6,10.98
1191,2017-11-15 08:32:51,3,2047,1751,58.3,60.1,62.5,16.6,10.98
1192,2017-11-15 08:32:52,3,2060,1752,58.3,60.1,62.5,16.7,11.24
1193,2017-11-15 08:32:53,3,2047,1749,58.2,60.1,62.5,16.7,12.03
1194,2017-11-15 08:32:54,3,2046,1748,58.2,60.1,62.5,16.6,12.28
1195,2017-11-15 08:32:55,3,2051,1748,58.3,60.1,62.5,16.7,11.9
1196,2017-11-15 08:32:56,3,2060,1749,58.3,60.1,62.5,16.8,11.75
1197,2017-11-15 08:32:57,3,2058,1752,58.3,60.1,62.5,16.7,11.81
1198,2017-11-15 08:32:58,3,2061,1756,58.3,60.1,62.5,16.7,11.63
1199,2017-11-15 08:32:59,3,2054,1759,58.2,60.1,62.5,16.7,12.08
1200,2017-11-15 08:33:00,3,2048,1760,58.2,60.1,62.5,16.7,11.81
1201,2017-11-15 08:33:01,3,2056,1762,58.2,60.1,62.5,16.6,11.04
1202,2017-11-15 08:33:02,3,2044,1762,58.2,60.1,62.5,16.6,11.35
1203,2017-11-15 08:33:03,3,2052,1757,58.2,60.1,62.5,16.7,12.21
1204,2017-11-15 08:33:04,3,2038,1756,58.2,60.1,62.5,16.7,12.32
1205,2017-11-15 08:33:05,3,2047,1753,58.2,60.1,62.5,16.6,11.82
1206,2017-11-15 08:33:06,3,2054,1752,58.2,60.1,62.5,16.7,12.59
1207,2017-11-15 08:33:07,3,2056,1751,58.2,60.1,62.5,16.8,12.42
1208,2017-11-15 08:33:08,3,2046,1752,58.2,60.1,62.5,16.6,11.73
1209,2017-11-15 08:33:09,3,2058,1753,58.2,60.1,62.5,16.7,12.5
1210,2017-11-15 08:33:10,3,2045,1753,58.2,60.1,62.5,16.7,12.39
1211,2017-11-15 08:33:11,3,2048,1754,58.2,60.1,62.5,16.6,11.57
1212,2017-11-15 08:33:12,3,2046,1752,58.2,60.1,62.5,16.7,11.24
1213,2017-11-15 08:33:13,3,2046,1751,58.2,60.1,62.5,16.7,11.38
1214,2017-11-15 08:33:14,3,2043,1750,58.2,60.1,62.5,16.6,11.91
1215,2017-11-15 08:33:15,3,2050,1749,58.2,60.1,62.5,16.6,12.52
1216,2017-11-15 08:33:16,3,2045,1749,58.2,60.1,62.5,16.7,12.3
1217,2017-11-15 08:33:17,3,2051,1748,58.2,60.1,62.5,16.7,12.12
1218,2017-11-15 08:33:18,3,2055,1750,58.2,60.1,62.5,16.7,13.14
1219,2017-11-15 08:33:19,3,2052,1750,58.2,60.1,62.5,16.7,11.7
1220,2017-11-15 08:33:20,3,2052,1748,58.2,60.1,62.5,16.7,11.78
1221,2017-11-15 08:33:21,3,2050,1748,58.2,60.1,62.5,16.6,12.55
1222,2017-11-15 08:33:22,3,2053,1747,58.2,60.1,62.5,16.7,13.17
1223,2017-11-15 08:33:23,3,2047,1743,58.2,60.1,62.5,16.8,11.4
1224,2017-11-15 08:33:24,3,2052,1745,58.2,60.1,62.4,16.7,11.25
1225,2017-11-15 08:33:25,3,2055,1746,58.2,60.1,62.5,16.7,11.26
1226,2017-11-15 08:33:26,3,2054,1745,58.2,60.1,62.5,16.7,9.98
1227,2017-11-15 08:33:27,3,2058,1746,58.2,60.1,62.5,16.6,11.92
1228,2017-11-15 08:33:28,3,2063,1749,58.2,60.1,62.5,16.6,11.97
1229,2017-11-15 08:33:29,3,2054,1745,58.2,60.1,62.5,16.7,10.38
1230,2017-11-15 08:33:30,3,2048,1745,58.2,60.1,62.5,16.7,11.01
1231,2017-11-15 08:33:31,3,2063,1748,58.2,60.1,62.5,16.7,12.4
1232,2017-11-15 08:33:32,3,2044,1745,58.2,60.1,62.5,16.7,11.91
1233,2017-11-15 08:33:33,3,2070,1751,58.2,60.1,62.5,16.6,12.25
1234,2017-11-15 08:33:34,3,2058,1753,58.2,60.1,62.5,16.7,12.92
1235,2017-11-15 08:33:35,3,2060,1757,58.2,60.1,62.5,16.7,11.73
1236,2017-11-15 08:33:36,3,2053,1758,58.2,60.1,62.4,16.7,12.14
1237,2017-11-15 08:33:37,3,2055,1760,58.2,60.1,62.4,16.7,11.25
1238,2017-11-15 08:33:38,3,2047,1756,58.2,60.1,62.5,16.7,12.1
1239,2017-11-15 08:33:39,3,2049,1752,58.2,60.1,62.4,16.7,11.76
1240,2017-11-15 08:33:40,3,2051,1750,58.2,60.1,62.4,16.7,12.21
1241,2017-11-15 08:33:41,3,2051,1748,58.2,60.1,62.4,16.8,12.68
1242,2017-11-15 08:33:42,3,2051,1746,58.2,60.1,62.4,16.7,12.04
1243,2017-11-15 08:33:43,3,2057,1746,58.2,60.1,62.4,16.7,11.89
1244,2017-11-15 08:33:44,3,2055,1748,58.2,60.1,62.4,16.7,12.36
1245,2017-11-15 08:33:45,3,2049,1749,58.2,60.2,62.4,16.7,10.65
1246,2017-11-15 08:33:46,3,2054,1748,58.2,60.1,62.5,16.7,12.18
1247,2017-11-15 08:33:47,3,2053,1745,58.2,60.1,62.5,16.7,11.66
1248,2017-11-15 08:33:48,3,2055,1742,58.2,60.1,62.5,16.7,11.69
1249,2017-11-15 08:33:49,3,2042,1738,58.2,60.1,62.4,16.7,12.07
1250,2017-11-15 08:33:50,3,2024,1735,58.2,60.1,62.4,16.7,11.21
1251,2017-11-15 08:33:51,3,2013,1738,58.2,60.1,62.4,16.7,11.35
1252,2017-11-15 08:33:52,3,2017,1741,58.2,60.1,62.4,16.7,12.27
1253,2017-11-15 08:33:53,3,2044,1743,58.1,60.1,62.4,16.7,12.26
1254,2017-11-15 08:33:54,3,2048,1747,58.2,60.1,62.4,16.7,10.89
1255,2017-11-15 08:33:55,3,2059,1748,58.2,60.1,62.4,16.7,11.38
1256,2017-11-15 08:33:56,3,2054,1749,58.2,60.1,62.4,16.7,10.78
1257,2017-11-15 08:33:57,3,2057,1749,58.2,60.1,62.4,16.7,11.64
1258,2017-11-15 08:33:58,3,2055,1753,58.2,60.1,62.4,16.7,11.87
1259,2017-11-15 08:33:59,3,2055,1754,58.2,60.1,62.5,16.7,11.13
1260,2017-11-15 08:34:00,3,2051,1756,58.2,60.1,62.5,16.7,12.46
1261,2017-11-15 08:34:01,3,2052,1757,58.2,60.1,62.4,16.7,12.17
1262,2017-11-15 08:34:02,3,2048,1754,58.1,60.1,62.4,16.7,11.47
1263,2017-11-15 08:34:03,3,2053,1755,58.2,60.1,62.5,16.6,12.19
1264,2017-11-15 08:34:04,3,2041,1753,58.2,60.1,62.4,16.6,11.95
1265,2017-11-15 08:34:05,3,2053,1753,58.2,60.1,62.4,16.7,12.07
1266,2017-11-15 08:34:06,3,2050,1752,58.2,60.1,62.4,16.7,11.33
1267,2017-11-15 08:34:07,3,2059,1754,58.2,60.1,62.5,16.7,12.13
1268,2017-11-15 08:34:08,3,2053,1754,58.2,60.1,62.4,16.6,11.2
1269,2017-11-15 08:34:09,3,2050,1752,58.2,60.1,62.4,16.6,11.38
1270,2017-11-15 08:34:10,3,2039,1748,58.2,60.1,62.4,16.8,12.28
1271,2017-11-15 08:34:11,3,2051,1747,58.2,60.1,62.4,16.8,11.88
1272,2017-11-15 08:34:12,3,2048,1743,58.2,60.1,62.4,16.8,10.41
1273,2017-11-15 08:34:13,3,2044,1740,58.2,60.1,62.4,16.7,10.81
1274,2017-11-15 08:34:14,3,2054,1738,58.2,60.1,62.4,16.7,11.23
1275,2017-11-15 08:34:15,3,2048,1739,58.3,60.1,62.4,16.8,11.38
1276,2017-11-15 08:34:16,3,2039,1739,58.3,60.1,62.4,16.7,10.97
1277,2017-11-15 08:34:17,3,2063,1745,58.3,60.1,62.4,16.8,10.86
1278,2017-11-15 08:34:18,3,2068,1750,58.3,60.1,62.4,16.8,11.75
1279,2017-11-15 08:34:19,3,2052,1752,58.3,60.1,62.4,16.8,12.63
1280,2017-11-15 08:34:20,3,2066,1759,58.3,60.1,62.4,16.8,11.33
1281,2017-11-15 08:34:21,3,2060,1761,58.3,60.1,62.4,16.8,10.73
1282,2017-11-15 08:34:22,3,2045,1761,58.3,60.1,62.4,16.7,11.69
1283,2017-11-15 08:34:23,3,2060,1764,58.3,60.1,62.4,16.8,10.92
1284,2017-11-15 08:34:24,3,2050,1765,58.3,60.1,62.5,16.7,11.64
1285,2017-11-15 08:34:25,3,2037,1762,58.3,60.1,62.5,16.7,11.48
1286,2017-11-15 08:34:26,3,2056,1762,58.3,60.1,62.5,16.7,11.57
1287,2017-11-15 08:34:27,3,2056,1763,58.3,60.1,62.5,16.7,12.16
1288,2017-11-15 08:34:28,3,2040,1760,58.3,60.1,62.4,16.7,11.64
1289,2017-11-15 08:34:29,3,2050,1757,58.3,60.1,62.4,16.7,12.09
1290,2017-11-15 08:34:30,3,2051,1753,58.3,60.1,62.4,16.7,12.3
1291,2017-11-15 08:34:31,3,2044,1746,58.3,60.1,62.4,16.7,11.41
1292,2017-11-15 08:34:32,3,2041,1738,58.3,60.1,62.5,16.7,11.03
1293,2017-11-15 08:34:33,3,2050,1736,58.3,60.1,62.5,16.7,11.47
1294,2017-11-15 08:34:34,3,2058,1736,58.3,60.1,62.4,16.8,11.75
1295,2017-11-15 08:34:35,3,2055,1738,58.3,60.1,62.4,16.7,13.14
1296,2017-11-15 08:34:36,3,2058,1742,58.3,60.1,62.4,16.7,11.63
1297,2017-11-15 08:34:37,3,2064,1746,58.3,60.1,62.4,16.7,11.95
1298,2017-11-15 08:34:38,3,2057,1752,58.3,60.1,62.4,16.7,11.64
1299,2017-11-15 08:34:39,3,2054,1756,58.3,60.1,62.4,16.8,12.21
1300,2017-11-15 08:34:40,3,2048,1759,58.3,60.1,62.4,16.8,11.54
1301,2017-11-15 08:34:41,3,2050,1759,58.3,60.1,62.5,16.8,11.81
1302,2017-11-15 08:34:42,3,2044,1758,58.3,60.1,62.4,16.8,11.07
1303,2017-11-15 08:34:43,3,2049,1756,58.3,60.1,62.4,16.7,11.61
1304,2017-11-15 08:34:44,3,2044,1755,58.3,60.1,62.4,16.7,12.93
1305,2017-11-15 08:34:45,3,2045,1754,58.3,60.1,62.4,16.8,11.69
1306,2017-11-15 08:34:46,3,2049,1754,58.3,60.1,62.4,16.7,11.88
1307,2017-11-15 08:34:47,3,2047,1754,58.3,60.1,62.4,16.7,11.86
1308,2017-11-15 08:34:48,3,2053,1751,58.3,60.1,62.4,16.8,11.67
1309,2017-11-15 08:34:49,3,2053,1748,58.3,60.1,62.4,16.7,11.13
1310,2017-11-15 08:34:50,3,2056,1746,58.3,60.1,62.4,16.6,12.7
1311,2017-11-15 08:34:51,3,2050,1744,58.3,60.1,62.4,16.7,12.18
1312,2017-11-15 08:34:52,3,2057,1744,58.3,60.2,62.4,16.7,12.66
1313,2017-11-15 08:34:53,3,2057,1745,58.3,60.2,62.4,16.6,12.81
1314,2017-11-15 08:34:54,3,2049,1749,58.3,60.2,62.4,16.6,11.76
1315,2017-11-15 08:34:55,3,2053,1748,58.3,60.1,62.4,16.7,11.91
1316,2017-11-15 08:34:56,3,2059,1751,58.3,60.1,62.4,16.8,11.76
1317,2017-11-15 08:34:57,3,2048,1752,58.3,60.1,62.4,16.8,12.47
1318,2017-11-15 08:34:58,3,2058,1754,58.3,60.1,62.4,16.7,12.39
1319,2017-11-15 08:34:59,3,2048,1754,58.3,60.1,62.4,16.7,12.63
1320,2017-11-15 08:35:00,3,2050,1755,58.3,60.1,62.4,16.7,11.89
