,real_time,WT_Runcode,bYawCCW_RemCOM,bYawCW_RemCOM,iCableTwistTotal,iGenPower,iGenSpeed,iNacellePositionTotal,iTurbineOperationMode,iVaneDiiection,iWindSpeed,iYPLevel
0,2017-11-16 03:03:29,3,0,0,-298,277,1105,-266,20,-3.39,4.44,0
1,2017-11-16 03:03:30,3,0,0,-298,280,1105,-266,20,-4.65,4.62,0
2,2017-11-16 03:03:32,3,0,0,-298,289,1103,-266,20,0.42,4.71,0
3,2017-11-16 03:03:33,3,0,0,-298,289,1102,-266,20,-2.21,4.68,0
4,2017-11-16 03:03:34,3,0,0,-298,289,1102,-266,20,-2.21,4.68,0
5,2017-11-16 03:03:35,3,0,0,-298,278,1099,-266,20,-3.34,4.86,0
6,2017-11-16 03:03:37,3,0,0,-298,267,1105,-266,20,-3.82,5.27,0
7,2017-11-16 03:03:38,3,0,0,-298,267,1105,-266,20,-3.82,5.27,0
8,2017-11-16 03:03:39,3,0,0,-298,275,1096,-266,20,-7.42,5.03,0
9,2017-11-16 03:03:40,3,0,0,-298,258,1098,-266,20,-7.07,4.89,0
10,2017-11-16 03:03:41,3,0,0,-298,253,1096,-266,20,-6.9,4.93,0
11,2017-11-16 03:03:42,3,0,0,-298,253,1096,-266,20,-6.9,4.93,0
12,2017-11-16 03:03:43,3,0,0,-298,253,1095,-266,20,-7.33,4.72,0
13,2017-11-16 03:03:44,3,0,0,-298,252,1096,-266,20,-6.73,4.66,0
14,2017-11-16 03:03:45,3,0,0,-298,252,1096,-266,20,-6.73,4.66,0
15,2017-11-16 03:03:46,3,0,0,-298,242,1096,-266,20,-10.96,4.57,0
16,2017-11-16 03:03:47,3,0,0,-298,245,1098,-266,20,-10.16,4.71,0
17,2017-11-16 03:03:48,3,0,0,-298,237,1098,-266,20,-9.19,4.3,0
18,2017-11-16 03:03:49,3,0,0,-298,237,1098,-266,20,-9.19,4.3,0
19,2017-11-16 03:03:50,3,0,0,-298,246,1098,-266,20,-1.44,4.48,0
20,2017-11-16 03:03:51,3,0,0,-298,236,1098,-266,20,2.81,4.8,0
21,2017-11-16 03:03:52,3,0,0,-298,238,1098,-266,20,-4.33,4.64,0
22,2017-11-16 03:03:53,3,0,0,-298,238,1098,-266,20,-4.33,4.64,0
23,2017-11-16 03:03:54,3,0,0,-298,244,1102,-266,20,-2.49,4.44,0
24,2017-11-16 03:03:56,3,0,0,-298,243,1102,-266,20,-0.35,4.31,0
25,2017-11-16 03:03:57,3,0,0,-298,243,1102,-266,20,-0.35,4.31,0
26,2017-11-16 03:03:58,3,0,0,-298,246,1102,-266,20,-3.79,4.28,0
27,2017-11-16 03:04:00,3,0,0,-298,250,1102,-266,20,-3.31,4.26,0
28,2017-11-16 03:04:01,3,0,0,-298,253,1102,-266,20,3.43,4.45,0
29,2017-11-16 03:04:02,3,0,0,-298,246,1102,-266,20,-3.96,4.52,0
30,2017-11-16 03:04:03,3,0,0,-298,259,1103,-266,20,1.64,4.84,0
31,2017-11-16 03:04:04,3,0,0,-298,259,1103,-266,20,1.64,4.84,0
32,2017-11-16 03:04:05,3,0,0,-298,259,1102,-266,20,-2.65,4.38,0
33,2017-11-16 03:04:06,3,0,0,-298,251,1102,-266,20,2.38,4.45,0
34,2017-11-16 03:04:07,3,0,0,-298,262,1100,-266,20,-6.84,4.24,0
35,2017-11-16 03:04:09,3,0,0,-298,251,1099,-266,20,-1.2,4.3,0
36,2017-11-16 03:04:10,3,0,0,-298,256,1100,-266,20,-2.53,4.01,0
37,2017-11-16 03:04:11,3,0,0,-298,256,1100,-266,20,-2.53,4.01,0
38,2017-11-16 03:04:12,3,0,0,-298,253,1100,-266,20,-5.72,3.98,0
39,2017-11-16 03:04:13,3,0,0,-298,256,1102,-266,20,-4.41,3.81,0
40,2017-11-16 03:04:14,3,0,0,-298,258,1102,-266,20,-9.12,3.96,0
41,2017-11-16 03:04:15,3,0,0,-298,258,1102,-266,20,-9.12,3.96,0
42,2017-11-16 03:04:16,3,0,0,-298,256,1102,-266,20,-6.49,4.31,0
43,2017-11-16 03:04:17,3,0,0,-298,266,1102,-266,20,-2.26,4.21,0
44,2017-11-16 03:04:18,3,0,0,-298,262,1100,-266,20,-4.98,4.33,0
45,2017-11-16 03:04:19,3,0,0,-298,262,1100,-266,20,-4.98,4.33,0
46,2017-11-16 03:04:20,3,0,0,-298,263,1102,-266,20,-4.52,4.64,0
47,2017-11-16 03:04:21,3,0,0,-298,275,1102,-266,20,-8.83,4.74,0
48,2017-11-16 03:04:23,3,0,0,-298,276,1102,-266,20,-7.43,4.35,0
49,2017-11-16 03:04:24,3,0,0,-298,274,1102,-266,20,-9.09,4.21,0
50,2017-11-16 03:04:25,3,0,0,-298,272,1103,-266,20,-10.48,4.47,0
51,2017-11-16 03:04:26,3,0,0,-298,272,1103,-266,20,-10.48,4.47,0
52,2017-11-16 03:04:27,3,0,0,-298,270,1105,-266,20,-9.63,4.45,0
53,2017-11-16 03:04:28,3,0,0,-298,275,1102,-266,20,-10.06,4.41,0
54,2017-11-16 03:04:29,3,0,0,-298,287,1103,-266,20,-7.0,4.41,0
55,2017-11-16 03:04:30,3,0,0,-298,287,1103,-266,20,-7.0,4.41,0
56,2017-11-16 03:04:31,3,0,0,-298,284,1103,-266,20,-8.09,4.21,0
57,2017-11-16 03:04:32,3,0,0,-298,283,1103,-266,20,-6.9,4.2,0
58,2017-11-16 03:04:33,3,0,0,-298,283,1103,-266,20,-6.9,4.2,0
59,2017-11-16 03:04:34,3,0,0,-298,291,1105,-266,20,-7.23,4.29,0
60,2017-11-16 03:04:35,3,0,0,-298,290,1102,-266,20,-2.91,4.49,0
61,2017-11-16 03:04:36,3,0,0,-298,291,1103,-266,20,-2.8,4.48,0
62,2017-11-16 03:04:37,3,0,0,-298,291,1103,-266,20,-2.8,4.48,0
63,2017-11-16 03:04:38,3,0,0,-298,290,1100,-266,20,-3.59,4.24,0
64,2017-11-16 03:04:39,3,0,0,-298,292,1099,-266,20,-4.01,4.26,0
65,2017-11-16 03:04:40,3,0,0,-298,279,1099,-266,20,-1.2,4.16,0
66,2017-11-16 03:04:41,3,0,0,-298,279,1099,-266,20,-1.2,4.16,0
67,2017-11-16 03:04:43,3,0,0,-298,284,1098,-266,20,-8.12,4.71,0
68,2017-11-16 03:04:44,3,0,0,-298,284,1098,-266,20,-8.12,4.71,0
69,2017-11-16 03:04:45,3,0,0,-298,280,1098,-266,20,-4.81,4.66,0
70,2017-11-16 03:04:46,3,0,0,-298,280,1098,-266,20,-8.74,4.52,0
71,2017-11-16 03:04:48,3,0,0,-298,277,1099,-266,20,-4.59,4.63,0
72,2017-11-16 03:04:49,3,0,0,-298,272,1099,-266,20,0.35,5.09,0
73,2017-11-16 03:04:50,3,0,0,-298,283,1102,-266,20,-11.42,4.83,0
74,2017-11-16 03:04:51,3,0,0,-298,282,1100,-266,20,-14.22,5.31,0
75,2017-11-16 03:04:53,3,0,0,-298,266,1100,-266,20,-10.81,5.13,0
76,2017-11-16 03:04:54,3,0,0,-298,271,1100,-266,20,-13.55,5.14,0
77,2017-11-16 03:04:55,3,0,0,-298,271,1100,-266,20,-13.55,5.14,0
78,2017-11-16 03:04:57,3,0,0,-298,283,1100,-266,20,-11.04,4.82,0
79,2017-11-16 03:04:58,3,0,0,-298,284,1099,-266,20,-4.79,4.57,0
80,2017-11-16 03:04:59,3,0,0,-298,284,1099,-266,20,-4.79,4.57,0
81,2017-11-16 03:05:00,3,0,0,-298,279,1100,-266,20,-0.05,4.26,0
82,2017-11-16 03:05:02,3,0,0,-298,279,1100,-266,20,1.81,4.21,0
83,2017-11-16 03:05:03,3,0,0,-298,279,1100,-266,20,1.81,4.21,0
84,2017-11-16 03:05:04,3,0,0,-298,281,1100,-266,20,1.36,4.3,0
85,2017-11-16 03:05:05,3,0,0,-298,283,1098,-266,20,-0.13,4.29,0
86,2017-11-16 03:05:07,3,0,0,-298,282,1099,-266,20,-2.16,4.13,0
87,2017-11-16 03:05:08,3,0,0,-298,276,1099,-266,20,-3.15,4.25,0
88,2017-11-16 03:05:09,3,0,0,-298,274,1098,-266,20,-5.21,4.05,0
89,2017-11-16 03:05:10,3,0,0,-298,274,1098,-266,20,-5.21,4.05,0
90,2017-11-16 03:05:11,3,0,0,-298,272,1099,-266,20,0.72,4.44,0
91,2017-11-16 03:05:12,3,0,0,-298,269,1098,-266,20,-9.7,4.51,0
92,2017-11-16 03:05:13,3,0,0,-298,270,1099,-266,20,-9.34,4.5,0
93,2017-11-16 03:05:14,3,0,0,-298,270,1099,-266,20,-9.34,4.5,0
94,2017-11-16 03:05:15,3,0,0,-298,267,1096,-266,20,-13.61,4.25,0
95,2017-11-16 03:05:16,3,0,0,-298,260,1098,-266,20,-13.78,4.02,0
96,2017-11-16 03:05:17,3,0,0,-298,260,1098,-266,20,-13.78,4.02,0
97,2017-11-16 03:05:18,3,0,0,-298,266,1098,-266,20,-10.38,3.99,0
98,2017-11-16 03:05:19,3,0,0,-298,262,1098,-266,20,-10.16,3.92,0
99,2017-11-16 03:05:20,3,0,0,-298,263,1100,-266,20,-1.88,3.78,0
100,2017-11-16 03:05:21,3,0,0,-298,263,1100,-266,20,-1.88,3.78,0
101,2017-11-16 03:05:22,3,0,0,-298,262,1099,-266,20,-7.1,3.82,0
102,2017-11-16 03:05:23,3,0,0,-298,257,1100,-266,20,-3.49,4.11,0
103,2017-11-16 03:05:25,3,0,0,-298,264,1102,-266,20,-1.88,4.21,0
104,2017-11-16 03:05:26,3,0,0,-298,275,1102,-266,20,-2.89,4.12,0
105,2017-11-16 03:05:27,3,0,0,-298,280,1103,-266,20,-1.29,4.03,0
106,2017-11-16 03:05:28,3,0,0,-298,276,1103,-266,20,-4.76,4.25,0
107,2017-11-16 03:05:29,3,0,0,-298,276,1103,-266,20,-4.76,4.25,0
108,2017-11-16 03:05:30,3,0,0,-298,283,1103,-266,20,-0.73,4.5,0
109,2017-11-16 03:05:31,3,0,0,-298,285,1103,-266,20,-6.12,4.76,0
110,2017-11-16 03:05:32,3,0,0,-298,285,1103,-266,20,-6.12,4.76,0
111,2017-11-16 03:05:34,3,0,0,-298,282,1103,-266,20,-15.64,4.39,0
112,2017-11-16 03:05:35,3,0,0,-298,277,1100,-266,20,-11.75,4.42,0
113,2017-11-16 03:05:36,3,0,0,-298,277,1100,-266,20,-11.75,4.42,0
114,2017-11-16 03:05:37,3,0,0,-298,280,1100,-266,20,-4.05,4.48,0
115,2017-11-16 03:05:38,3,0,0,-298,289,1099,-266,20,-5.08,4.26,0
116,2017-11-16 03:05:39,3,0,0,-298,289,1099,-266,20,-5.08,4.26,0
117,2017-11-16 03:05:40,3,0,0,-298,285,1099,-266,20,-4.79,4.44,0
118,2017-11-16 03:05:41,3,0,0,-298,282,1100,-266,20,-2.07,4.29,0
119,2017-11-16 03:05:42,3,0,0,-298,274,1098,-266,20,-4.21,4.3,0
120,2017-11-16 03:05:43,3,0,0,-298,274,1098,-266,20,-4.21,4.3,0
121,2017-11-16 03:05:44,3,0,0,-298,271,1098,-266,20,-3.95,4.16,0
122,2017-11-16 03:05:45,3,0,0,-298,277,1099,-266,20,-3.7,4.36,0
123,2017-11-16 03:05:46,3,0,0,-298,276,1100,-266,20,-3.49,4.49,0
124,2017-11-16 03:05:48,3,0,0,-298,277,1099,-266,20,-6.29,4.48,0
125,2017-11-16 03:05:49,3,0,0,-298,276,1099,-266,20,-1.59,4.44,0
126,2017-11-16 03:05:50,3,0,0,-298,272,1099,-266,20,-3.56,4.43,0
127,2017-11-16 03:05:52,3,0,0,-298,272,1099,-266,20,-3.5,4.42,0
128,2017-11-16 03:05:53,3,0,0,-298,281,1100,-266,20,1.12,4.57,0
129,2017-11-16 03:05:54,3,0,0,-298,281,1100,-266,20,1.12,4.57,0
130,2017-11-16 03:05:55,3,0,0,-298,271,1100,-266,20,-4.28,4.24,0
131,2017-11-16 03:05:56,3,0,0,-298,277,1100,-266,20,-4.17,4.29,0
132,2017-11-16 03:05:57,3,0,0,-298,273,1100,-266,20,-9.77,4.1,0
133,2017-11-16 03:05:58,3,0,0,-298,273,1100,-266,20,-9.77,4.1,0
134,2017-11-16 03:05:59,3,0,0,-298,276,1098,-266,20,-8.08,4.26,0
135,2017-11-16 03:06:00,3,0,0,-298,285,1100,-266,20,-1.6,4.61,0
136,2017-11-16 03:06:01,3,0,0,-298,273,1098,-266,20,-4.52,4.7,0
137,2017-11-16 03:06:02,3,0,0,-298,273,1098,-266,20,-4.52,4.7,0
138,2017-11-16 03:06:03,3,0,0,-298,269,1099,-266,20,-1.09,4.47,0
139,2017-11-16 03:06:04,3,0,0,-298,264,1099,-266,20,-4.24,4.3,0
140,2017-11-16 03:06:05,3,0,0,-298,273,1098,-266,20,-3.24,4.39,0
141,2017-11-16 03:06:06,3,0,0,-298,273,1098,-266,20,-3.24,4.39,0
142,2017-11-16 03:06:07,3,0,0,-298,273,1099,-266,20,-1.44,4.57,0
143,2017-11-16 03:06:08,3,0,0,-298,260,1098,-266,20,-1.57,4.51,0
144,2017-11-16 03:06:09,3,0,0,-298,260,1098,-266,20,-1.57,4.51,0
145,2017-11-16 03:06:10,3,0,0,-298,266,1099,-266,20,-3.97,4.21,0
146,2017-11-16 03:06:11,3,0,0,-298,272,1100,-266,20,-5.65,4.24,0
147,2017-11-16 03:06:12,3,0,0,-298,259,1102,-266,20,-5.65,4.71,0
148,2017-11-16 03:06:13,3,0,0,-298,259,1102,-266,20,-5.65,4.71,0
149,2017-11-16 03:06:14,3,0,0,-298,270,1103,-266,20,-3.13,4.39,0
150,2017-11-16 03:06:16,3,0,0,-298,263,1103,-266,20,-3.09,4.3,0
151,2017-11-16 03:06:17,3,0,0,-298,263,1103,-266,20,-3.09,4.3,0
152,2017-11-16 03:06:18,3,0,0,-298,282,1098,-266,20,-1.69,4.21,0
153,2017-11-16 03:06:19,3,0,0,-298,282,1102,-266,20,-0.74,4.29,0
154,2017-11-16 03:06:21,3,0,0,-298,287,1103,-266,20,-3.86,4.48,0
155,2017-11-16 03:06:22,3,0,0,-298,290,1102,-266,20,-3.23,4.5,0
156,2017-11-16 03:06:23,3,0,0,-298,287,1103,-266,20,-8.38,4.7,0
157,2017-11-16 03:06:24,3,0,0,-298,287,1103,-266,20,-8.38,4.7,0
158,2017-11-16 03:06:25,3,0,0,-298,292,1102,-266,20,-8.43,4.82,0
159,2017-11-16 03:06:26,3,0,0,-298,287,1103,-266,20,-10.93,4.53,0
160,2017-11-16 03:06:27,3,0,0,-298,287,1103,-266,20,-10.93,4.53,0
161,2017-11-16 03:06:28,3,0,0,-298,297,1103,-266,20,-9.67,4.67,0
162,2017-11-16 03:06:29,3,0,0,-298,297,1100,-266,20,-8.83,4.43,0
163,2017-11-16 03:06:30,3,0,0,-298,298,1102,-266,20,-11.19,4.65,0
164,2017-11-16 03:06:31,3,0,0,-298,298,1102,-266,20,-11.19,4.65,0
165,2017-11-16 03:06:32,3,0,0,-298,292,1100,-266,20,-7.43,5.23,0
166,2017-11-16 03:06:33,3,0,0,-298,289,1102,-266,20,-6.33,5.29,0
167,2017-11-16 03:06:34,3,0,0,-298,283,1100,-266,20,-7.67,5.12,0
168,2017-11-16 03:06:35,3,0,0,-298,283,1100,-266,20,-7.67,5.12,0
169,2017-11-16 03:06:36,3,0,0,-298,290,1099,-266,20,-7.54,5.36,0
170,2017-11-16 03:06:37,3,0,0,-298,289,1099,-266,20,-8.83,5.26,0
171,2017-11-16 03:06:38,3,0,0,-298,286,1099,-266,20,-4.54,5.36,0
172,2017-11-16 03:06:39,3,0,0,-298,286,1099,-266,20,-4.54,5.36,0
173,2017-11-16 03:06:40,3,0,0,-298,287,1100,-266,20,-10.55,5.0,0
174,2017-11-16 03:06:41,3,0,0,-298,280,1098,-266,20,-4.27,4.85,0
175,2017-11-16 03:06:42,3,0,0,-298,280,1098,-266,20,-4.27,4.85,0
176,2017-11-16 03:06:44,3,0,0,-298,280,1099,-266,20,-5.35,5.09,0
177,2017-11-16 03:06:45,3,0,0,-298,279,1099,-266,20,-8.13,4.86,0
178,2017-11-16 03:06:46,3,0,0,-298,279,1099,-266,20,-8.13,4.86,0
179,2017-11-16 03:06:47,3,0,0,-298,280,1099,-266,20,-11.15,4.74,0
180,2017-11-16 03:06:48,3,0,0,-298,273,1098,-266,20,-6.18,4.91,0
181,2017-11-16 03:06:49,3,0,0,-298,273,1098,-266,20,-6.18,4.91,0
182,2017-11-16 03:06:50,3,0,0,-298,275,1099,-266,20,-4.49,4.88,0
183,2017-11-16 03:06:51,3,0,0,-298,271,1099,-266,20,-4.94,4.92,0
184,2017-11-16 03:06:52,3,0,0,-298,272,1098,-266,20,-15.11,4.59,0
185,2017-11-16 03:06:53,3,0,0,-298,272,1098,-266,20,-15.11,4.59,0
186,2017-11-16 03:06:54,3,0,0,-298,275,1094,-266,20,-13.51,4.69,0
187,2017-11-16 03:06:55,3,0,0,-298,268,1098,-266,20,-9.89,4.71,0
188,2017-11-16 03:06:56,3,0,0,-298,265,1099,-266,20,-7.8,4.68,0
189,2017-11-16 03:06:58,3,0,0,-298,272,1098,-266,20,-4.97,4.97,0
190,2017-11-16 03:06:59,3,0,0,-298,262,1098,-266,20,-6.08,4.98,0
191,2017-11-16 03:07:00,3,0,0,-298,262,1098,-266,20,-6.08,4.98,0
192,2017-11-16 03:07:01,3,0,0,-298,264,1096,-266,20,-4.77,5.09,0
193,2017-11-16 03:07:02,3,0,0,-298,260,1098,-266,20,-5.51,5.15,0
194,2017-11-16 03:07:03,3,0,0,-298,252,1098,-266,20,-8.82,5.09,0
195,2017-11-16 03:07:04,3,0,0,-298,252,1098,-266,20,-8.82,5.09,0
196,2017-11-16 03:07:05,3,0,0,-298,253,1099,-266,20,-5.42,4.85,0
197,2017-11-16 03:07:06,3,0,0,-298,262,1099,-266,20,-9.42,4.68,0
198,2017-11-16 03:07:07,3,0,0,-298,258,1094,-266,20,-8.02,4.6,0
199,2017-11-16 03:07:08,3,0,0,-298,258,1094,-266,20,-8.02,4.6,0
200,2017-11-16 03:07:09,3,0,0,-298,259,1099,-266,20,-5.02,4.9,0
201,2017-11-16 03:07:10,3,0,0,-298,259,1099,-266,20,-7.42,4.71,0
202,2017-11-16 03:07:11,3,0,0,-298,255,1099,-266,20,-7.88,4.75,0
203,2017-11-16 03:07:12,3,0,0,-298,255,1099,-266,20,-7.88,4.75,0
204,2017-11-16 03:07:13,3,0,0,-298,257,1099,-266,20,-10.0,4.65,0
205,2017-11-16 03:07:14,3,0,0,-298,251,1099,-266,20,-10.07,4.57,0
206,2017-11-16 03:07:15,3,0,0,-298,251,1099,-266,20,-10.07,4.57,0
207,2017-11-16 03:07:17,3,0,0,-298,259,1100,-266,20,-12.2,4.34,0
208,2017-11-16 03:07:18,3,0,0,-298,249,1098,-266,20,-6.53,4.24,0
209,2017-11-16 03:07:19,3,0,0,-298,249,1098,-266,20,-6.53,4.24,0
210,2017-11-16 03:07:20,3,0,0,-298,245,1099,-266,20,-2.97,4.38,0
211,2017-11-16 03:07:21,3,0,0,-298,246,1098,-266,20,-12.1,4.42,0
212,2017-11-16 03:07:22,3,0,0,-298,249,1099,-266,20,-11.21,4.45,0
213,2017-11-16 03:07:23,3,0,0,-298,249,1099,-266,20,-11.21,4.45,0
214,2017-11-16 03:07:24,3,0,0,-298,239,1098,-266,20,-9.45,4.34,0
215,2017-11-16 03:07:25,3,0,0,-298,240,1096,-266,20,-4.65,4.21,0
216,2017-11-16 03:07:26,3,0,0,-298,240,1096,-266,20,-4.65,4.21,0
217,2017-11-16 03:07:27,3,0,0,-298,229,1099,-266,20,-3.52,4.6,0
218,2017-11-16 03:07:28,3,0,0,-298,229,1091,-266,20,-3.13,4.38,0
219,2017-11-16 03:07:29,3,0,0,-298,220,1096,-266,20,-2.62,4.03,0
220,2017-11-16 03:07:30,3,0,0,-298,220,1096,-266,20,-2.62,4.03,0
221,2017-11-16 03:07:31,3,0,0,-298,230,1096,-266,20,-1.37,3.82,0
222,2017-11-16 03:07:32,3,0,0,-298,225,1098,-266,20,-3.88,4.39,0
223,2017-11-16 03:07:33,3,0,0,-298,218,1098,-266,20,1.45,4.63,0
224,2017-11-16 03:07:34,3,0,0,-298,218,1098,-266,20,1.45,4.63,0
225,2017-11-16 03:07:36,3,0,0,-298,211,1098,-266,20,-2.17,4.16,0
226,2017-11-16 03:07:37,3,0,0,-298,211,1098,-266,20,-2.17,4.16,0
227,2017-11-16 03:07:38,3,0,0,-298,214,1098,-266,20,-9.97,4.11,0
228,2017-11-16 03:07:39,3,0,0,-298,219,1096,-266,20,-12.17,3.91,0
229,2017-11-16 03:07:40,3,0,0,-298,205,1099,-266,20,-8.84,3.87,0
230,2017-11-16 03:07:41,3,0,0,-298,205,1099,-266,20,-8.84,3.87,0
231,2017-11-16 03:07:42,3,0,0,-298,205,1103,-266,20,-3.77,3.91,0
232,2017-11-16 03:07:43,3,0,0,-298,205,1098,-266,20,-3.82,4.05,0
233,2017-11-16 03:07:44,3,0,0,-298,208,1098,-266,20,-8.65,3.93,0
234,2017-11-16 03:07:46,3,0,0,-298,208,1098,-266,20,-11.87,3.82,0
235,2017-11-16 03:07:47,3,0,0,-298,198,1099,-266,20,-8.47,3.93,0
236,2017-11-16 03:07:48,3,0,0,-298,198,1099,-266,20,-8.47,3.93,0
237,2017-11-16 03:07:49,3,0,0,-298,198,1098,-266,20,-11.32,3.93,0
238,2017-11-16 03:07:51,3,0,0,-298,193,1099,-266,20,-9.8,4.07,0
239,2017-11-16 03:07:52,3,0,0,-298,193,1099,-266,20,-9.8,4.07,0
240,2017-11-16 03:07:53,3,0,0,-298,202,1100,-266,20,-12.86,4.11,0
241,2017-11-16 03:07:55,3,0,0,-298,203,1100,-266,20,-11.18,4.21,0
242,2017-11-16 03:07:56,3,0,0,-298,200,1099,-266,20,-4.82,3.96,0
243,2017-11-16 03:07:57,3,0,0,-298,200,1102,-266,20,-7.65,4.02,0
244,2017-11-16 03:07:58,3,0,0,-298,203,1100,-266,20,-8.44,4.01,0
245,2017-11-16 03:07:59,3,0,0,-298,203,1100,-266,20,-8.44,4.01,0
246,2017-11-16 03:08:00,3,0,0,-299,207,1100,-267,20,-9.61,4.0,0
247,2017-11-16 03:08:01,3,0,0,-299,204,1100,-267,20,-5.12,3.93,0
248,2017-11-16 03:08:02,3,0,0,-299,206,1100,-267,20,-6.31,4.09,0
249,2017-11-16 03:08:03,3,0,0,-299,206,1100,-267,20,-6.31,4.09,0
250,2017-11-16 03:08:04,3,0,0,-300,212,1102,-268,20,-5.91,4.26,0
251,2017-11-16 03:08:05,3,0,0,-300,207,1102,-268,20,-7.36,4.11,0
252,2017-11-16 03:08:06,3,0,0,-300,207,1102,-268,20,-7.36,4.11,0
253,2017-11-16 03:08:07,3,0,0,-301,208,1100,-269,20,-2.79,4.02,0
254,2017-11-16 03:08:09,3,0,0,-301,199,1105,-269,20,-4.81,3.82,0
255,2017-11-16 03:08:10,3,0,0,-301,199,1105,-269,20,-4.81,3.82,0
256,2017-11-16 03:08:11,3,0,0,-302,202,1098,-270,20,-2.79,4.1,0
257,2017-11-16 03:08:12,3,0,0,-302,198,1098,-270,20,-3.31,4.03,0
258,2017-11-16 03:08:13,3,0,0,-303,193,1099,-271,20,-12.12,3.71,0
259,2017-11-16 03:08:14,3,0,0,-303,193,1099,-271,20,-12.12,3.71,0
260,2017-11-16 03:08:15,3,0,0,-303,196,1098,-271,20,-10.92,3.81,0
261,2017-11-16 03:08:16,3,0,0,-304,193,1099,-272,20,-11.52,3.82,0
262,2017-11-16 03:08:18,3,0,0,-304,193,1098,-272,20,-0.96,3.97,0
263,2017-11-16 03:08:19,3,0,0,-304,193,1099,-272,20,-3.81,3.77,0
264,2017-11-16 03:08:20,3,0,0,-304,196,1100,-272,20,-1.01,3.73,0
265,2017-11-16 03:08:21,3,0,0,-304,196,1100,-272,20,-1.01,3.73,0
266,2017-11-16 03:08:23,3,0,0,-304,189,1100,-272,20,-4.01,3.76,0
267,2017-11-16 03:08:24,3,0,0,-304,186,1100,-272,20,-5.81,3.91,0
268,2017-11-16 03:08:25,3,0,0,-304,186,1100,-272,20,-5.81,3.91,0
269,2017-11-16 03:08:26,3,0,0,-304,189,1102,-272,20,-8.21,3.96,0
270,2017-11-16 03:08:27,3,0,0,-304,199,1103,-272,20,1.68,3.78,0
271,2017-11-16 03:08:28,3,0,0,-304,194,1103,-272,20,0.08,4.29,0
272,2017-11-16 03:08:29,3,0,0,-304,194,1103,-272,20,0.08,4.29,0
273,2017-11-16 03:08:30,3,0,0,-609,206,1103,-577,20,-1.53,4.35,0
274,2017-11-16 03:08:32,3,0,0,-304,215,1102,-272,20,1.19,4.16,0
275,2017-11-16 03:08:33,3,0,0,-304,215,1102,-272,20,1.19,4.16,0
276,2017-11-16 03:08:34,3,0,0,-304,209,1103,-272,20,4.12,4.25,0
277,2017-11-16 03:08:35,3,0,0,-304,222,1102,-272,20,0.69,3.99,0
278,2017-11-16 03:08:37,3,0,0,-304,221,1105,-272,20,3.29,3.78,0
279,2017-11-16 03:08:38,3,0,0,-304,221,1102,-272,20,-4.2,3.62,0
280,2017-11-16 03:08:39,3,0,0,-304,226,1103,-272,20,2.15,3.52,0
281,2017-11-16 03:08:40,3,0,0,-304,226,1103,-272,20,2.15,3.52,0
282,2017-11-16 03:08:41,3,0,0,-304,224,1107,-272,20,0.14,3.51,0
283,2017-11-16 03:08:42,3,0,0,-304,225,1100,-272,20,-1.9,3.48,0
284,2017-11-16 03:08:43,3,0,0,-304,232,1099,-272,20,-3.25,3.73,0
285,2017-11-16 03:08:44,3,0,0,-304,232,1099,-272,20,-3.25,3.73,0
286,2017-11-16 03:08:46,3,0,0,-304,225,1102,-272,20,2.1,3.92,0
287,2017-11-16 03:08:47,3,0,0,-304,225,1102,-272,20,2.1,3.92,0
288,2017-11-16 03:08:48,3,0,0,-304,223,1106,-272,20,0.79,3.87,0
289,2017-11-16 03:08:50,3,0,0,-304,228,1100,-272,20,-2.01,4.25,0
290,2017-11-16 03:08:51,3,0,0,-304,228,1100,-272,20,-2.01,4.25,0
291,2017-11-16 03:08:52,3,0,0,-304,228,1102,-272,20,-5.13,4.29,0
292,2017-11-16 03:08:53,3,0,0,-304,233,1102,-272,20,0.78,4.71,0
293,2017-11-16 03:08:55,3,0,0,-304,236,1102,-272,20,3.8,5.13,0
294,2017-11-16 03:08:56,3,0,0,-304,231,1095,-272,20,-0.43,4.95,0
295,2017-11-16 03:08:57,3,0,0,-304,240,1100,-272,20,-2.43,4.45,0
296,2017-11-16 03:08:58,3,0,0,-304,240,1100,-272,20,-2.43,4.45,0
297,2017-11-16 03:09:00,3,0,0,-304,244,1099,-272,20,-6.07,4.95,0
298,2017-11-16 03:09:01,3,0,0,-304,232,1099,-272,20,-6.23,5.01,0
299,2017-11-16 03:09:02,3,0,0,-304,232,1099,-272,20,-6.23,5.01,0
300,2017-11-16 03:09:04,3,0,0,-304,229,1100,-272,20,-1.88,4.75,0
301,2017-11-16 03:09:05,3,0,0,-304,228,1099,-272,20,-1.47,4.48,0
302,2017-11-16 03:09:06,3,0,0,-304,228,1099,-272,20,-1.47,4.48,0
303,2017-11-16 03:09:07,3,0,0,-304,228,1100,-272,20,0.42,4.57,0
304,2017-11-16 03:09:08,3,0,0,-304,223,1099,-272,20,-4.73,4.79,0
305,2017-11-16 03:09:09,3,0,0,-304,223,1099,-272,20,-4.73,4.79,0
306,2017-11-16 03:09:10,3,0,0,-304,228,1100,-272,20,-7.53,4.26,0
307,2017-11-16 03:09:11,3,0,0,-304,232,1100,-272,20,-10.71,4.14,0
308,2017-11-16 03:09:13,3,0,0,-304,237,1100,-272,20,-6.68,4.49,0
309,2017-11-16 03:09:14,3,0,0,-304,225,1099,-272,20,-10.39,4.18,0
310,2017-11-16 03:09:15,3,0,0,-304,224,1098,-272,20,-1.63,4.33,0
311,2017-11-16 03:09:16,3,0,0,-304,224,1098,-272,20,-1.63,4.33,0
312,2017-11-16 03:09:18,3,0,0,-304,226,1098,-272,20,-1.24,4.3,0
313,2017-11-16 03:09:19,3,0,0,-304,221,1096,-272,20,-2.4,4.15,0
314,2017-11-16 03:09:20,3,0,0,-304,221,1096,-272,20,-2.4,4.15,0
315,2017-11-16 03:09:21,3,0,0,-304,208,1098,-272,20,-5.75,4.16,0
316,2017-11-16 03:09:22,3,0,0,-304,209,1095,-272,20,-4.33,4.17,0
317,2017-11-16 03:09:23,3,0,0,-304,201,1098,-272,20,-0.98,4.15,0
318,2017-11-16 03:09:24,3,0,0,-304,201,1098,-272,20,-0.98,4.15,0
319,2017-11-16 03:09:25,3,0,0,-304,195,1095,-272,20,-3.41,4.2,0
320,2017-11-16 03:09:27,3,0,0,-304,200,1096,-272,20,6.19,4.68,0
321,2017-11-16 03:09:28,3,0,0,-304,187,1096,-272,20,3.62,4.95,0
322,2017-11-16 03:09:29,3,0,0,-304,194,1098,-272,20,-2.58,4.54,0
323,2017-11-16 03:09:30,3,0,0,-304,198,1099,-272,20,-0.88,4.44,0
324,2017-11-16 03:09:32,3,0,0,-304,194,1099,-272,20,2.94,4.44,0
325,2017-11-16 03:09:33,3,0,0,-304,204,1100,-272,20,4.74,4.46,0
326,2017-11-16 03:09:34,3,0,0,-304,196,1100,-272,20,-1.26,4.26,0
327,2017-11-16 03:09:36,3,0,0,-304,207,1102,-272,20,2.14,4.25,0
328,2017-11-16 03:09:37,3,0,0,-304,210,1103,-272,20,-1.94,4.15,0
329,2017-11-16 03:09:38,3,0,0,-304,217,1100,-272,20,1.81,4.1,0
330,2017-11-16 03:09:39,3,0,0,-304,217,1100,-272,20,1.81,4.1,0
331,2017-11-16 03:09:40,3,0,0,-304,213,1105,-272,20,4.05,4.34,0
332,2017-11-16 03:09:41,3,0,0,-304,205,1102,-272,20,4.22,4.43,0
333,2017-11-16 03:09:42,3,0,0,-304,205,1102,-272,20,4.22,4.43,0
334,2017-11-16 03:09:43,3,0,0,-304,221,1103,-272,20,4.7,4.49,0
335,2017-11-16 03:09:44,3,0,0,-304,220,1102,-272,20,4.09,4.34,0
336,2017-11-16 03:09:46,3,0,0,-304,216,1102,-272,20,2.1,3.96,0
337,2017-11-16 03:09:47,3,0,0,-304,228,1102,-272,20,-2.96,4.0,0
338,2017-11-16 03:09:48,3,0,0,-304,221,1096,-272,20,2.41,4.45,0
339,2017-11-16 03:09:49,3,0,0,-304,221,1096,-272,20,2.41,4.45,0
340,2017-11-16 03:09:50,3,0,0,-304,224,1102,-272,20,-0.42,4.3,0
341,2017-11-16 03:09:51,3,0,0,-304,226,1102,-272,20,0.89,4.38,0
342,2017-11-16 03:09:52,3,0,0,-304,232,1102,-272,20,2.82,4.21,0
343,2017-11-16 03:09:53,3,0,0,-304,232,1102,-272,20,2.82,4.21,0
344,2017-11-16 03:09:54,3,0,0,-304,223,1100,-272,20,0.54,4.21,0
345,2017-11-16 03:09:56,3,0,0,-304,233,1100,-272,20,-0.27,4.81,0
346,2017-11-16 03:09:57,3,0,0,-304,233,1100,-272,20,-0.27,4.81,0
347,2017-11-16 03:09:58,3,0,0,-304,230,1099,-272,20,0.12,5.0,0
348,2017-11-16 03:09:59,3,0,0,-304,222,1099,-272,20,-7.08,4.63,0
349,2017-11-16 03:10:00,3,0,0,-304,221,1099,-272,20,-9.41,4.46,0
350,2017-11-16 03:10:01,3,0,0,-304,221,1099,-272,20,-9.41,4.46,0
351,2017-11-16 03:10:02,3,0,0,-304,222,1098,-272,20,-3.03,4.29,0
352,2017-11-16 03:10:03,3,0,0,-304,217,1098,-272,20,-8.9,4.43,0
353,2017-11-16 03:10:04,3,0,0,-304,217,1098,-272,20,-8.9,4.43,0
354,2017-11-16 03:10:05,3,0,0,-304,216,1092,-272,20,-4.7,4.58,0
355,2017-11-16 03:10:06,3,0,0,-304,217,1098,-272,20,-10.84,4.44,0
356,2017-11-16 03:10:07,3,0,0,-304,221,1098,-272,20,-9.45,4.46,0
357,2017-11-16 03:10:09,3,0,0,-304,208,1099,-272,20,-11.47,4.53,0
358,2017-11-16 03:10:10,3,0,0,-304,206,1098,-272,20,-7.67,4.44,0
359,2017-11-16 03:10:11,3,0,0,-304,206,1098,-272,20,-7.67,4.44,0
360,2017-11-16 03:10:12,3,0,0,-304,206,1098,-272,20,-5.49,4.4,0
361,2017-11-16 03:10:13,3,0,0,-304,205,1096,-272,20,-5.89,4.15,0
362,2017-11-16 03:10:14,3,0,0,-304,211,1099,-272,20,-8.03,3.98,0
363,2017-11-16 03:10:15,3,0,0,-304,211,1099,-272,20,-8.03,3.98,0
364,2017-11-16 03:10:16,3,0,0,-304,200,1098,-272,20,-9.87,3.78,0
365,2017-11-16 03:10:17,3,0,0,-304,204,1099,-272,20,-6.68,3.9,0
366,2017-11-16 03:10:18,3,0,0,-304,199,1099,-272,20,-6.01,3.84,0
367,2017-11-16 03:10:19,3,0,0,-304,199,1099,-272,20,-6.01,3.84,0
368,2017-11-16 03:10:20,3,0,0,-304,211,1100,-272,20,-6.21,3.81,0
369,2017-11-16 03:10:21,3,0,0,-304,205,1100,-272,20,-4.79,3.89,0
370,2017-11-16 03:10:22,3,0,0,-304,204,1100,-272,20,-5.59,4.01,0
371,2017-11-16 03:10:23,3,0,0,-304,204,1100,-272,20,-5.59,4.01,0
372,2017-11-16 03:10:24,3,0,0,-304,203,1100,-272,20,-4.9,4.01,0
373,2017-11-16 03:10:25,3,0,0,-304,212,1100,-272,20,-6.05,3.97,0
374,2017-11-16 03:10:26,3,0,0,-304,212,1100,-272,20,-6.05,3.97,0
375,2017-11-16 03:10:28,3,0,0,-304,205,1102,-272,20,6.14,3.89,0
376,2017-11-16 03:10:29,3,0,0,-304,210,1103,-272,20,6.54,3.47,0
377,2017-11-16 03:10:30,3,0,0,-304,210,1103,-272,20,6.54,3.47,0
378,2017-11-16 03:10:31,3,0,0,-304,222,1096,-272,20,3.8,3.34,0
379,2017-11-16 03:10:32,3,0,0,-304,222,1102,-272,20,5.34,3.52,0
380,2017-11-16 03:10:33,3,0,0,-304,218,1102,-272,20,0.7,3.47,0
381,2017-11-16 03:10:34,3,0,0,-304,218,1102,-272,20,0.7,3.47,0
382,2017-11-16 03:10:35,3,0,0,-304,227,1103,-272,20,-1.1,3.61,0
383,2017-11-16 03:10:36,3,0,0,-304,223,1103,-272,20,-2.3,3.72,0
384,2017-11-16 03:10:37,3,0,0,-304,223,1103,-272,20,-2.3,3.72,0
385,2017-11-16 03:10:38,3,0,0,-304,236,1103,-272,20,-3.12,3.57,0
386,2017-11-16 03:10:39,3,0,0,-304,226,1100,-272,20,-0.02,3.7,0
387,2017-11-16 03:10:41,3,0,0,-304,224,1102,-272,20,-0.74,3.72,0
388,2017-11-16 03:10:42,3,0,0,-304,231,1102,-272,20,1.46,3.67,0
389,2017-11-16 03:10:43,3,0,0,-304,228,1100,-272,20,0.96,3.47,0
390,2017-11-16 03:10:44,3,0,0,-304,228,1100,-272,20,0.96,3.47,0
391,2017-11-16 03:10:46,3,0,0,-304,223,1099,-272,20,5.81,3.37,0
392,2017-11-16 03:10:47,3,0,0,-304,225,1099,-272,20,3.69,3.32,0
393,2017-11-16 03:10:48,3,0,0,-304,225,1099,-272,20,3.69,3.32,0
394,2017-11-16 03:10:49,3,0,0,-304,223,1098,-272,20,3.32,3.31,0
395,2017-11-16 03:10:50,3,0,0,-304,217,1098,-272,20,-1.84,3.63,0
396,2017-11-16 03:10:51,3,0,0,-304,201,1098,-272,20,-1.08,3.78,0
397,2017-11-16 03:10:52,3,0,0,-304,201,1098,-272,20,-1.08,3.78,0
398,2017-11-16 03:10:53,3,0,0,-304,198,1096,-272,20,-1.78,3.67,0
399,2017-11-16 03:10:55,3,0,0,-304,209,1098,-272,20,0.82,3.61,0
400,2017-11-16 03:10:56,3,0,0,-304,209,1096,-272,20,4.75,3.67,0
401,2017-11-16 03:10:57,3,0,0,-304,201,1099,-272,20,-1.33,3.68,0
402,2017-11-16 03:10:58,3,0,0,-304,199,1098,-272,20,-0.14,3.58,0
403,2017-11-16 03:11:00,3,0,0,-304,199,1099,-272,20,-3.14,3.47,0
404,2017-11-16 03:11:01,3,0,0,-304,204,1099,-272,20,2.29,3.62,0
405,2017-11-16 03:11:02,3,0,0,-304,197,1099,-272,20,7.29,3.62,0
406,2017-11-16 03:11:04,3,0,0,-304,201,1102,-272,20,0.68,3.57,0
407,2017-11-16 03:11:05,3,0,0,-304,204,1102,-272,20,-0.58,3.57,0
408,2017-11-16 03:11:06,3,0,0,-304,210,1102,-272,20,-0.58,3.57,0
409,2017-11-16 03:11:07,3,0,0,-304,210,1103,-272,20,-2.12,3.77,0
410,2017-11-16 03:11:08,3,0,0,-304,207,1103,-272,20,-3.93,3.97,0
411,2017-11-16 03:11:09,3,0,0,-304,221,1102,-272,20,1.67,4.25,0
412,2017-11-16 03:11:10,3,0,0,-304,221,1102,-272,20,1.67,4.25,0
413,2017-11-16 03:11:11,3,0,0,-304,228,1106,-272,20,-2.07,4.22,0
414,2017-11-16 03:11:12,3,0,0,-304,229,1103,-272,20,2.14,3.97,0
415,2017-11-16 03:11:13,3,0,0,-304,240,1105,-272,20,0.67,4.24,0
416,2017-11-16 03:11:14,3,0,0,-304,240,1105,-272,20,0.67,4.24,0
417,2017-11-16 03:11:15,3,0,0,-304,237,1103,-272,20,2.81,4.34,0
418,2017-11-16 03:11:16,3,0,0,-304,243,1098,-272,20,1.21,4.06,0
419,2017-11-16 03:11:18,3,0,0,-304,233,1105,-272,20,-4.88,4.3,0
420,2017-11-16 03:11:19,3,0,0,-304,251,1103,-272,20,-5.06,4.39,0
421,2017-11-16 03:11:20,3,0,0,-304,247,1102,-272,20,-6.61,4.39,0
422,2017-11-16 03:11:21,3,0,0,-304,247,1102,-272,20,-6.61,4.39,0
423,2017-11-16 03:11:22,3,0,0,-304,241,1102,-272,20,-1.73,4.34,0
424,2017-11-16 03:11:23,3,0,0,-304,243,1100,-272,20,-8.55,4.48,0
425,2017-11-16 03:11:24,3,0,0,-304,248,1099,-272,20,-5.11,4.67,0
426,2017-11-16 03:11:25,3,0,0,-304,248,1099,-272,20,-5.11,4.67,0
427,2017-11-16 03:11:26,3,0,0,-304,240,1099,-272,20,-7.96,4.53,0
428,2017-11-16 03:11:27,3,0,0,-304,232,1098,-272,20,-10.8,4.5,0
429,2017-11-16 03:11:28,3,0,0,-304,229,1096,-272,20,-3.22,4.36,0
430,2017-11-16 03:11:29,3,0,0,-304,229,1096,-272,20,-3.22,4.36,0
431,2017-11-16 03:11:30,3,0,0,-304,229,1096,-272,20,-7.62,4.37,0
432,2017-11-16 03:11:32,3,0,0,-304,213,1096,-272,20,-5.14,4.73,0
433,2017-11-16 03:11:33,3,0,0,-304,213,1096,-272,20,-5.14,4.73,0
434,2017-11-16 03:11:34,3,0,0,-304,220,1098,-272,20,-4.63,4.73,0
435,2017-11-16 03:11:35,3,0,0,-304,218,1098,-272,20,-6.34,4.77,0
436,2017-11-16 03:11:36,3,0,0,-304,218,1098,-272,20,-6.34,4.77,0
437,2017-11-16 03:11:37,3,0,0,-304,216,1099,-272,20,-11.15,4.56,0
438,2017-11-16 03:11:38,3,0,0,-304,223,1098,-272,20,-9.24,4.72,0
439,2017-11-16 03:11:39,3,0,0,-304,215,1099,-272,20,-14.45,5.03,0
440,2017-11-16 03:11:40,3,0,0,-304,215,1099,-272,20,-14.45,5.03,0
441,2017-11-16 03:11:41,3,0,0,-304,219,1100,-272,20,-17.78,4.76,0
442,2017-11-16 03:11:42,3,0,0,-304,215,1100,-272,20,-17.94,4.68,0
443,2017-11-16 03:11:43,3,0,0,-304,218,1099,-272,20,-24.43,4.34,0
444,2017-11-16 03:11:44,3,0,0,-304,218,1099,-272,20,-24.43,4.34,0
445,2017-11-16 03:11:46,3,0,0,-304,220,1099,-272,20,-17.1,4.44,0
446,2017-11-16 03:11:47,3,0,0,-304,220,1099,-272,20,-17.1,4.44,0
447,2017-11-16 03:11:48,3,0,0,-304,214,1100,-272,20,-13.66,4.48,0
448,2017-11-16 03:11:49,3,0,0,-304,211,1099,-272,20,-11.62,4.35,0
449,2017-11-16 03:11:51,3,0,0,-304,214,1100,-272,20,-7.11,4.28,0
450,2017-11-16 03:11:52,3,0,0,-304,214,1102,-272,20,-13.35,4.3,0
451,2017-11-16 03:11:53,3,0,0,-304,209,1099,-272,20,-7.54,4.27,0
452,2017-11-16 03:11:54,3,0,0,-304,217,1102,-272,20,-8.42,4.35,0
453,2017-11-16 03:11:55,3,0,0,-304,217,1102,-272,20,-8.42,4.35,0
454,2017-11-16 03:11:56,3,0,0,-304,223,1102,-272,20,-8.62,4.06,0
455,2017-11-16 03:11:57,3,0,0,-304,215,1102,-272,20,-6.63,3.87,0
456,2017-11-16 03:11:58,3,0,0,-304,227,1103,-272,20,-4.86,3.87,0
457,2017-11-16 03:11:59,3,0,0,-304,227,1103,-272,20,-4.86,3.87,0
458,2017-11-16 03:12:00,3,0,0,-304,230,1102,-272,20,-2.26,4.29,0
459,2017-11-16 03:12:01,3,0,0,-304,226,1103,-272,20,-3.89,4.12,0
460,2017-11-16 03:12:02,3,0,0,-304,226,1103,-272,20,-3.89,4.12,0
461,2017-11-16 03:12:04,3,0,0,-304,245,1105,-272,20,-7.28,4.11,0
462,2017-11-16 03:12:05,3,0,0,-304,243,1105,-272,20,-9.71,4.12,0
463,2017-11-16 03:12:06,3,0,0,-304,243,1105,-272,20,-9.71,4.12,0
464,2017-11-16 03:12:07,3,0,0,-304,249,1105,-272,20,-14.38,4.07,0
465,2017-11-16 03:12:08,3,0,0,-304,252,1103,-272,20,-11.34,4.01,0
466,2017-11-16 03:12:09,3,0,0,-304,245,1100,-272,20,-12.54,4.22,0
467,2017-11-16 03:12:10,3,0,0,-304,245,1100,-272,20,-12.54,4.22,0
468,2017-11-16 03:12:11,3,0,0,-305,250,1100,-273,20,-10.74,3.96,0
469,2017-11-16 03:12:12,3,0,0,-305,242,1099,-273,20,-11.52,4.36,0
470,2017-11-16 03:12:13,3,0,0,-305,242,1099,-273,20,-11.52,4.36,0
471,2017-11-16 03:12:14,3,0,0,-305,244,1099,-273,20,-7.21,4.64,0
472,2017-11-16 03:12:15,3,0,0,-306,239,1096,-274,20,-8.16,4.52,0
473,2017-11-16 03:12:16,3,0,0,-306,233,1096,-274,20,-9.96,4.53,0
474,2017-11-16 03:12:17,3,0,0,-306,233,1096,-274,20,-9.96,4.53,0
475,2017-11-16 03:12:18,3,0,0,-307,234,1096,-275,20,-11.94,4.34,0
476,2017-11-16 03:12:19,3,0,0,-307,218,1095,-275,20,-8.57,4.58,0
477,2017-11-16 03:12:20,3,0,0,-307,218,1095,-275,20,-8.57,4.58,0
478,2017-11-16 03:12:21,3,0,0,-308,219,1096,-276,20,-10.26,4.4,0
479,2017-11-16 03:12:22,3,0,0,-308,225,1096,-276,20,-8.05,4.32,0
480,2017-11-16 03:12:23,3,0,0,-308,223,1099,-276,20,-3.1,4.12,0
481,2017-11-16 03:12:24,3,0,0,-308,223,1099,-276,20,-3.1,4.12,0
482,2017-11-16 03:12:25,3,0,0,-309,225,1100,-277,20,-1.34,4.06,0
483,2017-11-16 03:12:26,3,0,0,-309,222,1100,-277,20,-0.69,3.87,0
484,2017-11-16 03:12:27,3,0,0,-310,229,1105,-278,20,-3.16,4.3,0
485,2017-11-16 03:12:28,3,0,0,-310,229,1105,-278,20,-3.16,4.3,0
486,2017-11-16 03:12:29,3,0,0,-310,234,1103,-278,20,3.68,4.58,0
487,2017-11-16 03:12:30,3,0,0,-310,238,1106,-278,20,4.26,4.67,0
488,2017-11-16 03:12:32,3,0,0,-310,239,1105,-278,20,2.01,4.34,0
489,2017-11-16 03:12:33,3,0,0,-310,246,1099,-278,20,1.21,4.78,0
490,2017-11-16 03:12:34,3,0,0,-310,255,1103,-278,20,3.98,4.51,0
491,2017-11-16 03:12:35,3,0,0,-310,255,1103,-278,20,3.98,4.51,0
492,2017-11-16 03:12:36,3,0,0,-310,247,1103,-278,20,2.98,4.2,0
493,2017-11-16 03:12:37,3,0,0,-310,249,1102,-278,20,-3.5,4.31,0
494,2017-11-16 03:12:38,3,0,0,-310,246,1100,-278,20,-2.3,4.35,0
495,2017-11-16 03:12:39,3,0,0,-310,246,1100,-278,20,-2.3,4.35,0
496,2017-11-16 03:12:40,3,0,0,-310,259,1100,-278,20,-2.93,4.44,0
497,2017-11-16 03:12:41,3,0,0,-310,247,1099,-278,20,-3.11,4.48,0
498,2017-11-16 03:12:42,3,0,0,-310,244,1100,-278,20,1.72,4.58,0
499,2017-11-16 03:12:43,3,0,0,-310,244,1100,-278,20,1.72,4.58,0
500,2017-11-16 03:12:44,3,0,0,-310,243,1099,-278,20,-3.08,4.54,0
501,2017-11-16 03:12:45,3,0,0,-310,250,1099,-278,20,1.81,4.53,0
502,2017-11-16 03:12:46,3,0,0,-310,250,1099,-278,20,1.81,4.53,0
503,2017-11-16 03:12:47,3,0,0,-310,235,1098,-278,20,-4.44,4.48,0
504,2017-11-16 03:12:48,3,0,0,-310,245,1098,-278,20,1.15,4.58,0
505,2017-11-16 03:12:49,3,0,0,-310,247,1099,-278,20,-6.72,4.39,0
506,2017-11-16 03:12:50,3,0,0,-310,247,1099,-278,20,-6.72,4.39,0
507,2017-11-16 03:12:51,3,0,0,-310,237,1096,-278,20,-4.84,4.34,0
508,2017-11-16 03:12:52,3,0,0,-310,235,1099,-278,20,-5.44,4.51,0
509,2017-11-16 03:12:53,3,0,0,-310,232,1098,-278,20,-5.39,4.33,0
510,2017-11-16 03:12:54,3,0,0,-310,232,1098,-278,20,-5.39,4.33,0
511,2017-11-16 03:12:55,3,0,0,-310,236,1099,-278,20,2.84,4.29,0
512,2017-11-16 03:12:56,3,0,0,-310,234,1099,-278,20,4.94,4.21,0
513,2017-11-16 03:12:58,3,0,0,-310,233,1099,-278,20,4.73,4.48,0
514,2017-11-16 03:12:59,3,0,0,-310,227,1099,-278,20,4.79,4.47,0
515,2017-11-16 03:13:00,3,0,0,-310,229,1099,-278,20,2.39,4.38,0
516,2017-11-16 03:13:01,3,0,0,-310,229,1099,-278,20,2.39,4.38,0
517,2017-11-16 03:13:03,3,0,0,-310,224,1098,-278,20,-1.14,3.94,0
518,2017-11-16 03:13:04,3,0,0,-310,223,1100,-278,20,0.96,4.34,0
519,2017-11-16 03:13:05,3,0,0,-310,223,1100,-278,20,0.96,4.34,0
520,2017-11-16 03:13:06,3,0,0,-310,223,1099,-278,20,-2.15,4.16,0
521,2017-11-16 03:13:07,3,0,0,-310,222,1100,-278,20,0.7,3.71,0
522,2017-11-16 03:13:08,3,0,0,-310,222,1100,-278,20,-0.74,3.32,0
523,2017-11-16 03:13:09,3,0,0,-310,222,1100,-278,20,-0.74,3.32,0
524,2017-11-16 03:13:10,3,0,0,-310,239,1102,-278,20,-1.39,3.42,0
525,2017-11-16 03:13:12,3,0,0,-310,232,1102,-278,20,-2.12,3.41,0
526,2017-11-16 03:13:13,3,0,0,-310,243,1102,-278,20,-3.0,3.48,0
527,2017-11-16 03:13:14,3,0,0,-310,252,1105,-278,20,-2.82,3.37,0
528,2017-11-16 03:13:15,3,0,0,-310,249,1103,-278,20,-6.13,3.66,0
529,2017-11-16 03:13:16,3,0,0,-310,249,1103,-278,20,-6.13,3.66,0
530,2017-11-16 03:13:17,3,0,0,-310,244,1103,-278,20,-4.7,4.51,0
531,2017-11-16 03:13:18,3,0,0,-310,246,1103,-278,20,-2.89,4.98,0
532,2017-11-16 03:13:19,3,0,0,-310,248,1102,-278,20,-6.15,4.91,0
533,2017-11-16 03:13:21,3,0,0,-310,250,1100,-278,20,-8.34,4.64,0
534,2017-11-16 03:13:22,3,0,0,-310,249,1102,-278,20,-6.02,4.54,0
535,2017-11-16 03:13:23,3,0,0,-310,249,1102,-278,20,-6.02,4.54,0
536,2017-11-16 03:13:24,3,0,0,-310,253,1100,-278,20,-5.43,4.72,0
537,2017-11-16 03:13:25,3,0,0,-310,246,1100,-278,20,-3.63,5.03,0
538,2017-11-16 03:13:26,3,0,0,-310,246,1102,-278,20,-2.19,5.03,0
539,2017-11-16 03:13:27,3,0,0,-310,246,1102,-278,20,-2.19,5.03,0
540,2017-11-16 03:13:28,3,0,0,-310,250,1100,-278,20,-1.98,5.04,0
541,2017-11-16 03:13:29,3,0,0,-310,258,1100,-278,20,-1.84,4.71,0
542,2017-11-16 03:13:30,3,0,0,-310,249,1100,-278,20,0.68,4.94,0
543,2017-11-16 03:13:31,3,0,0,-310,249,1100,-278,20,0.68,4.94,0
544,2017-11-16 03:13:32,3,0,0,-310,257,1100,-278,20,-5.08,4.81,0
