,real_time,WT_Runcode,iGenPower,iGenSpeed,iTemp1GearOil_1sec,iTempGearBearDE_1sec,iTempGearBearNDE_1sec,iTempNacelle_1sec,iVaneDiiection,iWindSpeed
0,2017-11-15 17:13:00,3,2047,1735,64.8,77.1,72.1,12.3,15.83,16.0
1,2017-11-15 17:13:01,3,2047,1735,64.8,77.1,72.1,12.3,15.83,16.0
2,2017-11-15 17:13:02,3,2037,1723,64.8,77.0,72.1,12.3,-0.22,16.16
3,2017-11-15 17:13:03,3,2039,1717,64.8,77.0,72.1,12.3,7.75,16.42
4,2017-11-15 17:13:04,3,2039,1717,64.8,77.0,72.1,12.3,7.75,16.42
5,2017-11-15 17:13:05,3,2050,1720,64.8,77.0,72.1,12.3,-5.24,13.92
6,2017-11-15 17:13:06,3,2054,1731,64.8,77.0,72.1,12.3,3.02,16.3
7,2017-11-15 17:13:07,3,2063,1739,64.8,77.0,72.1,12.3,-4.31,15.76
8,2017-11-15 17:13:08,3,2063,1739,64.8,77.0,72.1,12.3,-4.31,15.76
9,2017-11-15 17:13:09,3,2054,1750,64.8,77.0,72.1,12.3,11.01,15.04
10,2017-11-15 17:13:10,3,2053,1752,64.8,77.0,72.1,12.3,2.86,16.48
11,2017-11-15 17:13:11,3,2046,1750,64.8,77.0,72.1,12.3,-0.67,13.07
12,2017-11-15 17:13:12,3,2046,1750,64.8,77.0,72.1,12.3,-0.67,13.07
13,2017-11-15 17:13:13,3,2055,1753,64.8,77.0,72.1,12.3,-1.93,14.04
14,2017-11-15 17:13:14,3,2057,1753,64.8,77.1,72.1,12.3,2.37,13.72
15,2017-11-15 17:13:15,3,2057,1753,64.8,77.1,72.1,12.3,2.37,13.72
16,2017-11-15 17:13:16,3,2059,1751,64.8,77.1,72.1,12.3,-2.6,13.37
17,2017-11-15 17:13:17,3,2070,1752,64.8,77.0,72.1,12.3,-8.75,11.44
18,2017-11-15 17:13:18,3,2062,1755,64.8,77.0,72.1,12.3,-6.18,13.14
19,2017-11-15 17:13:19,3,2062,1755,64.8,77.0,72.1,12.3,-6.18,13.14
20,2017-11-15 17:13:20,3,2060,1752,64.7,77.0,72.1,12.3,-17.5,11.26
21,2017-11-15 17:13:21,3,2062,1751,64.7,77.0,72.1,12.3,-6.0,13.42
22,2017-11-15 17:13:22,3,2062,1751,64.7,77.0,72.1,12.3,-6.0,13.42
23,2017-11-15 17:13:23,3,2067,1762,64.7,77.0,72.1,12.3,-21.57,14.32
24,2017-11-15 17:13:24,3,2056,1759,64.8,77.0,72.1,12.3,-14.59,15.39
25,2017-11-15 17:13:25,3,2054,1753,64.8,77.1,72.1,12.3,-5.14,14.62
26,2017-11-15 17:13:26,3,2054,1753,64.8,77.1,72.1,12.3,-5.14,14.62
27,2017-11-15 17:13:27,3,2049,1742,64.7,77.0,72.1,12.3,-0.65,12.49
28,2017-11-15 17:13:28,3,2053,1739,64.7,77.0,72.1,12.3,-2.8,14.35
29,2017-11-15 17:13:29,3,2053,1739,64.7,77.0,72.1,12.3,-2.8,14.35
30,2017-11-15 17:13:30,3,2070,1749,64.7,77.0,72.1,12.3,-0.2,13.44
31,2017-11-15 17:13:31,3,2069,1758,64.7,77.1,72.1,12.3,2.06,14.68
32,2017-11-15 17:13:32,3,2051,1758,64.7,77.1,72.1,12.3,11.14,14.34
33,2017-11-15 17:13:33,3,2051,1758,64.7,77.1,72.1,12.3,11.14,14.34
34,2017-11-15 17:13:34,3,2051,1750,64.7,77.0,72.1,12.3,12.47,15.76
35,2017-11-15 17:13:35,3,2058,1747,64.7,77.0,72.1,12.3,1.54,13.26
36,2017-11-15 17:13:36,3,2058,1747,64.7,77.0,72.1,12.3,1.54,13.26
37,2017-11-15 17:13:37,3,2053,1748,64.7,77.1,72.1,12.3,4.3,15.12
38,2017-11-15 17:13:38,3,2059,1750,64.7,77.0,72.1,12.3,4.44,14.99
39,2017-11-15 17:13:39,3,2059,1748,64.7,77.0,72.1,12.3,15.49,16.97
40,2017-11-15 17:13:40,3,2059,1748,64.7,77.0,72.1,12.3,15.49,16.97
41,2017-11-15 17:13:41,3,2046,1745,64.7,77.1,72.1,12.3,2.33,14.75
42,2017-11-15 17:13:42,3,2057,1741,64.7,77.1,72.1,12.3,2.28,17.08
43,2017-11-15 17:13:43,3,2062,1738,64.7,77.1,72.1,12.3,12.88,16.01
44,2017-11-15 17:13:44,3,2062,1738,64.7,77.1,72.1,12.3,12.88,16.01
45,2017-11-15 17:13:45,3,2056,1737,64.7,77.0,72.1,12.3,6.76,14.58
46,2017-11-15 17:13:46,3,2040,1736,64.7,77.0,72.1,12.3,14.18,18.41
47,2017-11-15 17:13:47,3,2040,1736,64.7,77.0,72.1,12.3,14.18,18.41
48,2017-11-15 17:13:48,3,2047,1741,64.7,77.0,72.1,12.3,10.24,17.29
49,2017-11-15 17:13:49,3,2058,1745,64.7,77.0,72.1,12.3,7.3,16.48
50,2017-11-15 17:13:50,3,2054,1745,64.7,77.0,72.1,12.3,14.63,17.09
51,2017-11-15 17:13:51,3,2054,1745,64.7,77.0,72.1,12.3,14.63,17.09
52,2017-11-15 17:13:53,3,2047,1734,64.8,77.0,72.1,12.3,7.01,15.25
53,2017-11-15 17:13:54,3,2047,1734,64.8,77.0,72.1,12.3,7.01,15.25
54,2017-11-15 17:13:55,3,2041,1731,64.8,77.0,72.1,12.3,7.93,16.52
55,2017-11-15 17:13:56,3,2052,1727,64.8,77.1,72.1,12.3,10.79,14.31
56,2017-11-15 17:13:57,3,1984,1727,64.8,77.1,72.1,12.3,-2.27,13.2
57,2017-11-15 17:13:58,3,1984,1727,64.8,77.1,72.1,12.3,-2.27,13.2
58,2017-11-15 17:13:59,3,1999,1733,64.8,77.0,72.1,12.3,-0.4,14.27
59,2017-11-15 17:14:00,3,2065,1747,64.8,77.0,72.1,12.3,6.65,15.14
60,2017-11-15 17:14:01,3,2065,1747,64.8,77.0,72.1,12.3,6.65,15.14
61,2017-11-15 17:14:02,3,2064,1760,64.8,77.0,72.1,12.3,4.1,15.26
62,2017-11-15 17:14:03,3,2062,1773,64.8,77.0,72.1,12.3,1.99,13.32
63,2017-11-15 17:14:04,3,2063,1784,64.8,77.0,72.1,12.3,3.92,12.21
64,2017-11-15 17:14:05,3,2063,1784,64.8,77.0,72.1,12.3,3.92,12.21
65,2017-11-15 17:14:06,3,2052,1784,64.8,77.0,72.1,12.3,-3.5,15.11
66,2017-11-15 17:14:07,3,2046,1773,64.8,77.0,72.1,12.3,3.9,15.58
67,2017-11-15 17:14:08,3,2044,1762,64.8,77.0,72.1,12.3,-2.22,12.97
68,2017-11-15 17:14:09,3,2044,1762,64.8,77.0,72.1,12.3,-2.22,12.97
69,2017-11-15 17:14:10,3,2048,1754,64.8,77.0,72.1,12.3,-0.71,16.02
70,2017-11-15 17:14:11,3,2048,1754,64.8,77.0,72.1,12.3,0.97,15.16
71,2017-11-15 17:14:12,3,2048,1754,64.8,77.0,72.1,12.3,0.97,15.16
72,2017-11-15 17:14:13,3,2057,1758,64.8,77.0,72.1,12.3,-2.85,14.71
73,2017-11-15 17:14:14,3,2056,1758,64.8,77.0,72.1,12.3,1.94,14.1
74,2017-11-15 17:14:15,3,2049,1757,64.8,77.0,72.1,12.3,-7.58,14.81
75,2017-11-15 17:14:16,3,2049,1757,64.8,77.0,72.1,12.3,-7.58,14.81
76,2017-11-15 17:14:17,3,2058,1760,64.8,77.1,72.1,12.3,-4.24,14.35
77,2017-11-15 17:14:18,3,2048,1762,64.8,77.0,72.1,12.3,-1.81,16.8
78,2017-11-15 17:14:19,3,2048,1762,64.8,77.0,72.1,12.3,-1.81,16.8
79,2017-11-15 17:14:20,3,2058,1759,64.8,77.0,72.1,12.3,10.25,14.13
80,2017-11-15 17:14:21,3,2043,1754,64.8,77.0,72.1,12.3,6.55,15.07
81,2017-11-15 17:14:22,3,2045,1747,64.8,77.0,72.1,12.3,0.26,14.71
82,2017-11-15 17:14:23,3,2045,1747,64.8,77.0,72.1,12.3,0.26,14.71
83,2017-11-15 17:14:24,3,2055,1739,64.8,77.1,72.1,12.3,-3.05,18.08
84,2017-11-15 17:14:25,3,2058,1738,64.8,77.1,72.1,12.3,-2.63,15.21
85,2017-11-15 17:14:26,3,2058,1738,64.8,77.1,72.1,12.3,-2.63,15.21
86,2017-11-15 17:14:27,3,2070,1743,64.8,77.0,72.1,12.3,-0.58,16.64
87,2017-11-15 17:14:28,3,2061,1750,64.8,77.0,72.1,12.3,-4.6,14.08
88,2017-11-15 17:14:29,3,2065,1763,64.8,77.0,72.1,12.3,-1.99,16.77
89,2017-11-15 17:14:30,3,2065,1763,64.8,77.0,72.1,12.3,-1.99,16.77
90,2017-11-15 17:14:31,3,2057,1772,64.8,77.0,72.1,12.3,7.32,17.54
91,2017-11-15 17:14:32,3,2060,1778,64.8,77.0,72.1,12.3,8.42,14.35
92,2017-11-15 17:14:33,3,2060,1778,64.8,77.0,72.1,12.3,8.42,14.35
93,2017-11-15 17:14:34,3,2070,1789,64.8,77.1,72.1,12.3,7.12,15.95
94,2017-11-15 17:14:35,3,2054,1791,64.8,77.1,72.1,12.3,0.44,15.96
95,2017-11-15 17:14:36,3,2041,1776,64.8,77.1,72.1,12.3,5.45,18.6
96,2017-11-15 17:14:37,3,2041,1776,64.8,77.1,72.1,12.3,5.45,18.6
97,2017-11-15 17:14:38,3,2031,1752,64.8,77.1,72.1,12.3,11.48,19.46
98,2017-11-15 17:14:39,3,2040,1735,64.8,77.0,72.1,12.3,5.5,16.98
99,2017-11-15 17:14:40,3,2054,1725,64.8,77.0,72.1,12.3,11.21,14.26
100,2017-11-15 17:14:41,3,2054,1725,64.8,77.0,72.1,12.3,11.21,14.26
101,2017-11-15 17:14:42,3,2056,1730,64.8,77.1,72.1,12.3,-7.6,14.79
102,2017-11-15 17:14:43,3,2058,1738,64.8,77.1,72.1,12.3,3.79,18.21
103,2017-11-15 17:14:44,3,2058,1738,64.8,77.1,72.1,12.3,3.79,18.21
104,2017-11-15 17:14:45,3,2056,1741,64.8,77.1,72.1,12.3,5.14,17.55
105,2017-11-15 17:14:46,3,2059,1737,64.8,77.1,72.1,12.3,3.59,15.46
106,2017-11-15 17:14:47,3,2054,1729,64.8,77.1,72.1,12.3,2.26,16.49
107,2017-11-15 17:14:48,3,2054,1729,64.8,77.1,72.1,12.3,2.26,16.49
108,2017-11-15 17:14:49,3,2057,1722,64.8,77.1,72.1,12.3,2.93,18.59
109,2017-11-15 17:14:50,3,2060,1720,64.8,77.1,72.1,12.3,1.74,16.69
110,2017-11-15 17:14:51,3,2060,1720,64.8,77.1,72.1,12.3,1.74,16.69
111,2017-11-15 17:14:52,3,2069,1726,64.8,77.0,72.1,12.3,9.89,15.91
112,2017-11-15 17:14:53,3,2071,1737,64.8,77.0,72.1,12.3,-2.2,15.9
113,2017-11-15 17:14:54,3,2059,1746,64.8,77.0,72.1,12.3,3.23,16.13
114,2017-11-15 17:14:55,3,2059,1746,64.8,77.0,72.1,12.3,3.23,16.13
115,2017-11-15 17:14:56,3,2058,1755,64.8,77.1,72.1,12.3,-1.12,11.58
116,2017-11-15 17:14:57,3,2059,1761,64.8,77.1,72.1,12.3,-2.18,15.08
117,2017-11-15 17:14:58,3,2042,1758,64.8,77.1,72.1,12.3,-1.43,15.54
118,2017-11-15 17:14:59,3,2042,1758,64.8,77.1,72.1,12.3,-1.43,15.54
119,2017-11-15 17:15:01,3,2057,1745,64.8,77.1,72.1,12.3,6.71,16.55
120,2017-11-15 17:15:02,3,2063,1747,64.8,77.1,72.1,12.3,11.01,16.78
121,2017-11-15 17:15:03,3,2063,1747,64.8,77.1,72.1,12.3,11.01,16.78
122,2017-11-15 17:15:04,3,2067,1751,64.8,77.1,72.1,12.3,-1.93,15.7
123,2017-11-15 17:15:06,3,2046,1747,64.8,77.1,72.1,12.3,6.42,15.62
124,2017-11-15 17:15:07,3,2042,1743,64.8,77.1,72.1,12.3,-1.0,12.58
125,2017-11-15 17:15:08,3,2057,1748,64.8,77.1,72.1,12.3,2.03,12.38
126,2017-11-15 17:15:09,3,2061,1757,64.8,77.1,72.1,12.3,4.53,13.93
127,2017-11-15 17:15:10,3,2061,1757,64.8,77.1,72.1,12.3,4.53,13.93
128,2017-11-15 17:15:11,3,2065,1764,64.8,77.1,72.1,12.3,-0.8,15.65
129,2017-11-15 17:15:12,3,2065,1769,64.8,77.1,72.1,12.3,-0.71,15.23
130,2017-11-15 17:15:13,3,2065,1769,64.8,77.1,72.1,12.3,-0.71,15.23
131,2017-11-15 17:15:14,3,2052,1773,64.8,77.1,72.1,12.3,-2.74,16.66
132,2017-11-15 17:15:15,3,2052,1778,64.8,77.1,72.1,12.3,1.36,14.54
133,2017-11-15 17:15:16,3,2053,1781,64.8,77.1,72.1,12.3,4.93,14.58
134,2017-11-15 17:15:17,3,2053,1781,64.8,77.1,72.1,12.3,4.93,14.58
135,2017-11-15 17:15:18,3,2038,1776,64.7,77.1,72.1,12.3,-5.1,13.51
136,2017-11-15 17:15:19,3,2029,1760,64.7,77.1,72.1,12.3,3.74,17.43
137,2017-11-15 17:15:20,3,2037,1753,64.8,77.1,72.1,12.3,11.75,18.6
138,2017-11-15 17:15:21,3,2037,1753,64.8,77.1,72.1,12.3,11.75,18.6
139,2017-11-15 17:15:22,3,2052,1749,64.8,77.1,72.1,12.3,-8.07,17.06
140,2017-11-15 17:15:23,3,2054,1760,64.8,77.1,72.1,12.3,-0.56,19.13
141,2017-11-15 17:15:24,3,2054,1760,64.8,77.1,72.1,12.3,-0.56,19.13
142,2017-11-15 17:15:25,3,2053,1767,64.8,77.1,72.1,12.3,3.36,19.02
143,2017-11-15 17:15:26,3,2044,1764,64.8,77.1,72.1,12.3,1.67,16.68
144,2017-11-15 17:15:27,3,2050,1755,64.8,77.1,72.1,12.3,-6.2,18.12
145,2017-11-15 17:15:28,3,2050,1755,64.8,77.1,72.1,12.3,-6.2,18.12
146,2017-11-15 17:15:29,3,2051,1746,64.8,77.1,72.1,12.3,-4.45,18.55
147,2017-11-15 17:15:30,3,2060,1749,64.7,77.1,72.1,12.3,-4.27,18.0
148,2017-11-15 17:15:31,3,2060,1749,64.7,77.1,72.1,12.3,-4.27,18.0
149,2017-11-15 17:15:32,3,2065,1758,64.8,77.1,72.1,12.3,-5.8,17.05
150,2017-11-15 17:15:33,3,2063,1765,64.7,77.1,72.1,12.3,-7.26,18.2
151,2017-11-15 17:15:34,3,2049,1758,64.7,77.1,72.1,12.3,-6.22,18.79
152,2017-11-15 17:15:35,3,2049,1758,64.7,77.1,72.1,12.3,-6.22,18.79
153,2017-11-15 17:15:36,3,2051,1751,64.7,77.1,72.1,12.3,-4.16,18.64
154,2017-11-15 17:15:37,3,2063,1743,64.7,77.1,72.1,12.3,1.07,17.33
155,2017-11-15 17:15:38,3,2063,1743,64.7,77.1,72.1,12.3,1.07,17.33
156,2017-11-15 17:15:39,3,2050,1733,64.7,77.1,72.1,12.3,0.23,10.95
157,2017-11-15 17:15:40,3,2054,1732,64.7,77.1,72.1,12.3,-8.18,15.46
158,2017-11-15 17:15:41,3,2066,1732,64.7,77.1,72.1,12.3,-0.51,17.28
159,2017-11-15 17:15:42,3,2066,1732,64.7,77.1,72.1,12.3,-0.51,17.28
160,2017-11-15 17:15:43,3,2052,1730,64.7,77.1,72.1,12.3,-0.06,15.89
161,2017-11-15 17:15:44,3,2052,1728,64.7,77.1,72.1,12.3,-12.07,15.57
162,2017-11-15 17:15:45,3,2064,1729,64.7,77.1,72.1,12.3,-11.17,13.75
163,2017-11-15 17:15:46,3,2064,1729,64.7,77.1,72.1,12.3,-11.17,13.75
164,2017-11-15 17:15:47,3,2066,1734,64.8,77.1,72.1,12.3,-7.6,16.03
165,2017-11-15 17:15:48,3,2059,1737,64.8,77.1,72.1,12.3,-8.99,16.58
166,2017-11-15 17:15:49,3,2059,1737,64.8,77.1,72.1,12.3,-8.99,16.58
167,2017-11-15 17:15:50,3,2054,1740,64.8,77.1,72.1,12.3,-11.15,14.73
168,2017-11-15 17:15:51,3,2057,1741,64.8,77.1,72.1,12.3,-16.51,16.34
169,2017-11-15 17:15:52,3,2055,1738,64.7,77.1,72.1,12.3,-3.19,15.94
170,2017-11-15 17:15:53,3,2055,1738,64.7,77.1,72.1,12.3,-3.19,15.94
171,2017-11-15 17:15:54,3,2057,1733,64.7,77.1,72.1,12.3,-0.02,14.29
172,2017-11-15 17:15:55,3,2047,1727,64.7,77.1,72.1,12.3,-9.28,13.21
173,2017-11-15 17:15:56,3,2047,1727,64.7,77.1,72.1,12.3,-9.28,13.21
174,2017-11-15 17:15:57,3,2067,1731,64.7,77.1,72.1,12.3,-16.12,14.01
175,2017-11-15 17:15:58,3,2055,1730,64.7,77.1,72.1,12.3,-4.79,13.13
176,2017-11-15 17:15:59,3,2052,1729,64.7,77.1,72.1,12.3,-0.47,12.7
177,2017-11-15 17:16:00,3,2052,1729,64.7,77.1,72.1,12.3,-0.47,12.7
178,2017-11-15 17:16:01,3,2055,1731,64.7,77.1,72.1,12.3,1.58,13.25
179,2017-11-15 17:16:02,3,2061,1743,64.7,77.1,72.1,12.3,-1.82,12.73
180,2017-11-15 17:16:03,3,2066,1750,64.7,77.1,72.1,12.3,1.43,14.81
181,2017-11-15 17:16:04,3,2066,1750,64.7,77.1,72.1,12.3,1.43,14.81
182,2017-11-15 17:16:05,3,2062,1754,64.7,77.1,72.1,12.3,5.11,15.38
183,2017-11-15 17:16:06,3,2063,1762,64.7,77.1,72.1,12.3,6.67,16.11
184,2017-11-15 17:16:07,3,2063,1762,64.7,77.1,72.1,12.3,6.67,16.11
185,2017-11-15 17:16:08,3,2057,1764,64.7,77.1,72.1,12.3,-5.23,15.6
186,2017-11-15 17:16:09,3,2050,1761,64.7,77.1,72.1,12.3,-6.04,14.3
187,2017-11-15 17:16:10,3,2036,1752,64.7,77.1,72.1,12.3,-7.37,15.75
188,2017-11-15 17:16:11,3,2036,1752,64.7,77.1,72.1,12.3,-7.37,15.75
189,2017-11-15 17:16:12,3,2053,1744,64.7,77.1,72.1,12.4,-9.19,14.12
190,2017-11-15 17:16:13,3,2043,1739,64.8,77.1,72.1,12.3,-2.26,14.95
191,2017-11-15 17:16:14,3,2043,1739,64.8,77.1,72.1,12.3,-2.26,14.95
192,2017-11-15 17:16:15,3,2047,1740,64.7,77.1,72.1,12.3,-5.55,13.4
193,2017-11-15 17:16:16,3,2050,1743,64.7,77.1,72.1,12.3,0.75,12.63
194,2017-11-15 17:16:17,3,2053,1746,64.7,77.1,72.1,12.3,4.62,13.84
195,2017-11-15 17:16:18,3,2053,1746,64.7,77.1,72.1,12.3,4.62,13.84
196,2017-11-15 17:16:19,3,2048,1742,64.7,77.1,72.1,12.3,9.66,12.78
197,2017-11-15 17:16:20,3,2045,1726,64.7,77.1,72.1,12.3,1.07,11.17
198,2017-11-15 17:16:21,3,2045,1726,64.7,77.1,72.1,12.3,1.07,11.17
199,2017-11-15 17:16:22,3,1965,1718,64.7,77.1,72.1,12.3,-1.79,12.97
200,2017-11-15 17:16:23,3,1888,1721,64.7,77.1,72.1,12.3,1.7,14.67
201,2017-11-15 17:16:24,3,1958,1733,64.7,77.1,72.1,12.3,-7.17,14.5
202,2017-11-15 17:16:25,3,1958,1733,64.7,77.1,72.1,12.3,-7.17,14.5
203,2017-11-15 17:16:26,3,2038,1738,64.7,77.1,72.1,12.3,-5.03,13.32
204,2017-11-15 17:16:27,3,2058,1739,64.7,77.1,72.1,12.3,-0.69,13.45
205,2017-11-15 17:16:28,3,2058,1739,64.7,77.1,72.1,12.3,-0.69,13.45
206,2017-11-15 17:16:29,3,2053,1739,64.7,77.1,72.1,12.3,-0.11,13.77
207,2017-11-15 17:16:30,3,2052,1738,64.7,77.1,72.1,12.3,1.78,12.24
208,2017-11-15 17:16:31,3,2059,1746,64.7,77.1,72.1,12.3,0.89,12.12
209,2017-11-15 17:16:32,3,2059,1746,64.7,77.1,72.1,12.3,0.89,12.12
210,2017-11-15 17:16:33,3,2053,1749,64.8,77.1,72.1,12.3,2.3,13.86
211,2017-11-15 17:16:34,3,2053,1756,64.8,77.1,72.1,12.3,12.2,13.48
212,2017-11-15 17:16:35,3,2057,1762,64.8,77.1,72.1,12.3,10.22,12.37
213,2017-11-15 17:16:36,3,2057,1762,64.8,77.1,72.1,12.3,10.22,12.37
214,2017-11-15 17:16:37,3,2049,1766,64.7,77.1,72.0,12.3,9.59,11.63
215,2017-11-15 17:16:38,3,2048,1766,64.7,77.1,72.1,12.3,13.62,12.77
216,2017-11-15 17:16:39,3,2048,1766,64.7,77.1,72.1,12.3,13.62,12.77
217,2017-11-15 17:16:40,3,2042,1754,64.8,77.1,72.1,12.3,4.62,13.14
218,2017-11-15 17:16:41,3,2050,1748,64.8,77.1,72.1,12.3,10.4,13.4
219,2017-11-15 17:16:42,3,2044,1744,64.8,77.1,72.1,12.3,9.1,12.24
220,2017-11-15 17:16:43,3,2044,1744,64.8,77.1,72.1,12.3,9.1,12.24
221,2017-11-15 17:16:44,3,2054,1747,64.8,77.1,72.1,12.3,3.94,12.99
222,2017-11-15 17:16:45,3,2059,1759,64.8,77.1,72.1,12.3,-4.88,13.75
223,2017-11-15 17:16:46,3,2059,1759,64.8,77.1,72.1,12.3,-4.88,13.75
224,2017-11-15 17:16:47,3,2047,1761,64.7,77.1,72.1,12.3,-1.32,13.62
225,2017-11-15 17:16:48,3,2039,1760,64.7,77.1,72.1,12.3,-2.2,12.73
226,2017-11-15 17:16:49,3,2032,1749,64.7,77.1,72.0,12.3,3.32,14.44
227,2017-11-15 17:16:50,3,2032,1749,64.7,77.1,72.0,12.3,3.32,14.44
228,2017-11-15 17:16:51,3,2036,1745,64.7,77.1,72.1,12.3,3.68,14.49
229,2017-11-15 17:16:52,3,2049,1741,64.7,77.1,72.1,12.3,2.05,14.5
230,2017-11-15 17:16:53,3,2049,1741,64.7,77.1,72.1,12.3,2.05,14.5
231,2017-11-15 17:16:54,3,2050,1749,64.7,77.1,72.1,12.3,1.51,13.2
232,2017-11-15 17:16:55,3,2056,1758,64.7,77.1,72.1,12.3,-5.95,13.39
233,2017-11-15 17:16:56,3,2055,1762,64.7,77.1,72.0,12.3,-6.02,14.33
234,2017-11-15 17:16:57,3,2055,1762,64.7,77.1,72.0,12.3,-6.02,14.33
235,2017-11-15 17:16:58,3,2054,1771,64.7,77.1,72.1,12.3,-3.14,14.37
236,2017-11-15 17:16:59,3,2057,1774,64.7,77.1,72.1,12.3,0.41,13.92
237,2017-11-15 17:17:00,3,2047,1774,64.7,77.1,72.1,12.3,2.14,16.3
238,2017-11-15 17:17:01,3,2047,1774,64.7,77.1,72.1,12.3,2.14,16.3
239,2017-11-15 17:17:02,3,2057,1775,64.7,77.1,72.1,12.3,2.37,13.56
240,2017-11-15 17:17:03,3,2052,1770,64.7,77.1,72.1,12.3,2.32,15.32
241,2017-11-15 17:17:04,3,2052,1770,64.7,77.1,72.1,12.3,2.32,15.32
242,2017-11-15 17:17:05,3,2052,1768,64.7,77.1,72.0,12.3,4.19,15.9
243,2017-11-15 17:17:06,3,2047,1756,64.7,77.1,72.1,12.4,-3.25,15.29
244,2017-11-15 17:17:07,3,2047,1751,64.7,77.1,72.1,12.4,2.33,14.81
245,2017-11-15 17:17:08,3,2047,1751,64.7,77.1,72.1,12.4,2.33,14.81
246,2017-11-15 17:17:09,3,2055,1748,64.7,77.1,72.1,12.4,-2.2,15.31
247,2017-11-15 17:17:10,3,2058,1749,64.7,77.1,72.0,12.4,-3.5,15.18
248,2017-11-15 17:17:11,3,2058,1749,64.7,77.1,72.0,12.4,-3.5,15.18
249,2017-11-15 17:17:13,3,2054,1744,64.7,77.1,72.0,12.3,-10.05,14.94
250,2017-11-15 17:17:14,3,2057,1739,64.7,77.1,72.1,12.3,-4.58,13.64
251,2017-11-15 17:17:15,3,2057,1739,64.7,77.1,72.1,12.3,-4.58,13.64
252,2017-11-15 17:17:16,3,2045,1737,64.7,77.1,72.1,12.3,-2.74,13.46
253,2017-11-15 17:17:17,3,2061,1741,64.7,77.1,72.0,12.3,1.06,14.7
254,2017-11-15 17:17:18,3,2058,1752,64.7,77.1,72.0,12.3,5.72,13.14
255,2017-11-15 17:17:19,3,2058,1752,64.7,77.1,72.1,12.3,5.72,13.14
256,2017-11-15 17:17:20,3,2054,1756,64.7,77.1,72.0,12.3,-3.61,12.71
257,2017-11-15 17:17:21,3,2047,1757,64.7,77.1,72.1,12.3,-0.19,14.37
258,2017-11-15 17:17:22,3,2047,1757,64.7,77.1,72.1,12.3,-0.19,14.37
259,2017-11-15 17:17:23,3,2056,1755,64.7,77.1,72.1,12.3,-3.01,15.3
260,2017-11-15 17:17:24,3,2066,1763,64.7,77.1,72.0,12.3,5.09,15.64
261,2017-11-15 17:17:25,3,2064,1771,64.7,77.1,72.1,12.3,-6.2,12.65
262,2017-11-15 17:17:26,3,2064,1771,64.7,77.1,72.1,12.3,-6.2,12.65
263,2017-11-15 17:17:27,3,2052,1770,64.7,77.1,72.0,12.3,-1.64,16.67
264,2017-11-15 17:17:28,3,2043,1755,64.7,77.1,72.0,12.4,1.06,16.18
265,2017-11-15 17:17:29,3,2043,1755,64.7,77.1,72.0,12.4,1.06,16.18
266,2017-11-15 17:17:30,3,2039,1736,64.7,77.1,72.0,12.4,1.83,15.95
267,2017-11-15 17:17:31,3,2063,1732,64.7,77.1,72.1,12.4,-7.44,11.29
268,2017-11-15 17:17:32,3,2074,1737,64.7,77.1,72.1,12.3,-0.96,12.32
269,2017-11-15 17:17:33,3,2074,1737,64.7,77.1,72.1,12.3,-0.96,12.32
270,2017-11-15 17:17:34,3,2059,1741,64.7,77.1,72.0,12.3,3.23,11.89
271,2017-11-15 17:17:35,3,2054,1736,64.7,77.1,72.1,12.3,0.64,15.02
272,2017-11-15 17:17:36,3,2063,1734,64.7,77.1,72.1,12.3,2.01,12.44
273,2017-11-15 17:17:37,3,2063,1734,64.7,77.1,72.1,12.3,2.01,12.44
274,2017-11-15 17:17:38,3,2066,1746,64.7,77.1,72.0,12.4,-5.51,13.48
275,2017-11-15 17:17:39,3,2062,1755,64.7,77.1,72.0,12.4,-0.15,13.98
276,2017-11-15 17:17:40,3,2062,1755,64.7,77.1,72.0,12.4,-0.15,13.98
277,2017-11-15 17:17:41,3,2054,1758,64.7,77.1,72.0,12.3,3.67,13.02
278,2017-11-15 17:17:42,3,2054,1754,64.7,77.1,72.0,12.3,13.4,14.12
279,2017-11-15 17:17:43,3,2061,1755,64.7,77.1,72.0,12.3,2.68,12.47
280,2017-11-15 17:17:44,3,2061,1755,64.7,77.1,72.0,12.3,2.68,12.47
281,2017-11-15 17:17:45,3,2053,1759,64.7,77.1,72.1,12.3,2.84,15.84
282,2017-11-15 17:17:46,3,2057,1761,64.7,77.1,72.0,12.3,1.87,16.98
283,2017-11-15 17:17:47,3,2057,1761,64.7,77.1,72.0,12.3,1.87,16.98
284,2017-11-15 17:17:48,3,2057,1765,64.7,77.1,72.1,12.3,11.71,13.96
285,2017-11-15 17:17:49,3,2046,1758,64.7,77.1,72.0,12.4,3.61,14.45
286,2017-11-15 17:17:50,3,2042,1749,64.7,77.1,72.1,12.3,-2.22,13.13
287,2017-11-15 17:17:51,3,2042,1749,64.7,77.1,72.1,12.3,-2.22,13.13
288,2017-11-15 17:17:52,3,2039,1739,64.7,77.1,72.1,12.3,-5.1,13.05
289,2017-11-15 17:17:53,3,2062,1742,64.7,77.1,72.0,12.3,3.49,15.15
290,2017-11-15 17:17:54,3,2054,1743,64.7,77.1,72.0,12.3,-1.82,13.3
291,2017-11-15 17:17:55,3,2054,1743,64.7,77.1,72.0,12.3,-1.82,13.3
292,2017-11-15 17:17:56,3,2060,1751,64.7,77.1,72.0,12.3,-4.61,16.69
293,2017-11-15 17:17:57,3,2062,1761,64.7,77.1,72.0,12.4,0.28,18.14
294,2017-11-15 17:17:58,3,2062,1761,64.7,77.1,72.0,12.4,0.28,18.14
295,2017-11-15 17:17:59,3,2049,1764,64.8,77.1,72.1,12.4,3.79,17.22
296,2017-11-15 17:18:00,3,2045,1760,64.7,77.1,72.1,12.4,9.64,18.09
297,2017-11-15 17:18:01,3,2044,1751,64.7,77.1,72.1,12.4,12.58,13.54
298,2017-11-15 17:18:02,3,2044,1751,64.7,77.1,72.1,12.4,12.58,13.54
299,2017-11-15 17:18:03,3,2050,1744,64.7,77.1,72.0,12.4,-2.04,14.55
300,2017-11-15 17:18:04,3,2058,1737,64.7,77.1,72.0,12.4,-0.4,15.74
301,2017-11-15 17:18:05,3,2049,1728,64.7,77.1,72.1,12.4,9.16,15.52
302,2017-11-15 17:18:06,3,2049,1728,64.7,77.1,72.1,12.4,9.16,15.52
303,2017-11-15 17:18:07,3,2028,1723,64.7,77.1,72.1,12.4,0.07,15.28
304,2017-11-15 17:18:08,3,1972,1726,64.7,77.1,72.0,12.4,-8.43,16.07
305,2017-11-15 17:18:09,3,1972,1726,64.7,77.1,72.0,12.4,-8.43,16.07
306,2017-11-15 17:18:10,3,2036,1740,64.7,77.1,72.0,12.4,-7.78,14.96
307,2017-11-15 17:18:11,3,2060,1756,64.7,77.1,72.1,12.3,5.5,15.66
308,2017-11-15 17:18:12,3,2054,1758,64.7,77.1,72.1,12.3,9.07,13.63
309,2017-11-15 17:18:13,3,2054,1758,64.7,77.1,72.1,12.3,9.07,13.63
310,2017-11-15 17:18:14,3,2048,1758,64.7,77.1,72.1,12.3,-13.24,12.42
311,2017-11-15 17:18:15,3,2039,1751,64.7,77.1,72.1,12.3,5.97,14.97
312,2017-11-15 17:18:16,3,2039,1751,64.7,77.1,72.1,12.3,5.97,14.97
313,2017-11-15 17:18:17,3,2044,1747,64.7,77.1,72.1,12.4,10.52,15.44
314,2017-11-15 17:18:18,3,2044,1739,64.7,77.1,72.0,12.4,8.98,13.9
315,2017-11-15 17:18:19,3,2051,1736,64.7,77.1,72.1,12.4,4.26,14.91
316,2017-11-15 17:18:20,3,2051,1736,64.7,77.1,72.1,12.4,4.26,14.91
317,2017-11-15 17:18:21,3,2057,1738,64.7,77.1,72.1,12.4,-5.03,14.52
318,2017-11-15 17:18:22,3,2054,1735,64.7,77.1,72.1,12.4,8.72,13.79
319,2017-11-15 17:18:23,3,2060,1740,64.7,77.1,72.1,12.4,3.27,9.63
320,2017-11-15 17:18:24,3,2060,1740,64.7,77.1,72.1,12.4,3.27,9.63
321,2017-11-15 17:18:25,3,2053,1746,64.7,77.1,72.1,12.4,5.99,14.21
322,2017-11-15 17:18:26,3,2046,1749,64.7,77.1,72.1,12.4,-11.63,14.27
323,2017-11-15 17:18:27,3,2046,1749,64.7,77.1,72.1,12.4,-11.63,14.27
324,2017-11-15 17:18:28,3,2049,1747,64.7,77.1,72.1,12.4,-5.95,12.1
325,2017-11-15 17:18:29,3,2045,1747,64.7,77.1,72.1,12.4,-7.28,12.03
326,2017-11-15 17:18:30,3,2051,1751,64.7,77.1,72.1,12.4,0.12,12.18
327,2017-11-15 17:18:31,3,2051,1751,64.7,77.1,72.1,12.4,0.12,12.18
328,2017-11-15 17:18:32,3,2060,1759,64.7,77.1,72.1,12.4,-11.58,12.37
329,2017-11-15 17:18:33,3,2071,1774,64.7,77.1,72.1,12.4,1.92,14.97
330,2017-11-15 17:18:34,3,2071,1774,64.7,77.1,72.1,12.4,1.92,14.97
331,2017-11-15 17:18:35,3,2066,1789,64.7,77.1,72.0,12.4,10.42,15.96
332,2017-11-15 17:18:36,3,2053,1795,64.7,77.1,72.0,12.4,8.87,17.83
333,2017-11-15 17:18:37,3,2052,1789,64.7,77.1,72.1,12.4,4.89,16.85
334,2017-11-15 17:18:38,3,2052,1789,64.7,77.1,72.1,12.4,4.89,16.85
335,2017-11-15 17:18:39,3,2047,1777,64.7,77.1,72.1,12.4,6.62,16.07
336,2017-11-15 17:18:40,3,2045,1763,64.7,77.1,72.0,12.4,3.97,18.06
337,2017-11-15 17:18:41,3,2045,1763,64.7,77.1,72.0,12.4,3.97,18.06
338,2017-11-15 17:18:42,3,2042,1752,64.7,77.1,72.1,12.4,10.99,17.81
339,2017-11-15 17:18:43,3,2051,1740,64.7,77.1,72.1,12.4,5.27,14.89
340,2017-11-15 17:18:44,3,2042,1728,64.7,77.1,72.0,12.4,-0.1,16.04
341,2017-11-15 17:18:45,3,2042,1728,64.7,77.1,72.0,12.4,-0.1,16.04
342,2017-11-15 17:18:46,3,2048,1718,64.7,77.1,72.0,12.4,-1.34,17.06
343,2017-11-15 17:18:47,3,2009,1717,64.7,77.1,72.0,12.4,11.32,16.46
344,2017-11-15 17:18:48,3,1996,1724,64.7,77.1,72.0,12.4,12.47,15.35
345,2017-11-15 17:18:49,3,1996,1724,64.7,77.1,72.0,12.4,12.47,15.35
346,2017-11-15 17:18:50,3,2055,1735,64.7,77.1,72.1,12.4,2.08,13.93
347,2017-11-15 17:18:51,3,2044,1739,64.7,77.1,72.0,12.4,5.09,12.44
348,2017-11-15 17:18:53,3,2056,1739,64.7,77.1,72.0,12.4,12.31,12.91
349,2017-11-15 17:18:54,3,2050,1740,64.7,77.1,72.0,12.4,8.72,14.06
350,2017-11-15 17:18:55,3,2043,1741,64.7,77.1,72.1,12.3,-2.35,13.26
351,2017-11-15 17:18:56,3,2043,1741,64.7,77.1,72.1,12.3,-2.35,13.26
352,2017-11-15 17:18:57,3,2053,1743,64.7,77.1,72.0,12.4,8.0,13.92
353,2017-11-15 17:18:58,3,2057,1748,64.7,77.1,72.0,12.4,5.97,16.51
354,2017-11-15 17:18:59,3,2044,1753,64.7,77.1,72.1,12.4,2.12,14.31
355,2017-11-15 17:19:00,3,2044,1753,64.7,77.1,72.1,12.4,2.12,14.31
356,2017-11-15 17:19:01,3,2054,1756,64.7,77.1,72.1,12.4,-0.92,14.79
357,2017-11-15 17:19:02,3,2049,1757,64.7,77.1,72.1,12.4,-0.01,15.84
358,2017-11-15 17:19:03,3,2049,1757,64.7,77.1,72.1,12.4,-0.01,15.84
359,2017-11-15 17:19:04,3,2050,1759,64.7,77.1,72.0,12.4,3.2,14.98
360,2017-11-15 17:19:05,3,2060,1769,64.7,77.1,72.1,12.4,3.97,14.59
361,2017-11-15 17:19:06,3,2066,1783,64.7,77.1,72.1,12.4,0.71,14.89
362,2017-11-15 17:19:07,3,2066,1783,64.7,77.1,72.1,12.4,0.71,14.89
363,2017-11-15 17:19:08,3,2055,1793,64.7,77.1,72.1,12.4,-3.44,15.03
364,2017-11-15 17:19:09,3,2047,1791,64.7,77.1,72.1,12.4,1.34,15.77
365,2017-11-15 17:19:10,3,2047,1791,64.7,77.1,72.1,12.4,1.34,15.77
366,2017-11-15 17:19:11,3,2053,1784,64.7,77.1,72.0,12.4,7.3,15.82
367,2017-11-15 17:19:12,3,2049,1774,64.7,77.1,72.1,12.4,19.43,17.8
368,2017-11-15 17:19:13,3,2048,1764,64.7,77.1,72.1,12.4,15.29,15.53
369,2017-11-15 17:19:14,3,2048,1764,64.7,77.1,72.1,12.4,15.29,15.53
370,2017-11-15 17:19:15,3,2053,1754,64.7,77.1,72.0,12.4,12.4,17.36
371,2017-11-15 17:19:16,3,2041,1740,64.7,77.1,72.0,12.4,15.08,18.9
372,2017-11-15 17:19:17,3,2053,1735,64.7,77.1,72.0,12.4,19.78,17.59
373,2017-11-15 17:19:18,3,2053,1735,64.7,77.1,72.0,12.4,19.78,17.59
374,2017-11-15 17:19:19,3,2057,1731,64.7,77.1,72.1,12.4,19.13,16.91
375,2017-11-15 17:19:20,3,2053,1728,64.7,77.1,72.1,12.4,2.66,15.3
376,2017-11-15 17:19:21,3,2053,1728,64.7,77.1,72.1,12.4,2.66,15.3
377,2017-11-15 17:19:22,3,2056,1734,64.7,77.1,72.1,12.4,7.21,16.42
378,2017-11-15 17:19:23,3,2072,1749,64.7,77.1,72.0,12.4,16.81,15.74
379,2017-11-15 17:19:24,3,2076,1773,64.7,77.1,72.0,12.4,19.67,16.66
380,2017-11-15 17:19:25,3,2076,1773,64.7,77.1,72.0,12.4,19.67,16.66
381,2017-11-15 17:19:26,3,2054,1780,64.7,77.1,72.0,12.4,-3.17,15.3
382,2017-11-15 17:19:27,3,2044,1772,64.7,77.1,72.0,12.4,1.72,16.83
383,2017-11-15 17:19:28,3,2044,1772,64.7,77.1,72.0,12.4,1.72,16.83
384,2017-11-15 17:19:29,3,2045,1758,64.7,77.1,72.0,12.4,7.3,16.4
385,2017-11-15 17:19:30,3,2044,1749,64.7,77.1,72.1,12.4,14.5,16.5
386,2017-11-15 17:19:31,3,2063,1754,64.7,77.1,72.1,12.4,4.98,13.99
387,2017-11-15 17:19:32,3,2063,1754,64.7,77.1,72.1,12.4,4.98,13.99
388,2017-11-15 17:19:33,3,2064,1768,64.7,77.1,72.1,12.4,-1.34,12.54
389,2017-11-15 17:19:34,3,2060,1776,64.7,77.1,72.0,12.4,-1.93,12.84
390,2017-11-15 17:19:35,3,2060,1776,64.7,77.1,72.0,12.4,-1.93,12.84
391,2017-11-15 17:19:36,3,2061,1784,64.8,77.1,72.1,12.4,6.01,16.61
392,2017-11-15 17:19:37,3,2046,1781,64.7,77.1,72.0,12.4,-2.6,14.99
393,2017-11-15 17:19:39,3,2046,1776,64.7,77.1,72.0,12.4,2.86,19.22
394,2017-11-15 17:19:40,3,2051,1767,64.7,77.1,72.0,12.4,3.81,19.39
395,2017-11-15 17:19:41,3,2059,1762,64.7,77.1,72.1,12.4,2.33,19.13
396,2017-11-15 17:19:42,3,2045,1742,64.7,77.1,72.0,12.4,-2.72,17.05
397,2017-11-15 17:19:43,3,2045,1742,64.7,77.1,72.0,12.4,-2.72,17.05
398,2017-11-15 17:19:44,3,2046,1728,64.7,77.1,72.1,12.4,-3.1,18.13
399,2017-11-15 17:19:45,3,2064,1731,64.7,77.1,72.1,12.4,-3.57,17.49
400,2017-11-15 17:19:46,3,2064,1731,64.7,77.1,72.1,12.4,-3.57,17.49
401,2017-11-15 17:19:47,3,2054,1734,64.7,77.1,72.0,12.4,-0.83,12.8
402,2017-11-15 17:19:48,3,2059,1734,64.7,77.1,72.0,12.4,-1.43,16.5
403,2017-11-15 17:19:49,3,2044,1732,64.7,77.1,72.0,12.4,-0.8,14.83
404,2017-11-15 17:19:50,3,2044,1732,64.7,77.1,72.0,12.4,-0.8,14.83
405,2017-11-15 17:19:51,3,2052,1735,64.7,77.1,72.0,12.4,-3.48,16.65
406,2017-11-15 17:19:52,3,2066,1741,64.7,77.1,72.0,12.4,0.39,14.69
407,2017-11-15 17:19:53,3,2066,1741,64.7,77.1,72.0,12.4,0.39,14.69
408,2017-11-15 17:19:54,3,2060,1744,64.7,77.1,72.1,12.4,-5.69,15.73
409,2017-11-15 17:19:55,3,2060,1746,64.7,77.1,72.0,12.4,-6.49,16.9
410,2017-11-15 17:19:56,3,2054,1740,64.7,77.1,72.0,12.4,-5.68,18.29
411,2017-11-15 17:19:57,3,2054,1740,64.7,77.1,72.0,12.4,-5.68,18.29
412,2017-11-15 17:19:58,3,2055,1735,64.7,77.1,72.1,12.4,-7.21,17.03
413,2017-11-15 17:19:59,3,2050,1729,64.7,77.1,72.1,12.4,-8.36,14.98
414,2017-11-15 17:20:01,3,2077,1743,64.7,77.1,72.1,12.4,-11.42,15.17
415,2017-11-15 17:20:02,3,2077,1743,64.7,77.1,72.1,12.4,-11.42,15.17
416,2017-11-15 17:20:03,3,2066,1753,64.7,77.1,72.1,12.4,1.4,15.21
417,2017-11-15 17:20:04,3,2060,1755,64.7,77.1,72.0,12.4,-0.67,13.74
418,2017-11-15 17:20:05,3,2053,1749,64.7,77.1,72.0,12.4,0.34,14.4
419,2017-11-15 17:20:06,3,2053,1749,64.7,77.1,72.0,12.4,0.34,14.4
420,2017-11-15 17:20:07,3,2058,1742,64.7,77.1,72.1,12.4,0.73,14.4
421,2017-11-15 17:20:08,3,2052,1740,64.7,77.1,72.1,12.4,-1.46,13.33
422,2017-11-15 17:20:09,3,2052,1740,64.7,77.1,72.1,12.4,-1.46,13.33
423,2017-11-15 17:20:10,3,2052,1731,64.7,77.1,72.1,12.4,0.64,13.92
424,2017-11-15 17:20:11,3,2055,1728,64.7,77.1,72.0,12.4,4.26,11.3
425,2017-11-15 17:20:12,3,2025,1729,64.7,77.1,72.0,12.4,1.38,12.96
426,2017-11-15 17:20:13,3,2025,1729,64.7,77.1,72.0,12.4,1.38,12.96
427,2017-11-15 17:20:15,3,2060,1746,64.7,77.1,72.1,12.4,-2.4,12.59
428,2017-11-15 17:20:18,3,2065,1765,64.7,77.1,72.1,12.4,-2.24,13.85
429,2017-11-15 17:20:19,3,2061,1772,64.7,77.1,72.1,12.4,-5.55,15.21
430,2017-11-15 17:20:20,3,2061,1772,64.7,77.1,72.1,12.4,-5.55,15.21
431,2017-11-15 17:20:21,3,2062,1775,64.7,77.1,72.0,12.4,2.24,17.03
432,2017-11-15 17:20:23,3,2052,1776,64.7,77.1,72.0,12.4,8.0,17.41
433,2017-11-15 17:20:24,3,2057,1777,64.7,77.1,72.1,12.4,2.8,14.8
434,2017-11-15 17:20:25,3,2060,1776,64.7,77.1,72.1,12.4,-4.06,16.08
435,2017-11-15 17:20:26,3,2040,1765,64.7,77.1,72.1,12.4,-1.43,18.14
436,2017-11-15 17:20:27,3,2040,1765,64.7,77.1,72.1,12.4,-1.43,18.14
437,2017-11-15 17:20:28,3,2046,1755,64.7,77.1,72.1,12.4,-1.37,15.79
438,2017-11-15 17:20:29,3,2049,1744,64.7,77.1,72.0,12.4,2.71,14.06
439,2017-11-15 17:20:30,3,2049,1744,64.7,77.1,72.0,12.4,2.71,14.06
440,2017-11-15 17:20:31,3,2052,1735,64.7,77.1,72.1,12.4,3.58,17.58
441,2017-11-15 17:20:32,3,2054,1737,64.7,77.1,72.1,12.4,1.74,15.37
442,2017-11-15 17:20:33,3,2067,1742,64.7,77.1,72.1,12.4,-0.71,14.88
443,2017-11-15 17:20:34,3,2067,1742,64.7,77.1,72.1,12.4,-0.71,14.88
444,2017-11-15 17:20:35,3,2048,1748,64.7,77.1,72.1,12.4,5.97,14.91
445,2017-11-15 17:20:36,3,2048,1749,64.7,77.1,72.1,12.4,10.72,15.61
446,2017-11-15 17:20:37,3,2048,1749,64.7,77.1,72.1,12.4,10.72,15.61
447,2017-11-15 17:20:38,3,2056,1745,64.8,77.1,72.1,12.4,1.88,16.88
448,2017-11-15 17:20:39,3,2040,1740,64.8,77.1,72.1,12.4,2.77,17.42
449,2017-11-15 17:20:40,3,2052,1736,64.8,77.1,72.1,12.4,11.57,17.52
450,2017-11-15 17:20:41,3,2052,1736,64.8,77.1,72.1,12.4,11.57,17.52
451,2017-11-15 17:20:42,3,2057,1732,64.8,77.1,72.1,12.4,2.06,13.71
452,2017-11-15 17:20:43,3,2049,1731,64.8,77.1,72.1,12.4,3.32,15.87
453,2017-11-15 17:20:44,3,2055,1733,64.8,77.1,72.1,12.4,8.08,16.45
454,2017-11-15 17:20:45,3,2055,1733,64.8,77.1,72.1,12.4,8.08,16.45
455,2017-11-15 17:20:46,3,2042,1736,64.8,77.1,72.0,12.4,11.71,13.42
456,2017-11-15 17:20:47,3,2058,1743,64.8,77.1,72.0,12.4,-3.79,13.09
457,2017-11-15 17:20:48,3,2058,1743,64.8,77.1,72.0,12.4,-3.79,13.09
458,2017-11-15 17:20:49,3,2063,1755,64.8,77.1,72.0,12.4,-7.46,14.22
459,2017-11-15 17:20:50,3,2046,1755,64.8,77.1,72.1,12.4,8.6,17.21
460,2017-11-15 17:20:51,3,2050,1759,64.8,77.1,72.1,12.4,3.34,18.6
461,2017-11-15 17:20:52,3,2050,1759,64.8,77.1,72.1,12.4,3.34,18.6
462,2017-11-15 17:20:53,3,2042,1758,64.8,77.1,72.1,12.4,3.16,17.69
463,2017-11-15 17:20:54,3,2048,1751,64.8,77.1,72.1,12.4,0.77,15.87
464,2017-11-15 17:20:55,3,2048,1751,64.8,77.1,72.1,12.4,0.77,15.87
465,2017-11-15 17:20:56,3,2054,1742,64.8,77.1,72.0,12.4,4.51,15.54
466,2017-11-15 17:20:57,3,2055,1743,64.8,77.1,72.1,12.4,15.92,14.42
467,2017-11-15 17:20:58,3,2066,1749,64.8,77.1,72.1,12.4,21.22,14.34
468,2017-11-15 17:20:59,3,2066,1749,64.8,77.1,72.1,12.4,21.22,14.34
469,2017-11-15 17:21:00,3,2056,1752,64.8,77.1,72.1,12.4,4.08,12.94
470,2017-11-15 17:21:01,3,2049,1751,64.8,77.1,72.1,12.4,-0.42,15.95
471,2017-11-15 17:21:02,3,2052,1741,64.8,77.1,72.1,12.4,-1.41,16.7
472,2017-11-15 17:21:03,3,2052,1741,64.8,77.1,72.0,12.4,-1.41,16.7
473,2017-11-15 17:21:04,3,2045,1731,64.8,77.1,72.0,12.4,5.16,14.79
474,2017-11-15 17:21:05,3,2040,1731,64.8,77.1,72.1,12.4,2.68,14.18
475,2017-11-15 17:21:06,3,2040,1731,64.8,77.1,72.1,12.4,2.68,14.18
476,2017-11-15 17:21:07,3,2071,1745,64.8,77.1,72.1,12.4,9.16,11.82
477,2017-11-15 17:21:08,3,2069,1759,64.8,77.1,72.1,12.4,6.42,14.99
478,2017-11-15 17:21:09,3,2054,1766,64.8,77.1,72.1,12.4,15.78,13.86
479,2017-11-15 17:21:10,3,2054,1766,64.8,77.1,72.1,12.4,15.78,13.86
480,2017-11-15 17:21:11,3,2056,1771,64.8,77.1,72.1,12.4,5.0,14.13
481,2017-11-15 17:21:12,3,2062,1778,64.8,77.1,72.1,12.4,1.74,15.44
482,2017-11-15 17:21:13,3,2062,1778,64.8,77.1,72.1,12.4,1.74,15.44
483,2017-11-15 17:21:14,3,2045,1774,64.8,77.1,72.0,12.4,0.03,17.75
484,2017-11-15 17:21:15,3,2045,1761,64.8,77.1,72.0,12.4,5.38,15.77
485,2017-11-15 17:21:16,3,2052,1743,64.8,77.1,72.1,12.4,4.75,15.1
486,2017-11-15 17:21:17,3,2052,1743,64.8,77.1,72.1,12.4,4.75,15.1
487,2017-11-15 17:21:18,3,2063,1734,64.8,77.1,72.0,12.4,-3.55,15.52
488,2017-11-15 17:21:19,3,2065,1735,64.8,77.1,72.0,12.4,-1.93,17.1
489,2017-11-15 17:21:20,3,2065,1735,64.8,77.1,72.0,12.4,-1.93,17.1
490,2017-11-15 17:21:21,3,2076,1743,64.8,77.1,72.0,12.4,-3.01,14.78
491,2017-11-15 17:21:22,3,2056,1747,64.8,77.1,72.1,12.4,4.26,15.42
492,2017-11-15 17:21:23,3,2062,1749,64.8,77.1,72.0,12.4,-3.25,16.94
493,2017-11-15 17:21:24,3,2062,1749,64.8,77.1,72.0,12.4,-3.25,16.94
494,2017-11-15 17:21:25,3,2065,1753,64.8,77.1,72.0,12.4,-2.98,16.29
495,2017-11-15 17:21:26,3,2057,1752,64.8,77.1,72.0,12.4,6.17,15.86
496,2017-11-15 17:21:27,3,2057,1752,64.8,77.1,72.0,12.4,6.17,15.86
497,2017-11-15 17:21:28,3,2052,1752,64.8,77.1,72.1,12.4,12.81,12.59
498,2017-11-15 17:21:29,3,2046,1746,64.8,77.1,72.0,12.4,2.01,12.19
499,2017-11-15 17:21:30,3,2045,1742,64.8,77.1,72.1,12.4,2.77,13.03
500,2017-11-15 17:21:31,3,2045,1742,64.8,77.1,72.1,12.4,2.77,13.03
501,2017-11-15 17:21:32,3,2046,1739,64.8,77.1,72.0,12.4,0.97,13.26
502,2017-11-15 17:21:33,3,2060,1737,64.8,77.1,72.0,12.4,8.24,11.87
503,2017-11-15 17:21:34,3,2047,1737,64.8,77.1,72.1,12.4,11.84,12.93
504,2017-11-15 17:21:35,3,2047,1737,64.8,77.1,72.1,12.4,11.84,12.93
505,2017-11-15 17:21:36,3,2066,1741,64.8,77.1,72.0,12.4,5.59,14.22
506,2017-11-15 17:21:37,3,2062,1746,64.8,77.1,72.1,12.4,-1.0,15.82
507,2017-11-15 17:21:38,3,2062,1746,64.8,77.1,72.1,12.4,-1.0,15.82
508,2017-11-15 17:21:39,3,2052,1748,64.8,77.1,72.0,12.4,1.85,14.18
509,2017-11-15 17:21:40,3,2062,1749,64.8,77.1,72.1,12.4,9.66,14.28
510,2017-11-15 17:21:41,3,2059,1749,64.8,77.1,72.0,12.4,5.16,14.61
511,2017-11-15 17:21:42,3,2059,1749,64.8,77.1,72.0,12.4,5.16,14.61
512,2017-11-15 17:21:43,3,2060,1755,64.8,77.1,72.1,12.4,0.17,16.76
513,2017-11-15 17:21:44,3,2061,1760,64.8,77.1,72.0,12.4,2.66,15.01
514,2017-11-15 17:21:45,3,2059,1759,64.8,77.1,72.1,12.4,9.89,15.73
515,2017-11-15 17:21:46,3,2059,1759,64.8,77.1,72.1,12.4,9.89,15.73
516,2017-11-15 17:21:47,3,2055,1761,64.8,77.1,72.0,12.4,5.7,14.62
517,2017-11-15 17:21:48,3,2057,1767,64.8,77.1,72.1,12.4,7.63,15.74
518,2017-11-15 17:21:49,3,2057,1767,64.8,77.1,72.1,12.4,7.63,15.74
519,2017-11-15 17:21:50,3,2060,1769,64.8,77.1,72.0,12.4,0.59,13.84
520,2017-11-15 17:21:51,3,2054,1766,64.8,77.1,72.1,12.4,4.98,18.15
521,2017-11-15 17:21:52,3,2057,1760,64.8,77.1,72.0,12.4,-2.9,15.81
522,2017-11-15 17:21:53,3,2057,1760,64.8,77.1,72.0,12.4,-2.9,15.81
523,2017-11-15 17:21:54,3,2047,1750,64.8,77.1,72.0,12.4,-1.52,14.68
524,2017-11-15 17:21:55,3,2058,1742,64.8,77.1,72.1,12.4,-2.33,14.77
525,2017-11-15 17:21:56,3,2058,1742,64.8,77.1,72.1,12.4,-2.33,14.77
526,2017-11-15 17:21:57,3,2055,1731,64.8,77.1,72.0,12.4,6.37,15.76
527,2017-11-15 17:21:58,3,2049,1731,64.8,77.1,72.0,12.4,3.7,13.1
528,2017-11-15 17:21:59,3,2054,1732,64.8,77.1,72.1,12.4,0.21,14.26
529,2017-11-15 17:22:00,3,2054,1732,64.8,77.1,72.1,12.4,0.21,14.26
530,2017-11-15 17:22:01,3,2059,1743,64.8,77.1,72.0,12.4,5.3,13.07
531,2017-11-15 17:22:02,3,2061,1760,64.8,77.1,72.0,12.4,8.24,14.24
532,2017-11-15 17:22:03,3,2061,1760,64.8,77.1,72.0,12.4,8.24,14.24
533,2017-11-15 17:22:04,3,2066,1773,64.8,77.1,72.0,12.4,12.52,15.47
534,2017-11-15 17:22:05,3,2061,1779,64.8,77.1,72.0,12.4,5.21,14.82
535,2017-11-15 17:22:06,3,2063,1779,64.8,77.1,72.1,12.4,-3.88,14.47
536,2017-11-15 17:22:07,3,2063,1779,64.8,77.1,72.1,12.4,-3.88,14.47
537,2017-11-15 17:22:08,3,2047,1773,64.8,77.1,72.1,12.4,7.41,16.51
538,2017-11-15 17:22:09,3,2050,1768,64.8,77.1,72.1,12.4,13.64,15.88
539,2017-11-15 17:22:10,3,2064,1768,64.8,77.1,72.0,12.4,15.96,18.37
540,2017-11-15 17:22:11,3,2064,1768,64.8,77.1,72.0,12.4,15.96,18.37
541,2017-11-15 17:22:13,3,2053,1757,64.8,77.1,72.0,12.4,-1.63,18.24
542,2017-11-15 17:22:14,3,2053,1757,64.8,77.1,72.0,12.4,-1.63,18.24
543,2017-11-15 17:22:15,3,2061,1755,64.8,77.1,72.0,12.4,-2.81,17.16
544,2017-11-15 17:22:16,3,2057,1756,64.8,77.1,72.0,12.4,-2.53,14.44
545,2017-11-15 17:22:17,3,2060,1752,64.8,77.1,72.0,12.4,-3.82,14.72
546,2017-11-15 17:22:18,3,2060,1752,64.8,77.1,72.0,12.4,-3.82,14.72
547,2017-11-15 17:22:19,3,2056,1744,64.8,77.1,72.0,12.4,-0.85,16.04
548,2017-11-15 17:22:20,3,2056,1740,64.8,77.1,72.0,12.4,5.92,16.4
549,2017-11-15 17:22:21,3,2056,1740,64.8,77.1,72.0,12.4,5.92,16.4
550,2017-11-15 17:22:22,3,2064,1738,64.8,77.1,72.1,12.4,7.25,14.72
551,2017-11-15 17:22:23,3,2065,1737,64.8,77.1,72.1,12.4,8.29,13.22
552,2017-11-15 17:22:24,3,2055,1740,64.8,77.1,72.0,12.4,-1.7,15.83
553,2017-11-15 17:22:25,3,2055,1740,64.8,77.1,72.0,12.4,-1.7,15.83
554,2017-11-15 17:22:26,3,2050,1742,64.8,77.1,72.0,12.4,0.21,16.14
555,2017-11-15 17:22:27,3,2060,1744,64.8,77.1,72.0,12.4,1.69,12.55
556,2017-11-15 17:22:28,3,2060,1744,64.8,77.1,72.0,12.4,1.69,12.55
557,2017-11-15 17:22:29,3,2055,1751,64.8,77.1,72.0,12.4,10.85,16.01
558,2017-11-15 17:22:30,3,2055,1753,64.8,77.1,72.0,12.4,1.65,15.98
559,2017-11-15 17:22:31,3,2051,1750,64.8,77.1,72.0,12.4,2.84,16.5
560,2017-11-15 17:22:32,3,2051,1750,64.8,77.1,72.0,12.4,2.84,16.5
561,2017-11-15 17:22:33,3,2058,1741,64.8,77.1,72.0,12.4,-4.31,13.07
562,2017-11-15 17:22:34,3,2060,1737,64.8,77.1,72.0,12.4,-9.49,14.75
563,2017-11-15 17:22:35,3,2053,1739,64.8,77.1,72.0,12.4,-2.9,13.84
564,2017-11-15 17:22:36,3,2053,1739,64.8,77.1,72.0,12.4,-2.9,13.84
565,2017-11-15 17:22:37,3,2060,1747,64.8,77.1,72.1,12.4,-0.6,13.88
566,2017-11-15 17:22:38,3,2061,1746,64.8,77.1,72.0,12.4,6.06,16.01
567,2017-11-15 17:22:39,3,2061,1746,64.8,77.1,72.0,12.4,6.06,16.01
568,2017-11-15 17:22:40,3,2061,1746,64.8,77.1,72.0,12.4,3.0,12.83
569,2017-11-15 17:22:41,3,2065,1752,64.8,77.1,72.0,12.4,-2.2,14.17
570,2017-11-15 17:22:42,3,2058,1758,64.8,77.1,72.0,12.4,3.32,16.6
571,2017-11-15 17:22:43,3,2058,1758,64.8,77.1,72.0,12.4,3.32,16.6
572,2017-11-15 17:22:44,3,2056,1762,64.8,77.1,72.1,12.4,0.57,15.98
573,2017-11-15 17:22:45,3,2061,1764,64.8,77.1,72.0,12.4,7.61,12.28
574,2017-11-15 17:22:46,3,2061,1764,64.8,77.1,72.0,12.4,7.61,12.28
575,2017-11-15 17:22:47,3,2053,1767,64.8,77.1,72.0,12.4,6.92,15.16
576,2017-11-15 17:22:48,3,2059,1766,64.8,77.1,72.0,12.4,5.97,16.57
577,2017-11-15 17:22:49,3,2055,1761,64.8,77.1,72.1,12.4,4.4,16.26
578,2017-11-15 17:22:50,3,2055,1761,64.8,77.1,72.1,12.4,4.4,16.26
579,2017-11-15 17:22:51,3,2049,1754,64.8,77.1,72.1,12.4,14.07,14.7
580,2017-11-15 17:22:52,3,2047,1743,64.8,77.1,72.1,12.4,4.01,15.35
581,2017-11-15 17:22:53,3,2047,1743,64.8,77.1,72.1,12.4,4.01,15.35
582,2017-11-15 17:22:54,3,2048,1737,64.8,77.1,72.0,12.4,-0.65,15.14
583,2017-11-15 17:22:55,3,2059,1741,64.8,77.1,72.0,12.4,1.13,15.58
584,2017-11-15 17:22:56,3,2075,1754,64.8,77.1,72.0,12.4,9.46,14.84
585,2017-11-15 17:22:57,3,2075,1754,64.8,77.1,72.0,12.4,9.46,14.84
586,2017-11-15 17:22:58,3,2066,1762,64.8,77.1,72.1,12.4,9.01,15.71
587,2017-11-15 17:22:59,3,2049,1756,64.8,77.1,72.1,12.4,2.01,13.12
588,2017-11-15 17:23:00,3,2049,1748,64.8,77.1,72.1,12.4,-2.63,16.31
589,2017-11-15 17:23:01,3,2049,1748,64.8,77.1,72.1,12.4,-2.63,16.31
590,2017-11-15 17:23:02,3,2041,1744,64.8,77.1,72.0,12.4,-0.67,16.36
591,2017-11-15 17:23:03,3,2047,1750,64.8,77.1,72.0,12.4,-8.68,15.22
592,2017-11-15 17:23:04,3,2047,1750,64.8,77.1,72.0,12.4,-8.68,15.22
593,2017-11-15 17:23:05,3,2045,1751,64.8,77.1,72.1,12.4,-15.77,12.91
594,2017-11-15 17:23:06,3,2036,1748,64.8,77.1,72.1,12.4,-17.43,12.62
595,2017-11-15 17:23:08,3,2044,1743,64.7,77.1,72.1,12.4,-6.07,12.73
596,2017-11-15 17:23:09,3,2045,1739,64.7,77.1,72.0,12.4,11.86,14.02
597,2017-11-15 17:23:10,3,2042,1731,64.7,77.1,72.0,12.4,14.02,11.47
598,2017-11-15 17:23:11,3,2042,1731,64.7,77.1,72.0,12.4,14.02,11.47
599,2017-11-15 17:23:12,3,2048,1725,64.7,77.1,72.0,12.4,-0.1,14.97
600,2017-11-15 17:23:13,3,2020,1722,64.7,77.1,72.1,12.4,2.37,13.35
601,2017-11-15 17:23:14,3,1980,1725,64.7,77.1,72.0,12.4,7.45,11.41
602,2017-11-15 17:23:15,3,1980,1725,64.7,77.1,72.0,12.4,7.45,11.41
603,2017-11-15 17:23:16,3,1984,1729,64.7,77.1,72.1,12.4,20.41,14.06
604,2017-11-15 17:23:17,3,2020,1736,64.7,77.1,72.0,12.4,4.96,14.53
605,2017-11-15 17:23:18,3,2020,1736,64.7,77.1,72.0,12.4,4.96,14.53
606,2017-11-15 17:23:19,3,2060,1743,64.7,77.1,72.1,12.4,8.47,14.62
607,2017-11-15 17:23:20,3,2061,1745,64.7,77.1,72.1,12.4,15.71,15.78
608,2017-11-15 17:23:21,3,2057,1752,64.7,77.1,72.1,12.4,18.05,14.56
609,2017-11-15 17:23:22,3,2057,1752,64.7,77.1,72.1,12.4,18.05,14.56
610,2017-11-15 17:23:23,3,2070,1768,64.7,77.1,72.1,12.4,11.98,14.8
611,2017-11-15 17:23:24,3,2066,1781,64.7,77.1,72.0,12.4,13.58,13.21
612,2017-11-15 17:23:25,3,2045,1775,64.7,77.1,72.0,12.4,12.38,16.88
613,2017-11-15 17:23:26,3,2045,1775,64.7,77.1,72.0,12.4,12.38,16.88
614,2017-11-15 17:23:27,3,2049,1765,64.7,77.1,72.1,12.4,4.13,15.98
615,2017-11-15 17:23:28,3,2054,1761,64.7,77.1,72.0,12.4,3.4,13.88
616,2017-11-15 17:23:29,3,2054,1761,64.7,77.1,72.0,12.4,3.4,13.88
617,2017-11-15 17:23:30,3,2063,1766,64.7,77.1,72.0,12.4,-4.67,15.76
618,2017-11-15 17:23:32,3,2059,1775,64.7,77.1,72.0,12.4,3.2,16.21
619,2017-11-15 17:23:33,3,2059,1775,64.7,77.1,72.0,12.4,3.2,16.21
620,2017-11-15 17:23:34,3,2051,1771,64.7,77.1,72.0,12.4,6.67,15.41
621,2017-11-15 17:23:35,3,2048,1762,64.7,77.1,72.1,12.4,-2.63,15.22
622,2017-11-15 17:23:36,3,2048,1762,64.7,77.1,72.1,12.4,-2.63,15.22
623,2017-11-15 17:23:37,3,2054,1753,64.7,77.1,72.0,12.4,-0.31,17.57
624,2017-11-15 17:23:38,3,2049,1742,64.7,77.1,72.1,12.4,10.13,16.48
625,2017-11-15 17:23:39,3,2053,1736,64.7,77.1,72.1,12.4,11.3,14.89
626,2017-11-15 17:23:40,3,2053,1736,64.7,77.1,72.1,12.4,11.3,14.89
627,2017-11-15 17:23:41,3,2056,1737,64.7,77.1,72.0,12.4,9.44,12.32
628,2017-11-15 17:23:42,3,2058,1740,64.7,77.1,72.0,12.4,1.0,15.37
629,2017-11-15 17:23:43,3,2058,1740,64.7,77.1,72.0,12.4,1.0,15.37
630,2017-11-15 17:23:44,3,2057,1744,64.7,77.1,72.1,12.4,6.83,13.74
631,2017-11-15 17:23:45,3,2055,1745,64.7,77.1,72.1,12.4,19.4,14.34
632,2017-11-15 17:23:46,3,2062,1748,64.7,77.1,72.1,12.4,11.53,15.53
633,2017-11-15 17:23:47,3,2062,1748,64.7,77.1,72.1,12.4,11.53,15.53
634,2017-11-15 17:23:48,3,2061,1751,64.7,77.1,72.0,12.4,4.78,15.23
635,2017-11-15 17:23:49,3,2051,1753,64.7,77.1,72.0,12.4,5.36,15.99
636,2017-11-15 17:23:50,3,2046,1748,64.7,77.1,72.0,12.4,11.71,14.25
637,2017-11-15 17:23:51,3,2046,1748,64.7,77.1,72.0,12.4,11.71,14.25
638,2017-11-15 17:23:52,3,2055,1743,64.7,77.1,72.0,12.4,6.4,14.59
639,2017-11-15 17:23:53,3,2045,1741,64.7,77.1,72.0,12.4,5.99,17.86
640,2017-11-15 17:23:54,3,2045,1741,64.7,77.1,72.0,12.4,5.99,17.86
641,2017-11-15 17:23:55,3,2061,1748,64.7,77.1,72.1,12.4,4.12,17.5
642,2017-11-15 17:23:56,3,2066,1754,64.7,77.1,72.1,12.4,6.76,17.04
643,2017-11-15 17:23:57,3,2055,1762,64.7,77.1,72.0,12.4,6.24,14.94
644,2017-11-15 17:23:58,3,2055,1762,64.7,77.1,72.0,12.4,6.24,14.94
645,2017-11-15 17:23:59,3,2058,1764,64.7,77.1,72.1,12.4,0.19,13.96
646,2017-11-15 17:24:00,3,2053,1757,64.7,77.1,72.0,12.4,6.26,15.98
647,2017-11-15 17:24:02,3,2050,1751,64.7,77.1,72.0,12.4,6.58,17.7
648,2017-11-15 17:24:03,3,2050,1751,64.7,77.1,72.1,12.4,-0.24,15.89
649,2017-11-15 17:24:04,3,2048,1749,64.8,77.1,72.0,12.4,1.54,17.08
650,2017-11-15 17:24:05,3,2048,1749,64.8,77.1,72.0,12.4,1.54,17.08
651,2017-11-15 17:24:06,3,2038,1739,64.7,77.1,72.0,12.4,-1.52,18.04
652,2017-11-15 17:24:07,3,2038,1733,64.7,77.1,72.0,12.4,-4.11,16.88
653,2017-11-15 17:24:08,3,2038,1733,64.7,77.1,72.0,12.4,-4.11,16.88
654,2017-11-15 17:24:09,3,2053,1736,64.7,77.1,72.0,12.4,4.91,17.42
655,2017-11-15 17:24:10,3,2065,1745,64.8,77.1,72.1,12.4,-1.9,13.87
656,2017-11-15 17:24:11,3,2051,1752,64.8,77.1,72.0,12.4,-10.39,15.54
657,2017-11-15 17:24:12,3,2051,1752,64.8,77.1,72.0,12.4,-10.39,15.54
658,2017-11-15 17:24:13,3,2047,1753,64.7,77.1,72.1,12.4,5.66,15.53
659,2017-11-15 17:24:14,3,2053,1749,64.7,77.1,72.1,12.4,5.38,15.51
660,2017-11-15 17:24:15,3,2053,1749,64.7,77.1,72.1,12.4,5.38,15.51
661,2017-11-15 17:24:16,3,2050,1743,64.7,77.1,72.0,12.4,-5.8,15.99
662,2017-11-15 17:24:17,3,2058,1746,64.7,77.1,72.0,12.4,-1.84,12.94
663,2017-11-15 17:24:18,3,2058,1755,64.7,77.1,72.0,12.4,-5.37,13.1
664,2017-11-15 17:24:19,3,2058,1755,64.7,77.1,72.0,12.4,-5.37,13.1
665,2017-11-15 17:24:20,3,2058,1759,64.7,77.1,72.0,12.4,0.07,15.33
666,2017-11-15 17:24:21,3,2047,1758,64.7,77.1,72.0,12.4,-3.23,14.93
667,2017-11-15 17:24:22,3,2044,1754,64.7,77.1,72.0,12.4,2.87,15.98
668,2017-11-15 17:24:23,3,2044,1754,64.7,77.1,72.0,12.4,2.87,15.98
669,2017-11-15 17:24:24,3,2051,1749,64.7,77.1,72.0,12.4,1.67,16.63
670,2017-11-15 17:24:25,3,2048,1741,64.7,77.1,72.0,12.4,5.7,14.28
671,2017-11-15 17:24:26,3,2048,1741,64.7,77.1,72.0,12.4,5.7,14.28
672,2017-11-15 17:24:27,3,2050,1741,64.8,77.1,72.1,12.4,3.7,14.39
673,2017-11-15 17:24:28,3,2068,1742,64.8,77.1,72.1,12.4,4.69,15.06
674,2017-11-15 17:24:29,3,2068,1742,64.8,77.1,72.1,12.4,4.69,15.06
675,2017-11-15 17:24:30,3,2061,1744,64.8,77.1,72.1,12.4,3.72,15.01
676,2017-11-15 17:24:31,3,2054,1746,64.8,77.1,72.0,12.4,12.63,14.01
677,2017-11-15 17:24:32,3,2061,1745,64.8,77.1,72.0,12.4,13.3,14.07
678,2017-11-15 17:24:33,3,2061,1745,64.8,77.1,72.0,12.4,13.3,14.07
679,2017-11-15 17:24:34,3,2067,1753,64.8,77.1,72.0,12.4,11.89,14.36
680,2017-11-15 17:24:35,3,2062,1767,64.8,77.1,72.0,12.4,1.69,16.32
681,2017-11-15 17:24:36,3,2058,1772,64.8,77.1,72.0,12.4,5.81,17.91
682,2017-11-15 17:24:37,3,2058,1772,64.8,77.1,72.0,12.4,5.81,17.91
683,2017-11-15 17:24:38,3,2054,1762,64.8,77.1,72.1,12.4,8.96,17.75
684,2017-11-15 17:24:39,3,2052,1749,64.8,77.1,72.1,12.4,0.57,15.49
685,2017-11-15 17:24:40,3,2052,1749,64.8,77.1,72.1,12.4,0.57,15.49
686,2017-11-15 17:24:41,3,2061,1741,64.7,77.1,72.0,12.4,0.79,14.94
687,2017-11-15 17:24:42,3,2059,1742,64.7,77.1,72.1,12.4,-0.24,15.53
688,2017-11-15 17:24:43,3,2064,1749,64.7,77.1,72.0,12.4,-4.06,14.05
689,2017-11-15 17:24:44,3,2064,1749,64.7,77.1,72.0,12.4,-4.06,14.05
690,2017-11-15 17:24:45,3,2058,1752,64.8,77.1,72.1,12.4,-4.69,14.52
691,2017-11-15 17:24:46,3,2055,1750,64.7,77.1,72.0,12.4,-10.59,14.21
692,2017-11-15 17:24:47,3,2055,1750,64.7,77.1,72.0,12.4,-10.59,14.21
693,2017-11-15 17:24:48,3,2054,1749,64.7,77.1,72.1,12.4,-9.15,14.95
694,2017-11-15 17:24:49,3,2051,1745,64.7,77.1,72.1,12.4,1.88,12.54
695,2017-11-15 17:24:50,3,2048,1741,64.7,77.1,72.0,12.4,-5.05,14.11
696,2017-11-15 17:24:51,3,2048,1741,64.7,77.1,72.0,12.4,-5.05,14.11
697,2017-11-15 17:24:52,3,2066,1739,64.7,77.1,72.0,12.4,-5.41,14.94
698,2017-11-15 17:24:53,3,2062,1738,64.7,77.1,72.0,12.4,-5.33,14.2
699,2017-11-15 17:24:54,3,2062,1738,64.7,77.1,72.0,12.4,-5.33,14.2
700,2017-11-15 17:24:55,3,2057,1739,64.7,77.1,72.0,12.4,5.72,15.49
701,2017-11-15 17:24:56,3,2067,1744,64.7,77.1,72.0,12.4,2.68,12.78
702,2017-11-15 17:24:57,3,2062,1749,64.7,77.1,72.0,12.4,2.42,14.8
703,2017-11-15 17:24:58,3,2062,1749,64.7,77.1,72.0,12.4,2.42,14.8
704,2017-11-15 17:24:59,3,2057,1744,64.7,77.1,72.0,12.4,-2.18,12.43
705,2017-11-15 17:25:00,3,2052,1743,64.7,77.1,72.0,12.4,-1.73,13.47
706,2017-11-15 17:25:01,3,2054,1742,64.7,77.1,72.0,12.4,2.21,12.71
707,2017-11-15 17:25:02,3,2054,1742,64.7,77.1,72.0,12.4,2.21,12.71
708,2017-11-15 17:25:03,3,2049,1740,64.7,77.1,72.0,12.4,4.57,13.16
709,2017-11-15 17:25:04,3,2043,1738,64.7,77.1,72.0,12.4,-2.81,14.32
710,2017-11-15 17:25:05,3,2043,1738,64.7,77.1,72.0,12.4,-2.81,14.32
711,2017-11-15 17:25:06,3,2058,1734,64.7,77.1,72.0,12.4,-2.89,12.16
712,2017-11-15 17:25:07,3,2054,1733,64.7,77.1,72.0,12.4,7.07,15.12
713,2017-11-15 17:25:08,3,2044,1735,64.7,77.1,72.0,12.4,1.2,14.09
714,2017-11-15 17:25:09,3,2044,1735,64.7,77.1,72.0,12.4,1.2,14.09
715,2017-11-15 17:25:10,3,2060,1742,64.7,77.1,72.0,12.4,2.6,13.55
716,2017-11-15 17:25:11,3,2056,1746,64.7,77.1,72.0,12.4,13.66,13.27
717,2017-11-15 17:25:12,3,2056,1746,64.7,77.1,72.0,12.4,13.66,13.27
718,2017-11-15 17:25:13,3,2050,1749,64.7,77.1,72.0,12.4,10.87,11.78
719,2017-11-15 17:25:14,3,2060,1756,64.7,77.1,72.0,12.4,-1.07,11.9
720,2017-11-15 17:25:15,3,2056,1761,64.7,77.1,72.0,12.4,-1.16,13.64
721,2017-11-15 17:25:16,3,2056,1761,64.7,77.1,72.0,12.4,-1.16,13.64
722,2017-11-15 17:25:17,3,2049,1759,64.7,77.1,72.0,12.4,-1.61,13.27
723,2017-11-15 17:25:18,3,2046,1748,64.7,77.1,72.0,12.4,9.7,13.51
724,2017-11-15 17:25:19,3,2045,1738,64.7,77.1,72.0,12.4,8.45,13.97
725,2017-11-15 17:25:20,3,2045,1738,64.7,77.1,72.0,12.4,8.45,13.97
726,2017-11-15 17:25:21,3,2055,1732,64.7,77.1,72.0,12.4,2.5,13.53
727,2017-11-15 17:25:22,3,2033,1732,64.7,77.1,72.0,12.4,7.32,14.0
728,2017-11-15 17:25:23,3,2033,1732,64.7,77.1,72.0,12.4,7.32,14.0
729,2017-11-15 17:25:24,3,2072,1746,64.7,77.1,72.0,12.4,14.16,14.18
730,2017-11-15 17:25:25,3,2065,1761,64.7,77.1,72.0,12.4,12.5,12.52
731,2017-11-15 17:25:26,3,2064,1766,64.7,77.1,72.0,12.4,-0.51,13.48
732,2017-11-15 17:25:27,3,2064,1766,64.7,77.1,72.0,12.4,-0.51,13.48
733,2017-11-15 17:25:28,3,2056,1762,64.7,77.1,72.0,12.4,3.81,13.72
734,2017-11-15 17:25:29,3,2059,1757,64.7,77.1,72.0,12.4,9.34,14.42
735,2017-11-15 17:25:30,3,2059,1757,64.7,77.1,72.0,12.4,9.34,14.42
736,2017-11-15 17:25:31,3,2049,1754,64.7,77.1,72.0,12.4,4.46,11.99
737,2017-11-15 17:25:33,3,2053,1757,64.8,77.1,72.1,12.4,-7.48,13.75
738,2017-11-15 17:25:34,3,2053,1757,64.8,77.1,72.1,12.4,-7.48,13.75
739,2017-11-15 17:25:35,3,2059,1754,64.8,77.1,72.0,12.4,1.45,13.52
740,2017-11-15 17:25:36,3,2053,1755,64.7,77.1,72.0,12.4,-4.85,11.88
741,2017-11-15 17:25:37,3,2053,1755,64.7,77.1,72.0,12.4,-4.85,11.88
742,2017-11-15 17:25:38,3,2053,1756,64.7,77.1,72.0,12.4,-11.89,11.88
743,2017-11-15 17:25:39,3,2043,1754,64.8,77.1,72.0,12.4,-4.94,14.71
744,2017-11-15 17:25:40,3,2046,1748,64.8,77.1,72.0,12.4,-1.86,13.81
745,2017-11-15 17:25:41,3,2046,1748,64.8,77.1,72.0,12.4,-1.86,13.81
746,2017-11-15 17:25:42,3,2056,1745,64.8,77.1,72.0,12.4,-2.4,13.02
747,2017-11-15 17:25:43,3,2056,1746,64.8,77.1,72.0,12.4,4.75,12.22
748,2017-11-15 17:25:44,3,2059,1744,64.8,77.1,72.0,12.4,-3.17,11.93
749,2017-11-15 17:25:45,3,2059,1744,64.8,77.1,72.0,12.4,-3.17,11.93
750,2017-11-15 17:25:46,3,2063,1742,64.8,77.1,72.0,12.4,-3.17,13.7
751,2017-11-15 17:25:47,3,2054,1745,64.8,77.1,72.0,12.4,7.0,13.22
752,2017-11-15 17:25:48,3,2054,1745,64.8,77.1,72.0,12.4,7.0,13.22
753,2017-11-15 17:25:49,3,2066,1747,64.8,77.1,72.0,12.4,3.09,13.79
754,2017-11-15 17:25:50,3,2068,1757,64.8,77.1,72.0,12.4,-1.63,12.23
755,2017-11-15 17:25:51,3,2065,1762,64.8,77.1,72.0,12.4,-8.57,14.04
756,2017-11-15 17:25:52,3,2065,1762,64.8,77.1,72.0,12.4,-8.57,14.04
757,2017-11-15 17:25:53,3,2061,1759,64.8,77.1,72.1,12.4,-0.83,15.69
758,2017-11-15 17:25:54,3,2057,1753,64.8,77.1,72.0,12.4,-11.09,12.44
759,2017-11-15 17:25:55,3,2057,1753,64.8,77.1,72.0,12.4,-11.09,12.44
760,2017-11-15 17:25:56,3,2056,1750,64.8,77.1,72.1,12.4,-1.75,10.85
761,2017-11-15 17:25:57,3,2056,1749,64.8,77.1,72.0,12.4,-2.2,13.31
762,2017-11-15 17:25:58,3,2057,1744,64.8,77.1,72.0,12.4,-7.55,12.44
763,2017-11-15 17:25:59,3,2057,1744,64.8,77.1,72.0,12.4,-7.55,12.44
764,2017-11-15 17:26:00,3,2047,1735,64.8,77.1,72.0,12.4,3.95,12.51
765,2017-11-15 17:26:01,3,1956,1722,64.8,77.1,72.0,12.4,7.37,11.53
766,2017-11-15 17:26:02,3,1850,1723,64.8,77.1,72.0,12.4,-3.3,11.18
767,2017-11-15 17:26:03,3,1850,1723,64.8,77.1,72.0,12.4,-3.3,11.18
768,2017-11-15 17:26:04,3,1895,1739,64.8,77.1,72.0,12.4,-16.69,10.86
769,2017-11-15 17:26:05,3,2071,1757,64.8,77.1,72.0,12.4,-2.49,10.51
770,2017-11-15 17:26:06,3,2071,1757,64.8,77.1,72.0,12.4,-2.49,10.51
771,2017-11-15 17:26:07,3,2068,1760,64.8,77.1,72.0,12.4,12.7,12.14
772,2017-11-15 17:26:08,3,2057,1752,64.8,77.1,72.0,12.4,-5.62,11.96
773,2017-11-15 17:26:09,3,2049,1747,64.8,77.1,72.0,12.4,-6.11,13.16
774,2017-11-15 17:26:10,3,2049,1747,64.8,77.1,72.0,12.4,-6.11,13.16
775,2017-11-15 17:26:11,3,2061,1745,64.8,77.1,72.0,12.4,3.95,13.25
776,2017-11-15 17:26:12,3,2060,1748,64.8,77.1,72.0,12.4,3.81,12.46
777,2017-11-15 17:26:13,3,2060,1748,64.8,77.1,72.0,12.4,3.81,12.46
778,2017-11-15 17:26:14,3,2070,1754,64.8,77.1,72.0,12.4,10.49,12.37
779,2017-11-15 17:26:15,3,2071,1761,64.8,77.1,72.0,12.4,10.92,12.28
780,2017-11-15 17:26:16,3,2065,1773,64.8,77.1,72.0,12.4,8.6,13.66
781,2017-11-15 17:26:17,3,2065,1773,64.8,77.1,72.0,12.4,8.6,13.66
782,2017-11-15 17:26:18,3,2074,1787,64.8,77.1,72.0,12.4,11.3,11.98
783,2017-11-15 17:26:19,3,2057,1793,64.8,77.1,72.0,12.4,0.57,11.03
784,2017-11-15 17:26:20,3,2057,1793,64.8,77.1,72.0,12.4,0.57,11.03
785,2017-11-15 17:26:21,3,2046,1785,64.8,77.1,72.0,12.4,1.96,15.22
786,2017-11-15 17:26:22,3,2041,1775,64.8,77.1,72.0,12.4,3.86,15.4
787,2017-11-15 17:26:24,3,2037,1763,64.8,77.1,72.0,12.4,13.13,14.56
788,2017-11-15 17:26:25,3,2042,1756,64.8,77.1,72.0,12.4,14.25,13.88
789,2017-11-15 17:26:26,3,2043,1754,64.8,77.1,72.0,12.4,10.61,13.71
790,2017-11-15 17:26:27,3,2049,1751,64.8,77.1,72.0,12.4,4.03,13.55
791,2017-11-15 17:26:28,3,2049,1751,64.8,77.1,72.0,12.4,4.03,13.55
792,2017-11-15 17:26:29,3,2052,1745,64.8,77.1,72.0,12.4,4.31,14.41
793,2017-11-15 17:26:30,3,2042,1741,64.8,77.1,72.0,12.4,14.18,14.44
794,2017-11-15 17:26:31,3,2042,1741,64.8,77.1,72.0,12.4,14.18,14.44
795,2017-11-15 17:26:32,3,2053,1741,64.7,77.1,72.0,12.4,4.71,17.59
796,2017-11-15 17:26:33,3,2055,1742,64.8,77.1,72.0,12.4,-4.83,16.87
797,2017-11-15 17:26:34,3,2049,1746,64.7,77.1,72.0,12.4,2.37,16.13
798,2017-11-15 17:26:35,3,2049,1746,64.7,77.1,72.0,12.4,2.37,16.13
799,2017-11-15 17:26:36,3,2050,1749,64.7,77.1,72.0,12.4,2.66,12.77
800,2017-11-15 17:26:37,3,2047,1745,64.7,77.1,72.0,12.4,-8.11,13.29
801,2017-11-15 17:26:38,3,2046,1744,64.7,77.1,72.0,12.4,-3.41,14.63
802,2017-11-15 17:26:39,3,2046,1744,64.7,77.1,72.0,12.4,-3.41,14.63
803,2017-11-15 17:26:40,3,2058,1753,64.7,77.1,72.0,12.4,5.0,13.98
804,2017-11-15 17:26:41,3,2057,1764,64.7,77.1,72.0,12.4,5.11,17.09
805,2017-11-15 17:26:42,3,2057,1764,64.7,77.1,72.0,12.4,5.11,17.09
806,2017-11-15 17:26:43,3,2059,1769,64.7,77.1,72.0,12.4,-5.5,14.02
807,2017-11-15 17:26:44,3,2046,1764,64.7,77.1,72.0,12.4,-7.69,13.77
808,2017-11-15 17:26:45,3,2048,1755,64.7,77.1,72.0,12.4,2.37,14.8
809,2017-11-15 17:26:46,3,2048,1755,64.7,77.1,72.0,12.4,2.37,14.8
810,2017-11-15 17:26:47,3,2053,1746,64.7,77.1,72.0,12.4,5.32,14.87
811,2017-11-15 17:26:48,3,2049,1739,64.7,77.1,72.0,12.4,9.62,12.49
812,2017-11-15 17:26:49,3,2049,1739,64.7,77.1,72.0,12.4,9.62,12.49
813,2017-11-15 17:26:50,3,2061,1739,64.7,77.1,72.0,12.4,0.59,12.73
814,2017-11-15 17:26:51,3,2052,1737,64.7,77.1,72.0,12.4,-2.08,14.69
815,2017-11-15 17:26:52,3,2055,1740,64.7,77.1,72.0,12.4,-0.02,13.86
816,2017-11-15 17:26:53,3,2055,1740,64.7,77.1,72.0,12.4,-0.02,13.86
817,2017-11-15 17:26:54,3,2056,1743,64.7,77.1,72.0,12.4,4.08,12.68
818,2017-11-15 17:26:55,3,2053,1745,64.7,77.1,72.0,12.4,-3.52,13.23
819,2017-11-15 17:26:56,3,2053,1745,64.7,77.1,72.0,12.4,-3.52,13.23
820,2017-11-15 17:26:57,3,2060,1752,64.7,77.1,72.0,12.4,-5.57,15.16
821,2017-11-15 17:26:58,3,2063,1756,64.7,77.1,72.0,12.4,4.22,15.23
822,2017-11-15 17:26:59,3,2061,1760,64.7,77.1,72.0,12.4,2.86,14.17
823,2017-11-15 17:27:00,3,2061,1760,64.7,77.1,72.0,12.4,2.86,14.17
824,2017-11-15 17:27:01,3,2052,1756,64.7,77.1,72.0,12.4,4.84,13.68
825,2017-11-15 17:27:02,3,2060,1753,64.7,77.1,72.0,12.4,6.29,13.74
826,2017-11-15 17:27:03,3,2055,1749,64.7,77.1,72.0,12.4,3.29,13.83
827,2017-11-15 17:27:04,3,2055,1749,64.7,77.1,72.0,12.4,3.29,13.83
828,2017-11-15 17:27:05,3,2047,1741,64.7,77.1,72.0,12.4,10.24,15.39
829,2017-11-15 17:27:06,3,2067,1740,64.7,77.1,72.0,12.4,1.61,14.13
830,2017-11-15 17:27:07,3,2067,1740,64.7,77.1,72.0,12.4,1.61,14.13
831,2017-11-15 17:27:08,3,2066,1744,64.7,77.1,72.0,12.4,4.28,13.58
832,2017-11-15 17:27:09,3,2077,1755,64.7,77.1,72.0,12.4,6.22,14.72
833,2017-11-15 17:27:10,3,2067,1762,64.7,77.1,72.0,12.4,3.5,14.03
834,2017-11-15 17:27:11,3,2067,1762,64.7,77.1,72.0,12.4,3.5,14.03
835,2017-11-15 17:27:13,3,2065,1771,64.7,77.1,72.0,12.4,-3.03,12.21
836,2017-11-15 17:27:14,3,2065,1771,64.7,77.1,72.0,12.4,-3.03,12.21
837,2017-11-15 17:27:15,3,2061,1766,64.7,77.1,72.0,12.4,-5.35,12.73
838,2017-11-15 17:27:16,3,2058,1765,64.7,77.1,72.0,12.4,0.17,14.45
839,2017-11-15 17:27:17,3,2057,1760,64.7,77.1,72.0,12.4,4.1,10.96
840,2017-11-15 17:27:18,3,2057,1760,64.7,77.1,72.0,12.4,4.1,10.96
841,2017-11-15 17:27:19,3,2049,1755,64.7,77.1,72.0,12.4,-0.82,12.27
842,2017-11-15 17:27:20,3,2054,1750,64.7,77.1,72.0,12.4,-8.12,12.97
843,2017-11-15 17:27:21,3,2054,1750,64.7,77.1,72.0,12.4,-8.12,12.97
844,2017-11-15 17:27:22,3,2053,1744,64.7,77.1,72.0,12.4,-0.47,13.91
845,2017-11-15 17:27:23,3,2053,1744,64.7,77.1,72.0,12.4,0.53,12.73
846,2017-11-15 17:27:24,3,2054,1741,64.7,77.1,72.0,12.4,1.63,11.39
847,2017-11-15 17:27:25,3,2054,1741,64.7,77.1,72.0,12.4,1.63,11.39
848,2017-11-15 17:27:26,3,2046,1739,64.7,77.1,72.0,12.4,-2.29,13.68
849,2017-11-15 17:27:27,3,2050,1734,64.7,77.1,72.0,12.4,2.33,13.87
850,2017-11-15 17:27:28,3,2046,1729,64.7,77.1,72.0,12.4,4.64,12.34
851,2017-11-15 17:27:29,3,2046,1729,64.7,77.1,72.0,12.4,4.64,12.34
852,2017-11-15 17:27:30,3,2041,1730,64.7,77.1,72.0,12.4,7.23,12.11
853,2017-11-15 17:27:31,3,2046,1737,64.7,77.1,72.0,12.4,4.62,12.22
854,2017-11-15 17:27:32,3,2046,1737,64.7,77.1,72.0,12.4,4.62,12.22
855,2017-11-15 17:27:33,3,2065,1744,64.7,77.1,72.0,12.4,-4.76,13.07
856,2017-11-15 17:27:34,3,2069,1749,64.7,77.1,72.0,12.4,-1.39,13.52
857,2017-11-15 17:27:35,3,2065,1758,64.7,77.1,72.0,12.4,15.24,13.57
858,2017-11-15 17:27:36,3,2065,1758,64.7,77.1,72.0,12.4,15.24,13.57
859,2017-11-15 17:27:37,3,2052,1760,64.8,77.1,72.0,12.4,2.1,12.99
860,2017-11-15 17:27:38,3,2054,1756,64.8,77.1,72.0,12.4,-1.73,13.77
861,2017-11-15 17:27:39,3,2054,1756,64.8,77.1,72.0,12.4,-1.73,13.77
862,2017-11-15 17:27:40,3,2045,1749,64.8,77.1,72.0,12.4,-0.47,15.87
863,2017-11-15 17:27:41,3,2044,1743,64.8,77.1,72.0,12.4,10.34,16.45
864,2017-11-15 17:27:42,3,2052,1742,64.8,77.1,72.0,12.4,-4.04,13.68
865,2017-11-15 17:27:43,3,2052,1742,64.8,77.1,72.0,12.4,-4.04,13.68
866,2017-11-15 17:27:44,3,2041,1739,64.8,77.1,72.0,12.4,-3.62,13.26
867,2017-11-15 17:27:45,3,2057,1736,64.8,77.1,72.0,12.4,-2.35,14.37
868,2017-11-15 17:27:46,3,2044,1734,64.8,77.1,72.0,12.4,4.44,12.18
869,2017-11-15 17:27:47,3,2044,1734,64.8,77.1,72.0,12.4,4.44,12.18
870,2017-11-15 17:27:48,3,2045,1738,64.8,77.1,72.0,12.4,1.34,11.93
871,2017-11-15 17:27:49,3,2064,1746,64.8,77.1,72.0,12.4,14.83,10.94
872,2017-11-15 17:27:50,3,2064,1746,64.8,77.1,72.0,12.4,14.83,10.94
873,2017-11-15 17:27:51,3,2064,1749,64.8,77.1,72.0,12.4,3.95,12.16
874,2017-11-15 17:27:52,3,2068,1758,64.8,77.1,72.0,12.4,13.4,13.76
875,2017-11-15 17:27:53,3,2060,1764,64.8,77.1,72.0,12.4,13.55,12.32
876,2017-11-15 17:27:54,3,2060,1764,64.8,77.1,72.0,12.4,13.55,12.32
877,2017-11-15 17:27:55,3,2059,1767,64.8,77.1,72.0,12.4,4.4,11.27
878,2017-11-15 17:27:56,3,2068,1771,64.8,77.1,72.0,12.4,-4.85,13.72
879,2017-11-15 17:27:57,3,2068,1771,64.8,77.1,72.0,12.4,-4.85,13.72
880,2017-11-15 17:27:58,3,2062,1769,64.8,77.1,72.0,12.4,-3.97,13.51
881,2017-11-15 17:27:59,3,2055,1763,64.8,77.1,72.0,12.4,4.76,14.11
882,2017-11-15 17:28:00,3,2055,1751,64.8,77.1,72.0,12.4,3.07,14.45
883,2017-11-15 17:28:01,3,2055,1751,64.8,77.1,72.0,12.4,3.07,14.45
884,2017-11-15 17:28:02,3,2052,1745,64.8,77.1,72.0,12.4,0.1,16.05
885,2017-11-15 17:28:03,3,2058,1741,64.8,77.1,72.0,12.4,-0.62,14.82
886,2017-11-15 17:28:04,3,2058,1741,64.8,77.1,72.0,12.4,-0.62,14.82
887,2017-11-15 17:28:05,3,2059,1739,64.8,77.1,72.0,12.4,9.88,14.23
888,2017-11-15 17:28:06,3,2058,1742,64.8,77.1,72.0,12.4,10.07,14.51
889,2017-11-15 17:28:07,3,2057,1744,64.7,77.1,72.0,12.4,-0.65,14.46
890,2017-11-15 17:28:08,3,2057,1744,64.7,77.1,72.0,12.4,-0.65,14.46
891,2017-11-15 17:28:09,3,2059,1747,64.7,77.1,72.0,12.4,1.63,13.63
892,2017-11-15 17:28:10,3,2047,1745,64.7,77.1,72.0,12.4,10.65,14.17
893,2017-11-15 17:28:11,3,2047,1745,64.7,77.1,72.0,12.4,10.65,14.17
894,2017-11-15 17:28:12,3,2060,1741,64.7,77.1,72.0,12.4,12.61,14.08
895,2017-11-15 17:28:13,3,2053,1735,64.7,77.1,72.0,12.4,2.84,12.83
896,2017-11-15 17:28:14,3,2052,1734,64.7,77.1,72.0,12.4,-2.65,14.28
897,2017-11-15 17:28:15,3,2052,1734,64.7,77.1,72.0,12.4,-2.65,14.28
898,2017-11-15 17:28:16,3,2067,1742,64.7,77.1,72.0,12.4,-1.72,14.11
899,2017-11-15 17:28:17,3,2064,1748,64.7,77.1,72.0,12.4,7.48,14.26
900,2017-11-15 17:28:18,3,2066,1756,64.7,77.1,72.0,12.4,3.38,12.89
901,2017-11-15 17:28:19,3,2066,1756,64.7,77.1,72.0,12.4,3.38,12.89
902,2017-11-15 17:28:20,3,2055,1755,64.7,77.1,72.0,12.4,-0.06,13.33
903,2017-11-15 17:28:21,3,2053,1749,64.7,77.1,72.0,12.4,5.07,13.98
904,2017-11-15 17:28:22,3,2053,1749,64.7,77.1,72.0,12.4,5.07,13.98
905,2017-11-15 17:28:23,3,2044,1745,64.7,77.1,72.0,12.4,7.97,13.39
906,2017-11-15 17:28:24,3,2061,1745,64.7,77.1,72.0,12.4,3.52,10.67
907,2017-11-15 17:28:25,3,2057,1750,64.7,77.1,72.0,12.4,2.59,12.21
908,2017-11-15 17:28:26,3,2057,1750,64.7,77.1,72.0,12.4,2.59,12.21
909,2017-11-15 17:28:27,3,2044,1751,64.7,77.1,72.0,12.4,5.3,15.46
910,2017-11-15 17:28:28,3,2056,1759,64.7,77.1,72.0,12.4,4.04,14.04
911,2017-11-15 17:28:29,3,2056,1759,64.7,77.1,72.0,12.4,4.04,14.04
912,2017-11-15 17:28:30,3,2051,1762,64.7,77.1,72.0,12.4,4.89,13.6
913,2017-11-15 17:28:31,3,2055,1765,64.7,77.1,72.0,12.4,5.21,14.48
914,2017-11-15 17:28:33,3,2052,1763,64.7,77.1,72.0,12.4,5.38,15.13
915,2017-11-15 17:28:34,3,2055,1763,64.7,77.1,72.0,12.4,10.07,14.74
916,2017-11-15 17:28:35,3,2050,1758,64.7,77.1,72.0,12.4,12.49,13.55
917,2017-11-15 17:28:36,3,2044,1755,64.7,77.1,72.0,12.4,-0.33,12.29
918,2017-11-15 17:28:37,3,2044,1755,64.7,77.1,72.0,12.4,-0.33,12.29
919,2017-11-15 17:28:38,3,2045,1752,64.7,77.1,72.0,12.4,-2.2,15.49
920,2017-11-15 17:28:39,3,2048,1752,64.7,77.1,72.0,12.4,-4.65,15.64
921,2017-11-15 17:28:40,3,2048,1752,64.7,77.1,72.0,12.4,-4.65,15.64
922,2017-11-15 17:28:41,3,2063,1754,64.7,77.1,72.0,12.4,-3.8,11.92
923,2017-11-15 17:28:42,3,2049,1756,64.7,77.1,72.0,12.4,-7.57,14.14
924,2017-11-15 17:28:43,3,2059,1749,64.7,77.1,72.1,12.4,2.82,13.55
925,2017-11-15 17:28:44,3,2059,1749,64.7,77.1,72.1,12.4,2.82,13.55
926,2017-11-15 17:28:45,3,2051,1739,64.7,77.1,72.0,12.4,10.47,12.2
927,2017-11-15 17:28:46,3,2054,1736,64.7,77.1,72.0,12.4,21.97,11.27
928,2017-11-15 17:28:47,3,2054,1736,64.7,77.1,72.0,12.4,21.97,11.27
929,2017-11-15 17:28:48,3,2049,1738,64.7,77.1,72.0,12.4,17.58,11.97
930,2017-11-15 17:28:49,3,2072,1738,64.7,77.1,72.0,12.4,11.39,11.47
931,2017-11-15 17:28:50,3,2031,1734,64.7,77.1,72.0,12.4,4.57,12.72
932,2017-11-15 17:28:51,3,2031,1734,64.7,77.1,72.0,12.4,4.57,12.72
933,2017-11-15 17:28:53,3,2056,1749,64.7,77.1,72.0,12.4,7.73,12.81
934,2017-11-15 17:28:54,3,2056,1749,64.7,77.1,72.0,12.4,7.73,12.81
935,2017-11-15 17:28:55,3,2072,1759,64.7,77.1,72.0,12.4,1.7,13.39
936,2017-11-15 17:28:56,3,2066,1764,64.7,77.1,72.0,12.4,1.45,14.24
937,2017-11-15 17:28:57,3,2061,1762,64.7,77.1,72.0,12.4,9.08,14.43
938,2017-11-15 17:28:58,3,2061,1762,64.7,77.1,72.0,12.4,9.08,14.43
939,2017-11-15 17:28:59,3,2060,1762,64.8,77.1,72.0,12.4,2.26,12.4
940,2017-11-15 17:29:00,3,2059,1764,64.7,77.1,72.0,12.4,0.17,12.11
941,2017-11-15 17:29:01,3,2065,1767,64.7,77.1,72.0,12.4,-3.97,13.31
942,2017-11-15 17:29:02,3,2065,1767,64.7,77.1,72.0,12.4,-3.97,13.31
943,2017-11-15 17:29:03,3,2062,1769,64.7,77.1,72.0,12.4,-3.41,13.41
944,2017-11-15 17:29:04,3,2059,1775,64.7,77.1,72.0,12.4,-3.46,11.5
945,2017-11-15 17:29:05,3,2059,1775,64.7,77.1,72.0,12.4,-3.46,11.5
946,2017-11-15 17:29:06,3,2052,1778,64.7,77.1,72.0,12.4,5.75,12.53
947,2017-11-15 17:29:07,3,2055,1775,64.7,77.1,72.0,12.4,0.16,14.38
948,2017-11-15 17:29:08,3,2052,1769,64.7,77.1,72.0,12.4,-0.08,15.0
949,2017-11-15 17:29:09,3,2052,1769,64.7,77.1,72.0,12.4,-0.08,15.0
950,2017-11-15 17:29:10,3,2059,1766,64.7,77.1,72.0,12.4,7.7,15.47
951,2017-11-15 17:29:11,3,2040,1757,64.7,77.1,72.0,12.4,0.71,14.4
952,2017-11-15 17:29:12,3,2040,1757,64.7,77.1,72.0,12.4,0.71,14.4
953,2017-11-15 17:29:13,3,2047,1749,64.7,77.1,72.0,12.4,1.54,14.75
954,2017-11-15 17:29:14,3,2037,1743,64.7,77.1,72.0,12.4,1.87,14.6
955,2017-11-15 17:29:15,3,2045,1740,64.7,77.1,72.0,12.4,2.37,14.47
956,2017-11-15 17:29:16,3,2045,1740,64.7,77.1,72.0,12.4,2.37,14.47
957,2017-11-15 17:29:17,3,2055,1736,64.7,77.1,72.0,12.4,5.74,13.9
958,2017-11-15 17:29:18,3,2058,1735,64.7,77.1,72.0,12.4,-1.28,12.41
959,2017-11-15 17:29:19,3,2058,1735,64.7,77.1,72.0,12.4,-1.28,12.41
960,2017-11-15 17:29:20,3,2062,1740,64.7,77.1,72.0,12.4,-2.49,14.65
961,2017-11-15 17:29:21,3,2053,1745,64.7,77.1,72.0,12.4,2.69,14.75
962,2017-11-15 17:29:22,3,2060,1752,64.7,77.1,72.0,12.4,-1.3,13.56
963,2017-11-15 17:29:23,3,2060,1752,64.7,77.1,72.0,12.4,-1.3,13.56
964,2017-11-15 17:29:24,3,2048,1752,64.7,77.1,72.0,12.4,3.68,13.71
965,2017-11-15 17:29:25,3,2052,1750,64.7,77.1,72.0,12.4,-2.67,15.36
966,2017-11-15 17:29:26,3,2052,1750,64.7,77.1,72.0,12.4,-2.67,15.36
967,2017-11-15 17:29:27,3,2065,1746,64.7,77.1,72.0,12.4,4.31,13.34
968,2017-11-15 17:29:28,3,2059,1747,64.7,77.1,72.0,12.4,-0.69,11.97
969,2017-11-15 17:29:29,3,2062,1745,64.7,77.1,72.0,12.4,-2.36,12.65
970,2017-11-15 17:29:30,3,2062,1745,64.7,77.1,72.0,12.4,-2.36,12.65
971,2017-11-15 17:29:31,3,2048,1743,64.7,77.1,72.0,12.4,0.52,15.69
972,2017-11-15 17:29:32,3,2050,1747,64.7,77.1,72.0,12.4,3.58,14.15
973,2017-11-15 17:29:33,3,2054,1749,64.7,77.1,72.0,12.4,3.29,16.03
974,2017-11-15 17:29:34,3,2054,1749,64.7,77.1,72.0,12.4,3.29,16.03
975,2017-11-15 17:29:35,3,2056,1749,64.7,77.1,72.0,12.4,11.55,15.67
976,2017-11-15 17:29:36,3,2042,1743,64.7,77.1,72.0,12.4,9.48,16.15
977,2017-11-15 17:29:37,3,2042,1743,64.7,77.1,72.0,12.4,9.48,16.15
978,2017-11-15 17:29:38,3,2053,1738,64.7,77.1,72.0,12.4,5.75,14.4
979,2017-11-15 17:29:39,3,2059,1737,64.7,77.1,72.0,12.4,5.74,13.0
980,2017-11-15 17:29:40,3,2057,1738,64.8,77.1,72.0,12.4,6.2,10.2
981,2017-11-15 17:29:41,3,2057,1738,64.8,77.1,72.0,12.4,6.2,10.2
982,2017-11-15 17:29:42,3,2061,1742,64.8,77.1,72.0,12.4,10.02,14.78
983,2017-11-15 17:29:43,3,2067,1743,64.8,77.1,72.0,12.4,1.4,14.08
984,2017-11-15 17:29:44,3,2067,1743,64.8,77.1,72.0,12.4,1.4,14.08
985,2017-11-15 17:29:45,3,2068,1743,64.8,77.1,72.0,12.4,2.73,12.9
986,2017-11-15 17:29:46,3,2068,1747,64.8,77.1,72.0,12.4,3.88,13.05
987,2017-11-15 17:29:47,3,2061,1750,64.8,77.1,72.0,12.4,-3.1,13.1
988,2017-11-15 17:29:48,3,2061,1750,64.8,77.1,72.0,12.4,-3.1,13.1
989,2017-11-15 17:29:49,3,2067,1760,64.8,77.1,72.0,12.4,-1.0,14.01
990,2017-11-15 17:29:50,3,2054,1764,64.8,77.1,72.0,12.4,-2.53,13.67
991,2017-11-15 17:29:51,3,2052,1762,64.8,77.1,72.0,12.4,1.31,13.79
992,2017-11-15 17:29:52,3,2052,1762,64.8,77.1,72.0,12.4,1.31,13.79
993,2017-11-15 17:29:53,3,2053,1755,64.8,77.1,72.0,12.4,-5.41,10.85
994,2017-11-15 17:29:54,3,2051,1746,64.8,77.1,72.0,12.4,0.08,13.92
995,2017-11-15 17:29:55,3,2051,1746,64.8,77.1,72.0,12.4,0.08,13.92
996,2017-11-15 17:29:56,3,2057,1740,64.8,77.1,72.0,12.4,-5.06,13.68
997,2017-11-15 17:29:57,3,2056,1737,64.8,77.1,72.0,12.4,4.33,12.66
998,2017-11-15 17:29:58,3,2060,1740,64.8,77.1,72.0,12.4,12.41,11.3
999,2017-11-15 17:29:59,3,2060,1740,64.8,77.1,72.0,12.4,12.41,11.3
1000,2017-11-15 17:30:01,3,2064,1748,64.8,77.1,72.0,12.4,-3.73,13.0
1001,2017-11-15 17:30:02,3,2064,1748,64.8,77.1,72.0,12.4,-3.73,13.0
1002,2017-11-15 17:30:03,3,2065,1755,64.8,77.1,72.0,12.4,12.54,14.97
1003,2017-11-15 17:30:04,3,2062,1760,64.8,77.1,72.0,12.4,13.85,15.96
1004,2017-11-15 17:30:05,3,2056,1763,64.8,77.1,72.0,12.4,3.45,11.39
1005,2017-11-15 17:30:06,3,2056,1763,64.8,77.1,72.0,12.4,3.45,11.39
1006,2017-11-15 17:30:07,3,2061,1764,64.8,77.1,72.0,12.4,-2.44,16.26
1007,2017-11-15 17:30:08,3,2060,1766,64.8,77.1,72.0,12.4,-4.65,16.09
1008,2017-11-15 17:30:09,3,2060,1766,64.8,77.1,72.0,12.4,-4.65,16.09
1009,2017-11-15 17:30:10,3,2059,1761,64.8,77.1,72.0,12.4,2.57,13.15
1010,2017-11-15 17:30:11,3,2056,1754,64.8,77.1,72.1,12.4,3.94,14.74
1011,2017-11-15 17:30:12,3,2058,1753,64.8,77.1,72.1,12.4,1.96,14.39
1012,2017-11-15 17:30:13,3,2058,1753,64.8,77.1,72.1,12.4,1.96,14.39
1013,2017-11-15 17:30:14,3,2056,1749,64.8,77.1,72.0,12.4,-1.86,16.97
1014,2017-11-15 17:30:15,3,2060,1748,64.8,77.1,72.0,12.4,-4.61,12.09
1015,2017-11-15 17:30:16,3,2060,1745,64.8,77.1,72.0,12.4,0.05,15.3
1016,2017-11-15 17:30:17,3,2060,1745,64.8,77.1,72.0,12.4,0.05,15.3
1017,2017-11-15 17:30:18,3,2046,1745,64.8,77.1,72.0,12.4,-0.08,13.65
1018,2017-11-15 17:30:19,3,2049,1747,64.8,77.1,72.0,12.4,1.87,14.65
1019,2017-11-15 17:30:20,3,2049,1747,64.8,77.1,72.0,12.4,1.87,14.65
1020,2017-11-15 17:30:21,3,2047,1745,64.8,77.1,72.0,12.4,16.19,14.47
1021,2017-11-15 17:30:22,3,2052,1746,64.8,77.1,72.0,12.4,17.98,14.79
1022,2017-11-15 17:30:23,3,2049,1744,64.8,77.1,72.0,12.4,15.22,13.39
1023,2017-11-15 17:30:24,3,2049,1744,64.8,77.1,72.0,12.4,15.22,13.39
1024,2017-11-15 17:30:25,3,2049,1744,64.8,77.1,72.0,12.4,17.04,11.62
1025,2017-11-15 17:30:26,3,2048,1745,64.8,77.1,72.0,12.4,10.4,12.63
1026,2017-11-15 17:30:27,3,2048,1745,64.8,77.1,72.0,12.4,10.4,12.63
1027,2017-11-15 17:30:28,3,2066,1750,64.7,77.1,72.0,12.4,12.5,12.85
1028,2017-11-15 17:30:29,3,2060,1750,64.7,77.1,72.0,12.4,0.82,12.54
1029,2017-11-15 17:30:30,3,2051,1745,64.7,77.1,72.0,12.4,2.15,14.01
1030,2017-11-15 17:30:31,3,2051,1745,64.7,77.1,72.0,12.4,2.15,14.01
1031,2017-11-15 17:30:33,3,2066,1741,64.7,77.1,72.0,12.4,0.26,14.38
1032,2017-11-15 17:30:34,3,2066,1741,64.7,77.1,72.0,12.4,0.26,14.38
1033,2017-11-15 17:30:35,3,2063,1745,64.7,77.1,72.0,12.4,0.8,12.37
1034,2017-11-15 17:30:36,3,2062,1749,64.7,77.1,72.0,12.4,3.32,11.89
1035,2017-11-15 17:30:37,3,2048,1747,64.7,77.1,72.0,12.4,8.08,15.2
1036,2017-11-15 17:30:38,3,2048,1747,64.7,77.1,72.0,12.4,8.08,15.2
1037,2017-11-15 17:30:39,3,2049,1744,64.7,77.1,72.0,12.4,11.39,14.45
1038,2017-11-15 17:30:40,3,2050,1741,64.7,77.1,72.0,12.4,15.92,12.98
1039,2017-11-15 17:30:41,3,2063,1742,64.7,77.1,72.0,12.4,3.58,11.67
1040,2017-11-15 17:30:42,3,2063,1742,64.7,77.1,72.0,12.4,3.58,11.67
1041,2017-11-15 17:30:43,3,2053,1744,64.7,77.1,72.0,12.4,-2.62,15.11
1042,2017-11-15 17:30:44,3,2055,1751,64.7,77.1,72.0,12.4,-0.83,14.94
1043,2017-11-15 17:30:45,3,2055,1751,64.7,77.1,72.0,12.4,-0.83,14.94
1044,2017-11-15 17:30:46,3,2063,1755,64.7,77.1,72.0,12.4,2.46,11.83
1045,2017-11-15 17:30:47,3,2052,1753,64.7,77.1,72.0,12.4,-3.44,16.61
1046,2017-11-15 17:30:48,3,2056,1750,64.7,77.1,72.0,12.4,-5.15,13.35
1047,2017-11-15 17:30:49,3,2056,1750,64.7,77.1,72.0,12.4,-5.15,13.35
1048,2017-11-15 17:30:50,3,2047,1738,64.7,77.1,72.0,12.4,0.88,11.47
1049,2017-11-15 17:30:51,3,2043,1734,64.7,77.1,72.0,12.4,5.34,12.17
1050,2017-11-15 17:30:52,3,2043,1734,64.7,77.1,72.0,12.4,5.34,12.17
1051,2017-11-15 17:30:53,3,2005,1732,64.7,77.1,72.1,12.4,-3.14,11.83
1052,2017-11-15 17:30:54,3,2022,1738,64.7,77.1,72.0,12.4,-0.55,12.44
1053,2017-11-15 17:30:55,3,2046,1742,64.7,77.1,72.0,12.4,4.3,11.21
1054,2017-11-15 17:30:56,3,2046,1742,64.7,77.1,72.0,12.4,4.3,11.21
1055,2017-11-15 17:30:57,3,2026,1737,64.7,77.1,72.0,12.4,14.2,13.02
1056,2017-11-15 17:30:58,3,1980,1735,64.7,77.1,72.0,12.4,9.32,10.87
1057,2017-11-15 17:30:59,3,1925,1729,64.7,77.1,72.0,12.4,-2.56,12.64
1058,2017-11-15 17:31:00,3,1925,1729,64.7,77.1,72.0,12.4,-2.56,12.64
1059,2017-11-15 17:31:01,3,1896,1732,64.7,77.1,72.0,12.4,1.22,11.51
1060,2017-11-15 17:31:02,3,1962,1744,64.7,77.1,72.0,12.4,4.67,11.38
1061,2017-11-15 17:31:03,3,1962,1744,64.7,77.1,72.0,12.4,4.67,11.38
1062,2017-11-15 17:31:04,3,2065,1754,64.7,77.1,72.0,12.4,11.53,11.51
1063,2017-11-15 17:31:05,3,2067,1759,64.7,77.1,72.0,12.4,-7.37,12.09
1064,2017-11-15 17:31:06,3,2057,1755,64.7,77.1,72.1,12.4,3.5,12.48
1065,2017-11-15 17:31:07,3,2057,1755,64.7,77.1,72.1,12.4,3.5,12.48
1066,2017-11-15 17:31:08,3,2060,1756,64.7,77.1,72.0,12.4,2.32,13.18
1067,2017-11-15 17:31:09,3,2059,1753,64.7,77.1,72.0,12.4,4.49,11.95
1068,2017-11-15 17:31:10,3,2058,1749,64.7,77.1,72.0,12.4,0.08,11.77
1069,2017-11-15 17:31:11,3,2058,1749,64.7,77.1,72.0,12.4,0.08,11.77
1070,2017-11-15 17:31:12,3,2058,1748,64.7,77.1,72.0,12.4,-2.71,10.66
1071,2017-11-15 17:31:13,3,2055,1750,64.7,77.1,72.0,12.4,5.07,13.07
1072,2017-11-15 17:31:14,3,2055,1750,64.7,77.1,72.0,12.4,5.07,13.07
1073,2017-11-15 17:31:15,3,2071,1757,64.7,77.1,72.0,12.4,8.06,11.41
1074,2017-11-15 17:31:16,3,2057,1762,64.7,77.1,72.0,12.4,12.31,12.7
1075,2017-11-15 17:31:17,3,2055,1764,64.7,77.1,72.0,12.4,1.0,11.64
1076,2017-11-15 17:31:18,3,2055,1764,64.7,77.1,72.0,12.4,1.0,11.64
1077,2017-11-15 17:31:19,3,2056,1760,64.7,77.1,72.0,12.4,-1.0,13.0
1078,2017-11-15 17:31:20,3,2050,1761,64.7,77.1,72.0,12.4,5.47,12.85
1079,2017-11-15 17:31:21,3,2050,1761,64.7,77.1,72.0,12.4,5.47,12.85
1080,2017-11-15 17:31:22,3,2053,1763,64.7,77.1,72.0,12.4,-2.94,12.46
1081,2017-11-15 17:31:23,3,2056,1764,64.7,77.1,72.0,12.4,3.67,14.23
1082,2017-11-15 17:31:24,3,2059,1776,64.7,77.1,72.0,12.4,-0.01,14.47
1083,2017-11-15 17:31:25,3,2059,1776,64.7,77.1,72.0,12.4,-0.01,14.47
1084,2017-11-15 17:31:27,3,2051,1783,64.7,77.1,72.0,12.4,0.55,11.33
1085,2017-11-15 17:31:28,3,2051,1783,64.7,77.1,72.0,12.4,0.55,11.33
1086,2017-11-15 17:31:29,3,2050,1774,64.7,77.1,72.0,12.4,-7.62,15.01
1087,2017-11-15 17:31:30,3,2044,1762,64.7,77.1,72.1,12.4,0.3,15.92
1088,2017-11-15 17:31:31,3,2049,1752,64.7,77.1,72.0,12.4,-10.43,12.66
1089,2017-11-15 17:31:32,3,2049,1752,64.7,77.1,72.0,12.4,-10.43,12.66
1090,2017-11-15 17:31:33,3,2061,1741,64.7,77.1,72.0,12.4,-3.5,11.34
1091,2017-11-15 17:31:34,3,2069,1739,64.7,77.1,72.0,12.4,4.33,12.75
1092,2017-11-15 17:31:35,3,2069,1739,64.7,77.1,72.0,12.4,4.33,12.75
1093,2017-11-15 17:31:36,3,2071,1738,64.7,77.1,72.0,12.4,-2.13,12.42
1094,2017-11-15 17:31:37,3,2068,1739,64.7,77.1,72.0,12.4,8.26,12.5
1095,2017-11-15 17:31:38,3,2068,1748,64.7,77.1,72.0,12.4,10.9,13.46
1096,2017-11-15 17:31:39,3,2068,1748,64.7,77.1,72.0,12.4,10.9,13.46
1097,2017-11-15 17:31:40,3,2064,1754,64.7,77.1,72.0,12.4,8.08,11.53
1098,2017-11-15 17:31:41,3,2063,1757,64.7,77.1,72.0,12.4,-1.27,13.81
1099,2017-11-15 17:31:42,3,2063,1757,64.7,77.1,72.0,12.4,-1.27,13.81
1100,2017-11-15 17:31:43,3,2057,1760,64.7,77.1,72.0,12.4,2.57,15.94
1101,2017-11-15 17:31:44,3,2060,1766,64.7,77.1,72.0,12.4,-1.25,15.01
1102,2017-11-15 17:31:45,3,2040,1764,64.7,77.1,72.0,12.4,-0.1,14.34
1103,2017-11-15 17:31:46,3,2040,1764,64.7,77.1,72.0,12.4,-0.1,14.34
1104,2017-11-15 17:31:47,3,2042,1758,64.7,77.1,72.0,12.4,-2.49,14.45
1105,2017-11-15 17:31:48,3,2054,1759,64.7,77.1,72.0,12.4,-7.62,13.01
1106,2017-11-15 17:31:49,3,2060,1758,64.7,77.1,72.0,12.4,-2.33,15.92
1107,2017-11-15 17:31:50,3,2060,1758,64.7,77.1,72.0,12.4,-2.33,15.92
1108,2017-11-15 17:31:51,3,2056,1765,64.7,77.1,72.0,12.4,-15.5,13.85
1109,2017-11-15 17:31:52,3,2048,1757,64.7,77.1,72.0,12.4,-5.42,15.31
1110,2017-11-15 17:31:53,3,2048,1757,64.7,77.1,72.0,12.4,-5.42,15.31
1111,2017-11-15 17:31:54,3,2043,1741,64.7,77.1,72.0,12.4,-7.57,15.73
1112,2017-11-15 17:31:55,3,2030,1725,64.7,77.1,72.0,12.4,-0.11,12.88
1113,2017-11-15 17:31:56,3,2047,1724,64.7,77.1,72.0,12.4,-11.85,12.49
1114,2017-11-15 17:31:57,3,2047,1724,64.7,77.1,72.0,12.4,-11.85,12.49
1115,2017-11-15 17:31:58,3,2014,1728,64.7,77.1,72.0,12.4,1.69,14.41
1116,2017-11-15 17:31:59,3,2057,1737,64.7,77.1,72.0,12.4,-1.77,14.41
1117,2017-11-15 17:32:00,3,2055,1742,64.7,77.1,72.0,12.4,1.24,13.46
1118,2017-11-15 17:32:01,3,2055,1742,64.7,77.1,72.0,12.4,1.24,13.46
1119,2017-11-15 17:32:02,3,2055,1738,64.7,77.1,72.0,12.4,-1.0,13.24
1120,2017-11-15 17:32:03,3,2038,1734,64.7,77.1,72.0,12.4,-0.1,13.47
1121,2017-11-15 17:32:04,3,2038,1734,64.7,77.1,72.0,12.4,-0.1,13.47
1122,2017-11-15 17:32:05,3,2014,1733,64.7,77.1,72.0,12.4,0.05,14.77
1123,2017-11-15 17:32:06,3,2012,1735,64.7,77.1,72.0,12.4,3.32,11.46
1124,2017-11-15 17:32:07,3,2012,1735,64.7,77.1,72.0,12.4,3.32,11.46
1125,2017-11-15 17:32:08,3,2017,1736,64.7,77.1,72.0,12.4,0.08,14.18
1126,2017-11-15 17:32:09,3,1995,1735,64.7,77.1,72.0,12.4,-3.86,12.59
1127,2017-11-15 17:32:10,3,1971,1738,64.7,77.1,72.0,12.4,-4.87,12.56
1128,2017-11-15 17:32:11,3,1971,1738,64.7,77.1,72.0,12.4,-4.87,12.56
1129,2017-11-15 17:32:12,3,1987,1741,64.7,77.1,72.0,12.4,4.48,13.44
1130,2017-11-15 17:32:13,3,1996,1743,64.7,77.1,72.0,12.4,-2.0,10.62
1131,2017-11-15 17:32:14,3,2018,1745,64.7,77.1,72.0,12.4,-7.98,11.25
1132,2017-11-15 17:32:15,3,2018,1745,64.7,77.1,72.0,12.4,-7.98,11.25
1133,2017-11-15 17:32:16,3,2057,1746,64.7,77.1,72.0,12.4,-2.17,10.78
1134,2017-11-15 17:32:17,3,2060,1751,64.7,77.1,72.0,12.4,4.4,11.15
1135,2017-11-15 17:32:18,3,2060,1751,64.7,77.1,72.0,12.4,4.4,11.15
1136,2017-11-15 17:32:19,3,2059,1760,64.7,77.1,72.0,12.4,6.19,14.41
1137,2017-11-15 17:32:20,3,2060,1768,64.7,77.1,72.0,12.4,2.62,13.73
1138,2017-11-15 17:32:21,3,2052,1765,64.7,77.1,72.0,12.4,-5.64,13.27
1139,2017-11-15 17:32:22,3,2052,1765,64.7,77.1,72.0,12.4,-5.64,13.27
1140,2017-11-15 17:32:23,3,2055,1759,64.7,77.1,72.0,12.4,-6.36,13.07
1141,2017-11-15 17:32:26,3,2045,1750,64.7,77.1,72.0,12.4,8.33,13.33
1142,2017-11-15 17:32:27,3,2056,1750,64.7,77.1,72.0,12.4,5.63,13.19
1143,2017-11-15 17:32:28,3,2056,1746,64.7,77.1,72.0,12.4,3.38,13.74
1144,2017-11-15 17:32:29,3,2056,1746,64.7,77.1,72.0,12.4,3.38,13.74
1145,2017-11-15 17:32:30,3,2059,1744,64.7,77.1,72.0,12.4,2.46,13.86
1146,2017-11-15 17:32:31,3,2056,1742,64.7,77.1,72.0,12.4,8.87,12.35
1147,2017-11-15 17:32:33,3,2057,1741,64.7,77.1,72.0,12.4,1.09,12.48
1148,2017-11-15 17:32:34,3,2056,1742,64.7,77.1,72.0,12.4,-0.1,12.01
1149,2017-11-15 17:32:35,3,2050,1739,64.7,77.1,72.0,12.4,8.67,12.15
1150,2017-11-15 17:32:36,3,2050,1739,64.7,77.1,72.0,12.4,8.67,12.15
1151,2017-11-15 17:32:37,3,2061,1741,64.7,77.1,72.0,12.4,17.83,12.44
1152,2017-11-15 17:32:38,3,2059,1743,64.7,77.1,72.0,12.4,14.52,13.02
1153,2017-11-15 17:32:39,3,2049,1747,64.7,77.1,72.0,12.4,14.7,12.05
1154,2017-11-15 17:32:40,3,2049,1747,64.7,77.1,72.0,12.4,14.7,12.05
1155,2017-11-15 17:32:41,3,2058,1751,64.7,77.1,72.0,12.3,9.46,11.88
1156,2017-11-15 17:32:42,3,2049,1752,64.7,77.1,72.0,12.3,12.83,12.13
1157,2017-11-15 17:32:43,3,2049,1752,64.7,77.1,72.0,12.3,12.83,12.13
1158,2017-11-15 17:32:44,3,2056,1752,64.7,77.1,72.0,12.3,8.33,11.68
1159,2017-11-15 17:32:45,3,2047,1749,64.7,77.1,72.0,12.4,10.02,12.59
1160,2017-11-15 17:32:46,3,2057,1750,64.7,77.1,72.0,12.4,3.79,12.29
1161,2017-11-15 17:32:47,3,2057,1750,64.7,77.1,72.0,12.4,3.79,12.29
1162,2017-11-15 17:32:48,3,2059,1750,64.7,77.1,72.0,12.4,13.51,12.81
1163,2017-11-15 17:32:49,3,2049,1752,64.7,77.1,72.0,12.4,17.76,12.05
1164,2017-11-15 17:32:50,3,2057,1756,64.7,77.1,72.0,12.4,17.15,13.54
1165,2017-11-15 17:32:51,3,2057,1756,64.7,77.1,72.0,12.4,17.15,13.54
1166,2017-11-15 17:32:52,3,2056,1755,64.7,77.1,72.0,12.4,0.46,13.19
1167,2017-11-15 17:32:53,3,2054,1754,64.7,77.1,72.0,12.4,3.79,14.37
1168,2017-11-15 17:32:54,3,2054,1754,64.7,77.1,72.0,12.4,3.79,14.37
1169,2017-11-15 17:32:55,3,2043,1751,64.7,77.1,72.0,12.4,6.24,11.07
1170,2017-11-15 17:32:56,3,2046,1751,64.7,77.1,72.0,12.4,1.4,12.97
1171,2017-11-15 17:32:57,3,2050,1755,64.7,77.1,72.0,12.4,3.38,12.6
1172,2017-11-15 17:32:58,3,2050,1755,64.7,77.1,72.0,12.4,3.38,12.6
1173,2017-11-15 17:32:59,3,2054,1759,64.7,77.1,72.0,12.4,4.35,13.03
1174,2017-11-15 17:33:00,3,2062,1764,64.7,77.1,72.0,12.4,13.46,13.46
1175,2017-11-15 17:33:01,3,2062,1764,64.7,77.1,72.0,12.4,13.46,13.46
1176,2017-11-15 17:33:02,3,2061,1760,64.7,77.1,72.0,12.4,4.1,12.71
1177,2017-11-15 17:33:03,3,2054,1756,64.7,77.1,72.0,12.4,-5.87,11.63
1178,2017-11-15 17:33:04,3,2060,1753,64.7,77.1,72.0,12.4,4.57,12.15
1179,2017-11-15 17:33:05,3,2060,1753,64.7,77.1,72.0,12.4,4.57,12.15
1180,2017-11-15 17:33:06,3,2049,1753,64.7,77.1,72.0,12.4,9.37,12.49
1181,2017-11-15 17:33:07,3,2051,1748,64.7,77.1,72.0,12.4,9.28,12.57
1182,2017-11-15 17:33:08,3,2046,1737,64.7,77.1,72.0,12.4,5.54,13.98
1183,2017-11-15 17:33:09,3,2046,1737,64.7,77.1,72.0,12.4,5.54,13.98
1184,2017-11-15 17:33:10,3,2045,1733,64.7,77.1,72.0,12.4,1.49,12.63
1185,2017-11-15 17:33:11,3,1999,1734,64.7,77.1,72.0,12.4,2.51,12.43
1186,2017-11-15 17:33:12,3,1999,1734,64.7,77.1,72.0,12.4,2.51,12.43
1187,2017-11-15 17:33:13,3,2043,1745,64.7,77.1,72.0,12.4,14.47,13.61
1188,2017-11-15 17:33:14,3,2060,1754,64.7,77.1,72.0,12.4,3.4,14.22
1189,2017-11-15 17:33:15,3,2062,1759,64.7,77.1,72.0,12.4,-5.68,13.82
1190,2017-11-15 17:33:16,3,2062,1759,64.7,77.1,72.0,12.4,-5.68,13.82
1191,2017-11-15 17:33:17,3,2066,1768,64.7,77.1,72.0,12.4,-0.69,14.17
1192,2017-11-15 17:33:18,3,2056,1772,64.7,77.1,72.0,12.4,4.44,14.55
1193,2017-11-15 17:33:19,3,2055,1774,64.7,77.1,72.0,12.4,1.58,11.65
1194,2017-11-15 17:33:20,3,2055,1774,64.7,77.1,72.0,12.4,1.58,11.65
1195,2017-11-15 17:33:21,3,2046,1768,64.7,77.1,72.0,12.4,5.63,12.89
1196,2017-11-15 17:33:22,3,2051,1762,64.7,77.1,72.0,12.3,-2.06,14.86
1197,2017-11-15 17:33:23,3,2051,1762,64.7,77.1,72.0,12.3,-2.06,14.86
1198,2017-11-15 17:33:24,3,2046,1758,64.7,77.1,72.0,12.3,-1.88,12.29
1199,2017-11-15 17:33:25,3,2054,1757,64.7,77.1,72.0,12.3,-1.16,11.73
1200,2017-11-15 17:33:26,3,2066,1766,64.7,77.1,72.0,12.3,2.77,11.5
1201,2017-11-15 17:33:27,3,2066,1766,64.7,77.1,72.0,12.3,2.77,11.5
1202,2017-11-15 17:33:28,3,2054,1768,64.7,77.1,72.0,12.3,0.7,13.87
1203,2017-11-15 17:33:29,3,2053,1768,64.7,77.1,72.0,12.3,1.07,14.38
1204,2017-11-15 17:33:30,3,2053,1768,64.7,77.1,72.0,12.3,1.07,14.38
1205,2017-11-15 17:33:31,3,2060,1764,64.7,77.1,72.0,12.3,10.58,13.87
1206,2017-11-15 17:33:32,3,2060,1759,64.7,77.1,72.0,12.3,9.89,13.14
1207,2017-11-15 17:33:33,3,2058,1757,64.7,77.1,72.0,12.3,1.0,13.18
1208,2017-11-15 17:33:34,3,2058,1757,64.7,77.1,72.0,12.3,1.0,13.18
1209,2017-11-15 17:33:35,3,2051,1749,64.7,77.1,72.0,12.3,5.02,13.67
1210,2017-11-15 17:33:36,3,2065,1746,64.7,77.1,72.0,12.3,10.38,14.01
1211,2017-11-15 17:33:37,3,2065,1746,64.7,77.1,72.0,12.3,10.38,14.01
1212,2017-11-15 17:33:38,3,2065,1740,64.7,77.1,72.0,12.3,13.87,13.19
1213,2017-11-15 17:33:39,3,2066,1737,64.7,77.1,72.0,12.3,-5.03,13.89
1214,2017-11-15 17:33:40,3,2064,1736,64.7,77.1,72.0,12.3,4.17,12.91
1215,2017-11-15 17:33:41,3,2064,1736,64.7,77.1,72.0,12.3,4.17,12.91
1216,2017-11-15 17:33:42,3,2058,1733,64.7,77.1,72.0,12.3,6.78,12.69
1217,2017-11-15 17:33:43,3,2065,1739,64.7,77.1,72.0,12.3,13.58,14.49
1218,2017-11-15 17:33:44,3,2065,1739,64.7,77.1,72.0,12.3,13.58,14.49
1219,2017-11-15 17:33:45,3,2058,1738,64.7,77.1,72.0,12.4,5.57,12.98
1220,2017-11-15 17:33:46,3,2070,1740,64.7,77.1,72.0,12.4,-0.76,13.42
1221,2017-11-15 17:33:47,3,2035,1737,64.7,77.1,72.0,12.4,4.1,12.3
1222,2017-11-15 17:33:48,3,2035,1737,64.7,77.1,72.0,12.4,4.1,12.3
1223,2017-11-15 17:33:49,3,2018,1737,64.7,77.1,72.0,12.3,-0.49,11.65
1224,2017-11-15 17:33:50,3,2028,1743,64.7,77.1,72.0,12.3,-2.49,12.17
1225,2017-11-15 17:33:51,3,2066,1748,64.7,77.1,72.0,12.3,-4.96,14.39
1226,2017-11-15 17:33:53,3,2072,1756,64.7,77.1,72.0,12.3,0.1,12.38
1227,2017-11-15 17:33:54,3,2064,1760,64.7,77.1,72.0,12.3,11.87,12.68
1228,2017-11-15 17:33:55,3,2064,1760,64.7,77.1,72.0,12.3,11.87,12.68
1229,2017-11-15 17:33:56,3,2057,1767,64.7,77.1,72.0,12.3,6.53,12.54
1230,2017-11-15 17:33:57,3,2052,1761,64.7,77.1,72.0,12.3,-2.94,13.96
1231,2017-11-15 17:33:58,3,2042,1749,64.7,77.1,72.0,12.3,0.79,12.6
1232,2017-11-15 17:33:59,3,2042,1749,64.7,77.1,72.0,12.3,0.79,12.6
1233,2017-11-15 17:34:00,3,2040,1738,64.7,77.1,72.0,12.3,3.02,12.88
1234,2017-11-15 17:34:01,3,2060,1735,64.7,77.1,72.0,12.3,7.27,12.26
1235,2017-11-15 17:34:02,3,2060,1735,64.7,77.1,72.0,12.3,7.27,12.26
1236,2017-11-15 17:34:03,3,2064,1750,64.7,77.1,72.0,12.3,6.85,11.14
1237,2017-11-15 17:34:04,3,2060,1761,64.7,77.1,72.0,12.3,5.88,13.23
1238,2017-11-15 17:34:05,3,2071,1775,64.7,77.1,72.0,12.3,9.95,14.79
1239,2017-11-15 17:34:06,3,2071,1775,64.7,77.1,72.0,12.3,9.95,14.79
1240,2017-11-15 17:34:07,3,2067,1786,64.7,77.1,72.0,12.3,1.97,13.76
1241,2017-11-15 17:34:08,3,2052,1790,64.7,77.1,72.0,12.3,-0.58,14.17
1242,2017-11-15 17:34:09,3,2052,1790,64.7,77.1,72.0,12.3,-0.58,14.17
1243,2017-11-15 17:34:10,3,2053,1784,64.7,77.1,72.0,12.3,-2.9,15.85
1244,2017-11-15 17:34:11,3,2051,1772,64.7,77.1,72.0,12.3,-4.51,15.22
1245,2017-11-15 17:34:12,3,2054,1764,64.7,77.1,72.0,12.3,2.03,11.57
1246,2017-11-15 17:34:13,3,2054,1764,64.7,77.1,72.0,12.3,2.03,11.57
1247,2017-11-15 17:34:14,3,2058,1754,64.7,77.1,72.0,12.3,-0.42,11.04
1248,2017-11-15 17:34:15,3,2057,1752,64.7,77.1,72.0,12.4,-9.89,12.82
1249,2017-11-15 17:34:16,3,2069,1750,64.8,77.1,72.0,12.3,-2.78,12.75
1250,2017-11-15 17:34:17,3,2069,1750,64.8,77.1,72.0,12.3,-2.78,12.75
1251,2017-11-15 17:34:18,3,2051,1743,64.7,77.1,72.0,12.4,3.63,15.07
1252,2017-11-15 17:34:19,3,2051,1740,64.7,77.1,72.0,12.4,13.87,12.9
1253,2017-11-15 17:34:20,3,2051,1740,64.7,77.1,72.0,12.4,13.87,12.9
1254,2017-11-15 17:34:21,3,2067,1739,64.7,77.1,72.0,12.3,10.27,12.42
1255,2017-11-15 17:34:22,3,2067,1747,64.7,77.1,72.0,12.3,4.37,13.07
1256,2017-11-15 17:34:23,3,2067,1747,64.7,77.1,72.0,12.3,4.37,13.07
1257,2017-11-15 17:34:24,3,2062,1749,64.7,77.1,72.0,12.3,6.38,11.91
1258,2017-11-15 17:34:25,3,2070,1749,64.7,77.1,72.0,12.3,-5.06,12.1
1259,2017-11-15 17:34:26,3,2063,1753,64.7,77.1,72.0,12.3,-11.11,12.16
1260,2017-11-15 17:34:27,3,2063,1753,64.7,77.1,72.0,12.3,-11.11,12.16
1261,2017-11-15 17:34:28,3,2063,1749,64.8,77.1,72.1,12.3,-9.94,13.92
1262,2017-11-15 17:34:29,3,2045,1744,64.8,77.1,72.0,12.3,-8.29,13.69
1263,2017-11-15 17:34:30,3,2050,1740,64.8,77.1,72.0,12.3,-8.84,11.61
1264,2017-11-15 17:34:31,3,2050,1740,64.8,77.1,72.0,12.3,-8.84,11.61
1265,2017-11-15 17:34:32,3,2057,1740,64.7,77.1,72.0,12.3,-15.04,13.9
1266,2017-11-15 17:34:33,3,2062,1742,64.7,77.1,72.0,12.3,3.7,12.96
1267,2017-11-15 17:34:34,3,2062,1742,64.7,77.1,72.0,12.3,3.7,12.96
1268,2017-11-15 17:34:35,3,2062,1749,64.7,77.1,72.0,12.3,1.87,14.38
1269,2017-11-15 17:34:36,3,2052,1757,64.7,77.1,72.0,12.3,5.18,12.96
1270,2017-11-15 17:34:37,3,2045,1757,64.7,77.1,72.0,12.3,-0.22,11.31
1271,2017-11-15 17:34:38,3,2045,1757,64.7,77.1,72.0,12.3,-0.22,11.31
1272,2017-11-15 17:34:39,3,2048,1757,64.7,77.1,72.0,12.3,-5.73,13.17
1273,2017-11-15 17:34:40,3,2051,1752,64.7,77.1,72.0,12.3,-9.69,12.24
1274,2017-11-15 17:34:41,3,2051,1752,64.7,77.1,72.0,12.3,-9.69,12.24
1275,2017-11-15 17:34:42,3,2044,1751,64.7,77.1,72.0,12.3,-5.64,11.61
1276,2017-11-15 17:34:43,3,2055,1755,64.7,77.1,72.0,12.3,-4.04,11.39
1277,2017-11-15 17:34:44,3,2059,1758,64.7,77.1,72.0,12.3,-8.09,13.22
1278,2017-11-15 17:34:45,3,2059,1758,64.7,77.1,72.0,12.3,-8.09,13.22
1279,2017-11-15 17:34:46,3,2051,1765,64.7,77.1,72.0,12.3,-12.8,12.85
1280,2017-11-15 17:34:47,3,2049,1768,64.7,77.1,72.0,12.3,-5.87,14.25
1281,2017-11-15 17:34:48,3,2049,1768,64.7,77.1,72.0,12.3,-5.87,14.25
1282,2017-11-15 17:34:49,3,2050,1771,64.7,77.1,72.0,12.3,-3.61,14.0
1283,2017-11-15 17:34:50,3,2041,1762,64.7,77.1,72.0,12.3,-8.38,12.25
1284,2017-11-15 17:34:51,3,2039,1749,64.7,77.1,72.0,12.3,-4.02,16.42
1285,2017-11-15 17:34:52,3,2039,1749,64.7,77.1,72.0,12.3,-4.02,16.42
1286,2017-11-15 17:34:53,3,2039,1739,64.7,77.1,72.0,12.3,-2.4,13.53
1287,2017-11-15 17:34:54,3,2044,1729,64.7,77.1,72.0,12.3,3.47,12.79
1288,2017-11-15 17:34:55,3,2045,1727,64.7,77.1,72.0,12.3,8.56,11.04
1289,2017-11-15 17:34:56,3,2045,1727,64.7,77.1,72.0,12.3,8.56,11.04
1290,2017-11-15 17:34:57,3,2004,1727,64.7,77.1,72.0,12.3,3.16,12.15
1291,2017-11-15 17:34:58,3,2029,1733,64.7,77.1,72.0,12.3,-3.52,11.71
1292,2017-11-15 17:34:59,3,2029,1733,64.7,77.1,72.0,12.3,-3.52,11.71
1293,2017-11-15 17:35:00,3,2047,1737,64.7,77.1,72.0,12.3,10.42,11.4
1294,2017-11-15 17:35:01,3,2045,1735,64.7,77.1,72.0,12.3,4.03,12.51
1295,2017-11-15 17:35:02,3,2038,1740,64.7,77.1,72.0,12.3,2.19,12.75
1296,2017-11-15 17:35:03,3,2038,1740,64.7,77.1,72.0,12.3,2.19,12.75
1297,2017-11-15 17:35:04,3,2051,1743,64.7,77.1,72.0,12.3,-4.04,12.95
1298,2017-11-15 17:35:05,3,2059,1752,64.7,77.1,72.0,12.3,6.69,12.53
1299,2017-11-15 17:35:06,3,2059,1752,64.7,77.1,72.0,12.3,6.69,12.53
1300,2017-11-15 17:35:07,3,2048,1757,64.7,77.1,72.0,12.3,-3.3,11.08
1301,2017-11-15 17:35:08,3,2047,1752,64.7,77.1,72.0,12.3,-7.28,12.73
1302,2017-11-15 17:35:09,3,2049,1744,64.7,77.1,72.0,12.3,-3.5,11.37
1303,2017-11-15 17:35:10,3,2049,1744,64.7,77.1,72.0,12.3,-3.5,11.37
1304,2017-11-15 17:35:11,3,2040,1739,64.7,77.1,72.0,12.3,-0.4,12.38
1305,2017-11-15 17:35:12,3,2046,1739,64.7,77.1,72.0,12.3,-7.96,9.45
1306,2017-11-15 17:35:13,3,2046,1739,64.7,77.1,72.0,12.3,-7.96,9.45
1307,2017-11-15 17:35:14,3,2039,1738,64.7,77.1,72.1,12.3,-17.83,11.23
1308,2017-11-15 17:35:15,3,2044,1741,64.7,77.1,72.0,12.3,-17.57,7.84
1309,2017-11-15 17:35:16,3,2060,1746,64.7,77.2,72.1,12.3,-11.29,11.25
1310,2017-11-15 17:35:17,3,2060,1746,64.7,77.2,72.1,12.3,-11.29,11.25
1311,2017-11-15 17:35:18,3,2070,1754,64.7,77.1,72.1,12.3,4.58,11.52
1312,2017-11-15 17:35:19,3,2072,1765,64.7,77.1,72.0,12.3,-3.7,10.38
1313,2017-11-15 17:35:20,3,2052,1766,64.7,77.1,72.0,12.3,-0.78,11.19
1314,2017-11-15 17:35:21,3,2052,1766,64.7,77.1,72.0,12.3,-0.78,11.19
1315,2017-11-15 17:35:22,3,2062,1761,64.7,77.1,72.0,12.3,2.59,12.95
1316,2017-11-15 17:35:23,3,2053,1754,64.7,77.1,72.0,12.3,4.89,13.53
1317,2017-11-15 17:35:24,3,2053,1754,64.7,77.1,72.0,12.3,4.89,13.53
1318,2017-11-15 17:35:25,3,2052,1750,64.7,77.1,72.0,12.3,-10.86,11.09
1319,2017-11-15 17:35:26,3,2043,1745,64.7,77.1,72.0,12.3,-5.59,10.77
1320,2017-11-15 17:35:27,3,2054,1738,64.7,77.1,72.0,12.3,-1.88,11.95
1321,2017-11-15 17:35:28,3,2054,1738,64.7,77.1,72.0,12.3,-1.88,11.95
1322,2017-11-15 17:35:29,3,2066,1747,64.7,77.1,72.0,12.3,5.61,12.52
1323,2017-11-15 17:35:30,3,2067,1755,64.7,77.1,72.0,12.3,7.46,12.32
1324,2017-11-15 17:35:31,3,2067,1755,64.7,77.1,72.0,12.3,7.46,12.32
1325,2017-11-15 17:35:33,3,2069,1764,64.7,77.1,72.0,12.3,4.71,12.38
1326,2017-11-15 17:35:34,3,2062,1756,64.7,77.1,72.0,12.3,4.87,13.23
1327,2017-11-15 17:35:35,3,2062,1756,64.7,77.1,72.0,12.3,4.87,13.23
1328,2017-11-15 17:35:36,3,2062,1757,64.7,77.1,72.0,12.3,0.07,12.29
1329,2017-11-15 17:35:37,3,2065,1757,64.7,77.1,72.0,12.3,2.41,12.02
1330,2017-11-15 17:35:38,3,2068,1762,64.7,77.1,72.0,12.3,-3.98,13.03
1331,2017-11-15 17:35:39,3,2068,1762,64.7,77.1,72.0,12.3,-3.98,13.03
1332,2017-11-15 17:35:40,3,2070,1767,64.7,77.1,72.0,12.3,0.26,13.84
1333,2017-11-15 17:35:41,3,2068,1777,64.7,77.1,72.0,12.3,4.94,12.56
1334,2017-11-15 17:35:42,3,2068,1777,64.7,77.1,72.0,12.3,4.94,12.56
1335,2017-11-15 17:35:43,3,2066,1783,64.7,77.1,72.0,12.3,-7.4,13.75
1336,2017-11-15 17:35:44,3,2055,1780,64.7,77.2,72.0,12.3,-3.77,13.4
1337,2017-11-15 17:35:45,3,2055,1780,64.7,77.2,72.0,12.3,-3.77,13.4
1338,2017-11-15 17:35:46,3,2055,1775,64.7,77.1,72.1,12.3,-3.26,13.55
1339,2017-11-15 17:35:47,3,2056,1768,64.7,77.1,72.0,12.3,3.61,14.76
1340,2017-11-15 17:35:48,3,2054,1760,64.7,77.1,72.0,12.3,9.28,14.43
1341,2017-11-15 17:35:49,3,2054,1760,64.7,77.1,72.0,12.3,9.28,14.43
1342,2017-11-15 17:35:50,3,2060,1757,64.7,77.1,72.0,12.3,11.71,14.1
1343,2017-11-15 17:35:51,3,2060,1760,64.7,77.1,72.0,12.3,4.62,15.14
1344,2017-11-15 17:35:52,3,2066,1767,64.7,77.1,72.0,12.3,4.4,14.62
1345,2017-11-15 17:35:53,3,2066,1767,64.7,77.1,72.0,12.3,4.4,14.62
1346,2017-11-15 17:35:54,3,2059,1769,64.7,77.1,72.0,12.3,8.04,13.9
1347,2017-11-15 17:35:55,3,2050,1762,64.7,77.1,72.0,12.3,-7.49,12.87
1348,2017-11-15 17:35:56,3,2050,1762,64.7,77.1,72.0,12.3,-7.49,12.87
1349,2017-11-15 17:35:57,3,2049,1746,64.7,77.2,72.1,12.3,-4.83,12.91
1350,2017-11-15 17:35:58,3,2050,1735,64.7,77.1,72.0,12.3,-2.36,14.08
1351,2017-11-15 17:35:59,3,2053,1732,64.7,77.1,72.0,12.3,3.67,13.98
1352,2017-11-15 17:36:00,3,2053,1732,64.7,77.1,72.0,12.3,3.67,13.98
